xml,object_id,tier_1push,tier_hmax2,sr_1push,sr_hmax2,opener,setup,dead,blocked,tried
/common/users/dm1487/scratch_namo/real_buildable/pool1/easy/rb_00001/env.xml,obstacle_0_movable,easy,easy,0.8133,1.0,122,28,0,0,150
/common/users/dm1487/scratch_namo/real_buildable/pool1/easy/rb_00004/env.xml,obstacle_0_movable,easy,easy,0.7852,0.9259,106,19,0,10,135
/common/users/dm1487/scratch_namo/real_buildable/pool1/easy/rb_00007/env.xml,obstacle_0_movable,easy,easy,0.736,0.856,92,15,0,18,125
/common/users/dm1487/scratch_namo/real_buildable/pool1/easy/rb_00009/env.xml,obstacle_0_movable,easy,easy,0.9724,0.9793,141,1,0,3,145
/common/users/dm1487/scratch_namo/real_buildable/pool1/easy/rb_00012/env.xml,obstacle_0_movable,easy,easy,0.8069,0.8345,117,4,0,24,145
/common/users/dm1487/scratch_namo/real_buildable/pool1/easy/rb_00014/env.xml,obstacle_0_movable,easy,easy,0.76,0.9867,57,17,0,1,75
/common/users/dm1487/scratch_namo/real_buildable/pool1/easy/rb_00025/env.xml,obstacle_0_movable,easy,easy,0.78,0.8733,117,14,0,19,150
/common/users/dm1487/scratch_namo/real_buildable/pool1/easy/rb_00026/env.xml,obstacle_0_movable,easy,easy,0.7913,0.9478,91,18,0,6,115
/common/users/dm1487/scratch_namo/real_buildable/pool1/easy/rb_00028/env.xml,obstacle_0_movable,easy,easy,0.7926,0.9481,107,21,0,7,135
/common/users/dm1487/scratch_namo/real_buildable/pool1/easy/rb_00030/env.xml,obstacle_0_movable,easy,easy,0.79,0.95,79,16,0,5,100
/common/users/dm1487/scratch_namo/real_buildable/pool1/easy/rb_00031/env.xml,obstacle_0_movable,easy,easy,0.8276,0.931,120,15,0,10,145
/common/users/dm1487/scratch_namo/real_buildable/pool1/easy/rb_00032/env.xml,obstacle_0_movable,easy,easy,0.8706,0.8824,74,1,0,10,85
/common/users/dm1487/scratch_namo/real_buildable/pool1/easy/rb_00034/env.xml,obstacle_0_movable,easy,easy,0.8207,0.9103,119,13,0,13,145
/common/users/dm1487/scratch_namo/real_buildable/pool1/easy/rb_00035/env.xml,obstacle_0_movable,easy,easy,0.6235,0.8824,53,22,0,10,85
/common/users/dm1487/scratch_namo/real_buildable/pool1/easy/rb_00038/env.xml,obstacle_0_movable,easy,easy,0.9417,0.975,113,4,0,3,120
/common/users/dm1487/scratch_namo/real_buildable/pool1/easy/rb_00045/env.xml,obstacle_0_movable,easy,easy,0.824,0.92,103,12,0,10,125
/common/users/dm1487/scratch_namo/real_buildable/pool1/easy/rb_00052/env.xml,obstacle_0_movable,easy,easy,0.6769,0.8154,88,18,0,24,130
/common/users/dm1487/scratch_namo/real_buildable/pool1/easy/rb_00060/env.xml,obstacle_0_movable,easy,easy,0.8,1.0,84,21,0,0,105
/common/users/dm1487/scratch_namo/real_buildable/pool1/easy/rb_00061/env.xml,obstacle_0_movable,easy,easy,0.8857,0.9786,124,13,0,3,140
/common/users/dm1487/scratch_namo/real_buildable/pool1/easy/rb_00064/env.xml,obstacle_0_movable,easy,easy,0.8533,0.9533,128,15,0,7,150
/common/users/dm1487/scratch_namo/real_buildable/pool1/easy/rb_00065/env.xml,obstacle_0_movable,easy,easy,0.56,1.0,42,33,0,0,75
/common/users/dm1487/scratch_namo/real_buildable/pool1/easy/rb_00066/env.xml,obstacle_0_movable,easy,easy,0.9769,1.0,127,3,0,0,130
/common/users/dm1487/scratch_namo/real_buildable/pool1/easy/rb_00070/env.xml,obstacle_0_movable,easy,easy,0.7185,0.963,97,33,0,5,135
/common/users/dm1487/scratch_namo/real_buildable/pool1/easy/rb_00071/env.xml,obstacle_0_movable,easy,easy,0.9286,0.9714,130,6,0,4,140
/common/users/dm1487/scratch_namo/real_buildable/pool1/easy/rb_00073/env.xml,obstacle_0_movable,easy,easy,0.575,0.8083,69,28,0,23,120
/common/users/dm1487/scratch_namo/real_buildable/pool1/easy/rb_00075/env.xml,obstacle_0_movable,easy,easy,0.9517,0.9586,138,1,0,6,145
/common/users/dm1487/scratch_namo/real_buildable/pool1/easy/rb_00078/env.xml,obstacle_0_movable,easy,easy,0.7778,0.8667,105,12,0,18,135
/common/users/dm1487/scratch_namo/real_buildable/pool1/easy/rb_00080/env.xml,obstacle_0_movable,easy,easy,0.8933,0.9933,134,15,0,1,150
/common/users/dm1487/scratch_namo/real_buildable/pool1/easy/rb_00081/env.xml,obstacle_0_movable,easy,easy,0.6174,1.0,71,44,0,0,115
/common/users/dm1487/scratch_namo/real_buildable/pool1/easy/rb_00085/env.xml,obstacle_0_movable,easy,easy,0.7043,0.7391,81,4,0,30,115
/common/users/dm1487/scratch_namo/real_buildable/pool1/easy/rb_00088/env.xml,obstacle_0_movable,easy,easy,0.8933,0.8933,134,0,0,16,150
/common/users/dm1487/scratch_namo/real_buildable/pool1/easy/rb_00091/env.xml,obstacle_0_movable,easy,easy,0.7895,0.7895,75,0,0,20,95
/common/users/dm1487/scratch_namo/real_buildable/pool1/easy/rb_00092/env.xml,obstacle_0_movable,easy,easy,0.8357,0.9286,117,13,0,10,140
/common/users/dm1487/scratch_namo/real_buildable/pool1/easy/rb_00097/env.xml,obstacle_0_movable,easy,easy,0.8,0.9724,116,25,0,4,145
/common/users/dm1487/scratch_namo/real_buildable/pool1/easy/rb_00099/env.xml,obstacle_0_movable,easy,easy,0.8333,0.9267,125,14,0,11,150
/common/users/dm1487/scratch_namo/real_buildable/pool1/easy/rb_00101/env.xml,obstacle_0_movable,easy,easy,0.944,0.984,118,5,0,2,125
/common/users/dm1487/scratch_namo/real_buildable/pool1/easy/rb_00106/env.xml,obstacle_0_movable,easy,easy,0.6267,1.0,47,28,0,0,75
/common/users/dm1487/scratch_namo/real_buildable/pool1/easy/rb_00108/env.xml,obstacle_0_movable,easy,easy,0.837,0.9556,113,16,0,6,135
/common/users/dm1487/scratch_namo/real_buildable/pool1/easy/rb_00111/env.xml,obstacle_0_movable,easy,easy,0.8593,0.9111,116,7,0,12,135
/common/users/dm1487/scratch_namo/real_buildable/pool1/easy/rb_00115/env.xml,obstacle_0_movable,easy,easy,0.85,0.9357,119,12,0,9,140
/common/users/dm1487/scratch_namo/real_buildable/pool1/easy/rb_00116/env.xml,obstacle_0_movable,easy,easy,0.7571,0.9429,106,26,0,8,140
/common/users/dm1487/scratch_namo/real_buildable/pool1/easy/rb_00119/env.xml,obstacle_0_movable,easy,easy,0.9333,0.9778,126,6,0,3,135
/common/users/dm1487/scratch_namo/real_buildable/pool1/easy/rb_00120/env.xml,obstacle_0_movable,easy,easy,0.7655,0.9241,111,23,0,11,145
/common/users/dm1487/scratch_namo/real_buildable/pool1/easy/rb_00122/env.xml,obstacle_0_movable,easy,easy,0.672,0.872,84,25,0,16,125
/common/users/dm1487/scratch_namo/real_buildable/pool1/easy/rb_00123/env.xml,obstacle_0_movable,easy,easy,0.5067,1.0,38,37,0,0,75
/common/users/dm1487/scratch_namo/real_buildable/pool1/easy/rb_00128/env.xml,obstacle_0_movable,easy,easy,0.688,0.824,86,17,0,22,125
/common/users/dm1487/scratch_namo/real_buildable/pool1/easy/rb_00131/env.xml,obstacle_0_movable,easy,easy,0.8182,0.9545,90,15,0,5,110
/common/users/dm1487/scratch_namo/real_buildable/pool1/easy/rb_00132/env.xml,obstacle_0_movable,easy,easy,0.8533,0.9533,128,15,0,7,150
/common/users/dm1487/scratch_namo/real_buildable/pool1/easy/rb_00136/env.xml,obstacle_0_movable,easy,easy,0.8593,0.9407,116,11,0,8,135
/common/users/dm1487/scratch_namo/real_buildable/pool1/easy/rb_00138/env.xml,obstacle_0_movable,easy,easy,0.513,0.8261,59,36,0,20,115
/common/users/dm1487/scratch_namo/real_buildable/pool1/easy/rb_00142/env.xml,obstacle_0_movable,easy,easy,0.5556,0.8222,50,24,0,16,90
/common/users/dm1487/scratch_namo/real_buildable/pool1/easy/rb_00145/env.xml,obstacle_0_movable,easy,easy,0.792,0.864,99,9,0,17,125
/common/users/dm1487/scratch_namo/real_buildable/pool1/easy/rb_00147/env.xml,obstacle_0_movable,easy,easy,0.9529,0.9765,81,2,0,2,85
/common/users/dm1487/scratch_namo/real_buildable/pool1/easy/rb_00148/env.xml,obstacle_0_movable,easy,easy,0.9926,0.9926,134,0,0,1,135
/common/users/dm1487/scratch_namo/real_buildable/pool1/easy/rb_00149/env.xml,obstacle_0_movable,easy,easy,0.7929,0.9143,111,17,0,12,140
/common/users/dm1487/scratch_namo/real_buildable/pool1/easy/rb_00150/env.xml,obstacle_0_movable,easy,easy,0.896,0.92,112,3,0,10,125
/common/users/dm1487/scratch_namo/real_buildable/pool1/easy/rb_00151/env.xml,obstacle_0_movable,easy,easy,0.9111,0.9444,82,3,0,5,90
/common/users/dm1487/scratch_namo/real_buildable/pool1/easy/rb_00152/env.xml,obstacle_0_movable,easy,easy,0.7185,0.8222,97,14,0,24,135
/common/users/dm1487/scratch_namo/real_buildable/pool1/easy/rb_00154/env.xml,obstacle_0_movable,easy,easy,0.4706,1.0,40,45,0,0,85
/common/users/dm1487/scratch_namo/real_buildable/pool1/easy/rb_00155/env.xml,obstacle_0_movable,easy,easy,0.9,0.975,108,9,0,3,120
/common/users/dm1487/scratch_namo/real_buildable/pool1/easy/rb_00159/env.xml,obstacle_0_movable,easy,easy,0.5071,0.7143,71,29,0,40,140
/common/users/dm1487/scratch_namo/real_buildable/pool1/easy/rb_00162/env.xml,obstacle_0_movable,easy,easy,0.54,0.8,81,39,0,30,150
/common/users/dm1487/scratch_namo/real_buildable/pool1/easy/rb_00163/env.xml,obstacle_0_movable,easy,easy,0.7714,1.0,81,24,0,0,105
/common/users/dm1487/scratch_namo/real_buildable/pool1/easy/rb_00171/env.xml,obstacle_0_movable,easy,easy,0.55,0.7857,77,33,0,30,140
/common/users/dm1487/scratch_namo/real_buildable/pool1/easy/rb_00172/env.xml,obstacle_0_movable,easy,easy,0.8133,0.92,61,8,0,6,75
/common/users/dm1487/scratch_namo/real_buildable/pool1/easy/rb_00173/env.xml,obstacle_0_movable,easy,easy,0.7923,0.9615,103,22,0,5,130
/common/users/dm1487/scratch_namo/real_buildable/pool1/easy/rb_00175/env.xml,obstacle_0_movable,easy,easy,0.96,0.9733,72,1,0,2,75
/common/users/dm1487/scratch_namo/real_buildable/pool1/easy/rb_00177/env.xml,obstacle_0_movable,easy,easy,0.7111,1.0,96,39,0,0,135
/common/users/dm1487/scratch_namo/real_buildable/pool1/easy/rb_00178/env.xml,obstacle_0_movable,easy,easy,0.8167,1.0,98,22,0,0,120
/common/users/dm1487/scratch_namo/real_buildable/pool1/easy/rb_00180/env.xml,obstacle_0_movable,easy,easy,0.8,0.888,100,11,0,14,125
/common/users/dm1487/scratch_namo/real_buildable/pool1/easy/rb_00184/env.xml,obstacle_0_movable,easy,easy,0.5926,0.8889,80,40,0,15,135
/common/users/dm1487/scratch_namo/real_buildable/pool1/easy/rb_00186/env.xml,obstacle_0_movable,easy,easy,0.8733,0.9667,131,14,0,5,150
/common/users/dm1487/scratch_namo/real_buildable/pool1/easy/rb_00187/env.xml,obstacle_0_movable,easy,easy,0.675,0.875,81,24,0,15,120
/common/users/dm1487/scratch_namo/real_buildable/pool1/easy/rb_00189/env.xml,obstacle_0_movable,easy,easy,0.7091,0.8091,78,11,0,21,110
/common/users/dm1487/scratch_namo/real_buildable/pool1/easy/rb_00190/env.xml,obstacle_0_movable,easy,easy,0.7,0.8,105,15,0,30,150
/common/users/dm1487/scratch_namo/real_buildable/pool1/easy/rb_00192/env.xml,obstacle_0_movable,easy,easy,0.7333,0.7556,66,2,0,22,90
/common/users/dm1487/scratch_namo/real_buildable/pool1/easy/rb_00197/env.xml,obstacle_0_movable,easy,easy,0.5,1.0,55,55,0,0,110
/common/users/dm1487/scratch_namo/real_buildable/pool1/easy/rb_00199/env.xml,obstacle_0_movable,easy,easy,0.512,0.784,64,34,0,27,125
/common/users/dm1487/scratch_namo/real_buildable/pool1/hard/rb_00000/env.xml,obstacle_0_movable,med,easy,0.1053,0.7053,10,57,8,20,95
/common/users/dm1487/scratch_namo/real_buildable/pool1/hard/rb_00002/env.xml,obstacle_0_movable,med,easy,0.15,0.64,15,49,0,36,100
/common/users/dm1487/scratch_namo/real_buildable/pool1/hard/rb_00003/env.xml,obstacle_0_movable,unsolvable,med,0.0,0.287,0,33,45,37,115
/common/users/dm1487/scratch_namo/real_buildable/pool1/hard/rb_00005/env.xml,obstacle_0_movable,med,easy,0.2667,0.7733,20,38,0,17,75
/common/users/dm1487/scratch_namo/real_buildable/pool1/hard/rb_00006/env.xml,obstacle_0_movable,hard,easy,0.0133,0.4133,2,60,86,2,150
/common/users/dm1487/scratch_namo/real_buildable/pool1/hard/rb_00009/env.xml,obstacle_0_movable,med,easy,0.0522,0.7304,6,78,19,12,115
/common/users/dm1487/scratch_namo/real_buildable/pool1/hard/rb_00014/env.xml,obstacle_0_movable,med,easy,0.0522,0.8348,6,90,0,19,115
/common/users/dm1487/scratch_namo/real_buildable/pool1/hard/rb_00015/env.xml,obstacle_0_movable,med,easy,0.0957,0.8609,11,88,12,4,115
/common/users/dm1487/scratch_namo/real_buildable/pool1/hard/rb_00016/env.xml,obstacle_0_movable,med,easy,0.2,0.5467,15,26,0,34,75
/common/users/dm1487/scratch_namo/real_buildable/pool1/hard/rb_00017/env.xml,obstacle_0_movable,unsolvable,hard,0.0,0.0483,0,7,77,61,145
/common/users/dm1487/scratch_namo/real_buildable/pool1/hard/rb_00019/env.xml,obstacle_0_movable,unsolvable,med,0.0,0.0552,0,8,111,26,145
/common/users/dm1487/scratch_namo/real_buildable/pool1/hard/rb_00020/env.xml,obstacle_0_movable,unsolvable,unsolvable,0.0,0.0,0,0,48,17,65
/common/users/dm1487/scratch_namo/real_buildable/pool1/hard/rb_00025/env.xml,obstacle_0_movable,med,easy,0.28,0.8667,21,44,0,10,75
/common/users/dm1487/scratch_namo/real_buildable/pool1/hard/rb_00028/env.xml,obstacle_0_movable,med,easy,0.18,0.44,9,13,4,24,50
/common/users/dm1487/scratch_namo/real_buildable/pool1/hard/rb_00029/env.xml,obstacle_0_movable,med,easy,0.2267,0.7333,17,38,0,20,75
/common/users/dm1487/scratch_namo/real_buildable/pool1/hard/rb_00030/env.xml,obstacle_0_movable,easy,easy,0.32,0.8,8,12,0,5,25
/common/users/dm1487/scratch_namo/real_buildable/pool1/hard/rb_00033/env.xml,obstacle_0_movable,hard,easy,0.0211,0.4211,2,38,4,51,95
/common/users/dm1487/scratch_namo/real_buildable/pool1/hard/rb_00037/env.xml,obstacle_0_movable,med,easy,0.1636,0.8273,18,73,7,12,110
/common/users/dm1487/scratch_namo/real_buildable/pool1/hard/rb_00038/env.xml,obstacle_0_movable,med,easy,0.0667,0.56,5,37,0,33,75
/common/users/dm1487/scratch_namo/real_buildable/pool1/hard/rb_00041/env.xml,obstacle_0_movable,med,easy,0.12,0.5333,9,31,0,35,75
/common/users/dm1487/scratch_namo/real_buildable/pool1/hard/rb_00044/env.xml,obstacle_0_movable,med,easy,0.28,0.7467,21,35,0,19,75
/common/users/dm1487/scratch_namo/real_buildable/pool1/hard/rb_00045/env.xml,obstacle_0_movable,unsolvable,med,0.0,0.2091,0,23,63,24,110
/common/users/dm1487/scratch_namo/real_buildable/pool1/hard/rb_00048/env.xml,obstacle_0_movable,med,easy,0.15,0.3,3,3,0,14,20
/common/users/dm1487/scratch_namo/real_buildable/pool1/hard/rb_00052/env.xml,obstacle_0_movable,unsolvable,easy,0.0,0.3455,0,19,30,6,55
/common/users/dm1487/scratch_namo/real_buildable/pool1/hard/rb_00059/env.xml,obstacle_0_movable,med,easy,0.24,0.7067,18,35,0,22,75
/common/users/dm1487/scratch_namo/real_buildable/pool1/hard/rb_00060/env.xml,obstacle_0_movable,unsolvable,med,0.0,0.2667,0,4,11,0,15
/common/users/dm1487/scratch_namo/real_buildable/pool1/hard/rb_00062/env.xml,obstacle_0_movable,unsolvable,med,0.0,0.2286,0,8,22,5,35
/common/users/dm1487/scratch_namo/real_buildable/pool1/hard/rb_00064/env.xml,obstacle_0_movable,unsolvable,med,0.0,0.25,0,30,61,29,120
/common/users/dm1487/scratch_namo/real_buildable/pool1/hard/rb_00065/env.xml,obstacle_0_movable,hard,easy,0.0345,0.331,5,43,89,8,145
/common/users/dm1487/scratch_namo/real_buildable/pool1/hard/rb_00066/env.xml,obstacle_0_movable,unsolvable,med,0.0,0.0667,0,7,72,26,105
/common/users/dm1487/scratch_namo/real_buildable/pool1/hard/rb_00068/env.xml,obstacle_0_movable,med,easy,0.05,0.3333,3,17,30,10,60
/common/users/dm1487/scratch_namo/real_buildable/pool1/hard/rb_00070/env.xml,obstacle_0_movable,hard,easy,0.0455,0.6273,5,64,15,26,110
/common/users/dm1487/scratch_namo/real_buildable/pool1/hard/rb_00071/env.xml,obstacle_0_movable,med,easy,0.15,0.91,15,76,3,6,100
/common/users/dm1487/scratch_namo/real_buildable/pool1/hard/rb_00077/env.xml,obstacle_0_movable,med,easy,0.1429,0.8571,15,75,3,12,105
/common/users/dm1487/scratch_namo/real_buildable/pool1/hard/rb_00079/env.xml,obstacle_0_movable,med,easy,0.0783,0.7913,9,82,11,13,115
/common/users/dm1487/scratch_namo/real_buildable/pool1/hard/rb_00084/env.xml,obstacle_0_movable,unsolvable,med,0.0,0.1467,0,22,111,17,150
/common/users/dm1487/scratch_namo/real_buildable/pool1/hard/rb_00085/env.xml,obstacle_0_movable,unsolvable,med,0.0,0.2538,0,33,77,20,130
/common/users/dm1487/scratch_namo/real_buildable/pool1/hard/rb_00087/env.xml,obstacle_0_movable,med,easy,0.14,0.78,7,32,2,9,50
/common/users/dm1487/scratch_namo/real_buildable/pool1/hard/rb_00088/env.xml,obstacle_0_movable,hard,easy,0.03,0.63,3,60,0,37,100
/common/users/dm1487/scratch_namo/real_buildable/pool1/hard/rb_00091/env.xml,obstacle_0_movable,med,easy,0.09,0.76,9,67,5,19,100
/common/users/dm1487/scratch_namo/real_buildable/pool1/hard/rb_00093/env.xml,obstacle_0_movable,unsolvable,easy,0.0,0.4417,0,53,16,51,120
/common/users/dm1487/scratch_namo/real_buildable/pool1/hard/rb_00094/env.xml,obstacle_0_movable,hard,easy,0.0286,0.3714,1,12,1,21,35
/common/users/dm1487/scratch_namo/real_buildable/pool1/hard/rb_00096/env.xml,obstacle_0_movable,unsolvable,med,0.0,0.06,0,9,114,27,150
/common/users/dm1487/scratch_namo/real_buildable/pool1/hard/rb_00097/env.xml,obstacle_0_movable,unsolvable,unsolvable,0.0,0.0,0,0,0,5,5
/common/users/dm1487/scratch_namo/real_buildable/pool1/hard/rb_00099/env.xml,obstacle_0_movable,med,easy,0.0824,0.6824,7,51,0,27,85
/common/users/dm1487/scratch_namo/real_buildable/pool1/hard/rb_00101/env.xml,obstacle_0_movable,med,easy,0.1286,0.8429,9,50,1,10,70
/common/users/dm1487/scratch_namo/real_buildable/pool1/hard/rb_00102/env.xml,obstacle_0_movable,med,easy,0.2667,0.7867,20,39,0,16,75
/common/users/dm1487/scratch_namo/real_buildable/pool1/hard/rb_00106/env.xml,obstacle_0_movable,med,easy,0.0857,0.8095,9,76,8,12,105
/common/users/dm1487/scratch_namo/real_buildable/pool1/hard/rb_00107/env.xml,obstacle_0_movable,easy,easy,0.4,1.0,18,27,0,0,45
/common/users/dm1487/scratch_namo/real_buildable/pool1/hard/rb_00108/env.xml,obstacle_0_movable,hard,easy,0.0364,0.4909,4,50,27,29,110
/common/users/dm1487/scratch_namo/real_buildable/pool1/hard/rb_00109/env.xml,obstacle_0_movable,med,easy,0.2933,0.8267,22,40,0,13,75
/common/users/dm1487/scratch_namo/real_buildable/pool1/hard/rb_00110/env.xml,obstacle_0_movable,hard,easy,0.0074,0.637,1,85,40,9,135
/common/users/dm1487/scratch_namo/real_buildable/pool1/hard/rb_00111/env.xml,obstacle_0_movable,med,easy,0.0533,0.76,4,53,0,18,75
/common/users/dm1487/scratch_namo/real_buildable/pool1/hard/rb_00113/env.xml,obstacle_0_movable,unsolvable,easy,0.0,0.4,0,48,42,30,120
/common/users/dm1487/scratch_namo/real_buildable/pool1/hard/rb_00114/env.xml,obstacle_0_movable,unsolvable,med,0.0,0.2235,0,19,52,14,85
/common/users/dm1487/scratch_namo/real_buildable/pool1/hard/rb_00115/env.xml,obstacle_0_movable,med,easy,0.1875,0.7,15,41,0,24,80
/common/users/dm1487/scratch_namo/real_buildable/pool1/hard/rb_00118/env.xml,obstacle_0_movable,hard,easy,0.04,0.6933,3,49,0,23,75
/common/users/dm1487/scratch_namo/real_buildable/pool1/hard/rb_00121/env.xml,obstacle_0_movable,unsolvable,easy,0.0,0.7067,0,53,5,17,75
/common/users/dm1487/scratch_namo/real_buildable/pool1/hard/rb_00124/env.xml,obstacle_0_movable,med,easy,0.0692,0.7231,9,85,29,7,130
/common/users/dm1487/scratch_namo/real_buildable/pool1/hard/rb_00125/env.xml,obstacle_0_movable,med,easy,0.08,0.7867,6,53,0,16,75
/common/users/dm1487/scratch_namo/real_buildable/pool1/hard/rb_00126/env.xml,obstacle_0_movable,unsolvable,med,0.0,0.2429,0,17,48,5,70
/common/users/dm1487/scratch_namo/real_buildable/pool1/hard/rb_00127/env.xml,obstacle_0_movable,easy,easy,0.4,1.0,16,24,0,0,40
/common/users/dm1487/scratch_namo/real_buildable/pool1/hard/rb_00128/env.xml,obstacle_0_movable,med,easy,0.2286,0.6143,16,27,0,27,70
/common/users/dm1487/scratch_namo/real_buildable/pool1/hard/rb_00133/env.xml,obstacle_0_movable,easy,easy,0.3,1.0,15,35,0,0,50
/common/users/dm1487/scratch_namo/real_buildable/pool1/hard/rb_00134/env.xml,obstacle_0_movable,med,easy,0.2933,0.84,22,41,0,12,75
/common/users/dm1487/scratch_namo/real_buildable/pool1/hard/rb_00135/env.xml,obstacle_0_movable,unsolvable,med,0.0,0.287,0,33,71,11,115
/common/users/dm1487/scratch_namo/real_buildable/pool1/hard/rb_00136/env.xml,obstacle_0_movable,med,easy,0.125,0.7875,10,53,0,17,80
/common/users/dm1487/scratch_namo/real_buildable/pool1/hard/rb_00138/env.xml,obstacle_0_movable,unsolvable,med,0.0,0.06,0,9,92,49,150
/common/users/dm1487/scratch_namo/real_buildable/pool1/hard/rb_00145/env.xml,obstacle_0_movable,unsolvable,unsolvable,0.0,0.0,0,0,68,32,100
/common/users/dm1487/scratch_namo/real_buildable/pool1/hard/rb_00153/env.xml,obstacle_0_movable,unsolvable,easy,0.0,0.3,0,15,25,10,50
/common/users/dm1487/scratch_namo/real_buildable/pool1/hard/rb_00155/env.xml,obstacle_0_movable,med,easy,0.1867,0.48,14,22,0,39,75
/common/users/dm1487/scratch_namo/real_buildable/pool1/hard/rb_00157/env.xml,obstacle_0_movable,med,easy,0.1176,0.7647,10,55,0,20,85
/common/users/dm1487/scratch_namo/real_buildable/pool1/hard/rb_00165/env.xml,obstacle_0_movable,easy,easy,0.6,1.0,18,12,0,0,30
/common/users/dm1487/scratch_namo/real_buildable/pool1/hard/rb_00170/env.xml,obstacle_0_movable,unsolvable,unsolvable,0.0,0.0,0,0,36,14,50
/common/users/dm1487/scratch_namo/real_buildable/pool1/hard/rb_00171/env.xml,obstacle_0_movable,unsolvable,easy,0.0,0.5655,0,82,52,11,145
/common/users/dm1487/scratch_namo/real_buildable/pool1/hard/rb_00172/env.xml,obstacle_0_movable,hard,easy,0.0444,0.6444,4,54,4,28,90
/common/users/dm1487/scratch_namo/real_buildable/pool1/hard/rb_00174/env.xml,obstacle_0_movable,easy,easy,0.4364,0.8364,24,22,0,9,55
/common/users/dm1487/scratch_namo/real_buildable/pool1/hard/rb_00176/env.xml,obstacle_0_movable,med,easy,0.0778,0.7,7,56,3,24,90
/common/users/dm1487/scratch_namo/real_buildable/pool1/hard/rb_00177/env.xml,obstacle_0_movable,unsolvable,easy,0.0,0.4533,0,34,24,17,75
/common/users/dm1487/scratch_namo/real_buildable/pool1/hard/rb_00179/env.xml,obstacle_0_movable,med,easy,0.15,0.5625,12,33,14,21,80
/common/users/dm1487/scratch_namo/real_buildable/pool1/hard/rb_00184/env.xml,obstacle_0_movable,hard,easy,0.0174,0.6522,2,73,2,38,115
/common/users/dm1487/scratch_namo/real_buildable/pool1/hard/rb_00186/env.xml,obstacle_0_movable,med,easy,0.2889,0.9778,13,31,1,0,45
/common/users/dm1487/scratch_namo/real_buildable/pool1/hard/rb_00188/env.xml,obstacle_0_movable,easy,easy,0.3143,0.6714,22,25,0,23,70
/common/users/dm1487/scratch_namo/real_buildable/pool1/hard/rb_00189/env.xml,obstacle_0_movable,unsolvable,easy,0.0,0.3286,0,23,45,2,70
/common/users/dm1487/scratch_namo/real_buildable/pool1/hard/rb_00191/env.xml,obstacle_0_movable,med,easy,0.0556,0.9111,5,77,0,8,90
/common/users/dm1487/scratch_namo/real_buildable/pool1/hard/rb_00194/env.xml,obstacle_0_movable,med,easy,0.2,0.5,2,3,0,5,10
/common/users/dm1487/scratch_namo/real_buildable/pool1/hard/rb_00196/env.xml,obstacle_0_movable,hard,easy,0.0308,0.8154,4,102,9,15,130
/common/users/dm1487/scratch_namo/real_buildable/pool1/hard/rb_00197/env.xml,obstacle_0_movable,med,easy,0.1067,0.8,8,52,0,15,75
/common/users/dm1487/scratch_namo/real_buildable/pool1/hard/rb_00198/env.xml,obstacle_0_movable,med,easy,0.075,0.6625,6,47,1,26,80
/common/users/dm1487/scratch_namo/real_buildable/pool1/hard/rb_00199/env.xml,obstacle_0_movable,unsolvable,unsolvable,0.0,0.0,0,0,40,10,50
/common/users/dm1487/scratch_namo/real_buildable/pool1/hard/rb_00200/env.xml,obstacle_0_movable,easy,easy,0.3333,1.0,15,30,0,0,45
/common/users/dm1487/scratch_namo/real_buildable/pool1/hard/rb_00203/env.xml,obstacle_0_movable,med,easy,0.0857,0.8667,9,82,0,14,105
/common/users/dm1487/scratch_namo/real_buildable/pool1/hard/rb_00204/env.xml,obstacle_0_movable,med,easy,0.0909,0.9273,10,92,0,8,110
/common/users/dm1487/scratch_namo/real_buildable/pool1/hard/rb_00205/env.xml,obstacle_0_movable,med,easy,0.2533,0.7067,19,34,0,22,75
/common/users/dm1487/scratch_namo/real_buildable/pool1/hard/rb_00207/env.xml,obstacle_0_movable,unsolvable,hard,0.0,0.0462,0,6,107,17,130
/common/users/dm1487/scratch_namo/real_buildable/pool1/hard/rb_00208/env.xml,obstacle_0_movable,med,easy,0.25,0.7125,20,37,1,22,80
/common/users/dm1487/scratch_namo/real_buildable/pool1/hard/rb_00211/env.xml,obstacle_0_movable,unsolvable,easy,0.0,0.5625,0,45,27,8,80
/common/users/dm1487/scratch_namo/real_buildable/pool1/hard/rb_00212/env.xml,obstacle_0_movable,unsolvable,unsolvable,0.0,0.0,0,0,23,12,35
/common/users/dm1487/scratch_namo/real_buildable/pool1/hard/rb_00215/env.xml,obstacle_0_movable,med,easy,0.2471,0.9294,21,58,0,6,85
/common/users/dm1487/scratch_namo/real_buildable/pool1/hard/rb_00216/env.xml,obstacle_0_movable,unsolvable,hard,0.0,0.037,0,5,115,15,135
/common/users/dm1487/scratch_namo/real_buildable/pool1/hard/rb_00218/env.xml,obstacle_0_movable,med,easy,0.2667,0.7867,20,39,0,16,75
/common/users/dm1487/scratch_namo/real_buildable/pool1/hard/rb_00224/env.xml,obstacle_0_movable,unsolvable,med,0.0,0.1667,0,5,0,25,30
/common/users/dm1487/scratch_namo/real_buildable/pool1/hard/rb_00225/env.xml,obstacle_0_movable,med,easy,0.1053,0.8,10,66,0,19,95
/common/users/dm1487/scratch_namo/real_buildable/pool1/hard/rb_00229/env.xml,obstacle_0_movable,med,easy,0.0762,0.7714,8,73,13,11,105
/common/users/dm1487/scratch_namo/real_buildable/pool1/hard/rb_00231/env.xml,obstacle_0_movable,unsolvable,easy,0.0,0.7778,0,35,8,2,45
/common/users/dm1487/scratch_namo/real_buildable/pool1/hard/rb_00233/env.xml,obstacle_0_movable,unsolvable,easy,0.0,0.5385,0,70,20,40,130
/common/users/dm1487/scratch_namo/real_buildable/pool1/hard/rb_00236/env.xml,obstacle_0_movable,med,easy,0.0643,0.8286,9,107,20,4,140
/common/users/dm1487/scratch_namo/real_buildable/pool1/hard/rb_00237/env.xml,obstacle_0_movable,med,easy,0.06,0.84,3,39,0,8,50
/common/users/dm1487/scratch_namo/real_buildable/pool1/hard/rb_00238/env.xml,obstacle_0_movable,med,easy,0.1846,0.5538,12,24,0,29,65
/common/users/dm1487/scratch_namo/real_buildable/pool1/hard/rb_00240/env.xml,obstacle_0_movable,med,easy,0.16,0.7333,12,43,0,20,75
/common/users/dm1487/scratch_namo/real_buildable/pool1/hard/rb_00242/env.xml,obstacle_0_movable,unsolvable,easy,0.0,0.8533,0,64,0,11,75
/common/users/dm1487/scratch_namo/real_buildable/pool1/hard/rb_00244/env.xml,obstacle_0_movable,med,easy,0.2667,0.64,20,28,0,27,75
/common/users/dm1487/scratch_namo/real_buildable/pool1/hard/rb_00247/env.xml,obstacle_0_movable,unsolvable,easy,0.0,1.0,0,5,0,0,5
/common/users/dm1487/scratch_namo/real_buildable/pool1/hard/rb_00252/env.xml,obstacle_0_movable,easy,easy,0.4118,0.8824,35,40,0,10,85
/common/users/dm1487/scratch_namo/real_buildable/pool1/hard/rb_00255/env.xml,obstacle_0_movable,med,easy,0.2833,0.6667,17,23,0,20,60
/common/users/dm1487/scratch_namo/real_buildable/pool1/hard/rb_00256/env.xml,obstacle_0_movable,hard,easy,0.016,0.744,2,91,23,9,125
/common/users/dm1487/scratch_namo/real_buildable/pool1/hard/rb_00259/env.xml,obstacle_0_movable,med,easy,0.1714,0.9143,6,26,1,2,35
/common/users/dm1487/scratch_namo/real_buildable/pool1/hard/rb_00261/env.xml,obstacle_0_movable,med,easy,0.1053,0.6632,10,53,0,32,95
/common/users/dm1487/scratch_namo/real_buildable/pool1/hard/rb_00264/env.xml,obstacle_0_movable,hard,easy,0.008,0.712,1,88,14,22,125
/common/users/dm1487/scratch_namo/real_buildable/pool1/hard/rb_00265/env.xml,obstacle_0_movable,unsolvable,hard,0.0,0.02,0,1,34,15,50
/common/users/dm1487/scratch_namo/real_buildable/pool1/hard/rb_00266/env.xml,obstacle_0_movable,unsolvable,easy,0.0,0.4381,0,46,34,25,105
/common/users/dm1487/scratch_namo/real_buildable/pool1/hard/rb_00269/env.xml,obstacle_0_movable,unsolvable,easy,0.0,0.6235,0,53,8,24,85
/common/users/dm1487/scratch_namo/real_buildable/pool1/hard/rb_00270/env.xml,obstacle_0_movable,med,easy,0.0526,0.9158,5,82,0,8,95
/common/users/dm1487/scratch_namo/real_buildable/pool1/hard/rb_00272/env.xml,obstacle_0_movable,med,easy,0.2923,0.9231,19,41,0,5,65
/common/users/dm1487/scratch_namo/real_buildable/pool1/hard/rb_00273/env.xml,obstacle_0_movable,med,easy,0.0667,1.0,5,70,0,0,75
/common/users/dm1487/scratch_namo/real_buildable/pool1/hard/rb_00274/env.xml,obstacle_0_movable,med,easy,0.1846,0.5077,12,21,0,32,65
/common/users/dm1487/scratch_namo/real_buildable/pool1/hard/rb_00275/env.xml,obstacle_0_movable,unsolvable,med,0.0,0.1238,0,13,64,28,105
/common/users/dm1487/scratch_namo/real_buildable/pool1/hard/rb_00278/env.xml,obstacle_0_movable,med,easy,0.1467,0.9333,11,59,0,5,75
/common/users/dm1487/scratch_namo/real_buildable/pool1/hard/rb_00281/env.xml,obstacle_0_movable,med,easy,0.11,0.79,11,68,5,16,100
/common/users/dm1487/scratch_namo/real_buildable/pool1/hard/rb_00282/env.xml,obstacle_0_movable,hard,easy,0.008,0.576,1,71,50,3,125
/common/users/dm1487/scratch_namo/real_buildable/pool1/hard/rb_00283/env.xml,obstacle_0_movable,easy,easy,0.3077,0.7077,20,26,0,19,65
/common/users/dm1487/scratch_namo/real_buildable/pool1/hard/rb_00288/env.xml,obstacle_0_movable,med,easy,0.0667,0.619,7,58,10,30,105
/common/users/dm1487/scratch_namo/real_buildable/pool1/hard/rb_00289/env.xml,obstacle_0_movable,med,easy,0.2222,0.5778,10,16,0,19,45
/common/users/dm1487/scratch_namo/real_buildable/pool1/hard/rb_00292/env.xml,obstacle_0_movable,unsolvable,med,0.0,0.0667,0,9,95,31,135
/common/users/dm1487/scratch_namo/real_buildable/pool1/hard/rb_00294/env.xml,obstacle_0_movable,med,easy,0.24,0.7467,18,38,0,19,75
/common/users/dm1487/scratch_namo/real_buildable/pool1/hard/rb_00295/env.xml,obstacle_0_movable,unsolvable,hard,0.0,0.0067,0,1,103,46,150
/common/users/dm1487/scratch_namo/real_buildable/pool1/hard/rb_00297/env.xml,obstacle_0_movable,med,easy,0.15,0.425,6,11,0,23,40
/common/users/dm1487/scratch_namo/real_buildable/pool1/hard/rb_00302/env.xml,obstacle_0_movable,med,easy,0.2933,0.9067,22,46,0,7,75
/common/users/dm1487/scratch_namo/real_buildable/pool1/hard/rb_00304/env.xml,obstacle_0_movable,med,easy,0.09,0.82,9,73,1,17,100
/common/users/dm1487/scratch_namo/real_buildable/pool1/hard/rb_00305/env.xml,obstacle_0_movable,unsolvable,unsolvable,0.0,0.0,0,0,124,26,150
/common/users/dm1487/scratch_namo/real_buildable/pool1/hard/rb_00307/env.xml,obstacle_0_movable,unsolvable,easy,0.0,0.3909,0,43,43,24,110
/common/users/dm1487/scratch_namo/real_buildable/pool1/hard/rb_00308/env.xml,obstacle_0_movable,med,easy,0.24,0.76,18,39,0,18,75
/common/users/dm1487/scratch_namo/real_buildable/pool1/hard/rb_00309/env.xml,obstacle_0_movable,unsolvable,easy,0.0,0.637,0,86,47,2,135
/common/users/dm1487/scratch_namo/real_buildable/pool1/hard/rb_00316/env.xml,obstacle_0_movable,unsolvable,hard,0.0,0.0077,0,1,108,21,130
/common/users/dm1487/scratch_namo/real_buildable/pool1/hard/rb_00319/env.xml,obstacle_0_movable,unsolvable,med,0.0,0.22,0,22,41,37,100
/common/users/dm1487/scratch_namo/real_buildable/pool1/hard/rb_00320/env.xml,obstacle_0_movable,med,easy,0.2875,0.8375,23,44,0,13,80
/common/users/dm1487/scratch_namo/real_buildable/pool1/hard/rb_00321/env.xml,obstacle_0_movable,unsolvable,easy,0.0,0.3684,0,35,48,12,95
/common/users/dm1487/scratch_namo/real_buildable/pool1/hard/rb_00322/env.xml,obstacle_0_movable,unsolvable,hard,0.0,0.0138,0,2,104,39,145
/common/users/dm1487/scratch_namo/real_buildable/pool1/hard/rb_00325/env.xml,obstacle_0_movable,unsolvable,hard,0.0,0.0087,0,1,97,17,115
/common/users/dm1487/scratch_namo/real_buildable/pool1/hard/rb_00327/env.xml,obstacle_0_movable,unsolvable,med,0.0,0.15,0,12,34,34,80
/common/users/dm1487/scratch_namo/real_buildable/pool1/hard/rb_00328/env.xml,obstacle_0_movable,easy,easy,0.3385,0.8615,22,34,0,9,65
/common/users/dm1487/scratch_namo/real_buildable/pool1/hard/rb_00330/env.xml,obstacle_0_movable,med,easy,0.18,0.84,18,66,0,16,100
/common/users/dm1487/scratch_namo/real_buildable/pool1/hard/rb_00331/env.xml,obstacle_0_movable,unsolvable,easy,0.0,0.528,0,66,39,20,125
/common/users/dm1487/scratch_namo/real_buildable/pool1/hard/rb_00334/env.xml,obstacle_0_movable,hard,easy,0.0118,0.4353,1,36,9,39,85
/common/users/dm1487/scratch_namo/real_buildable/pool1/hard/rb_00336/env.xml,obstacle_0_movable,med,easy,0.1333,0.8889,12,68,0,10,90
/common/users/dm1487/scratch_namo/real_buildable/pool1/hard/rb_00338/env.xml,obstacle_0_movable,unsolvable,med,0.0,0.2963,0,40,78,17,135
/common/users/dm1487/scratch_namo/real_buildable/pool1/hard/rb_00339/env.xml,obstacle_0_movable,unsolvable,med,0.0,0.0923,0,12,112,6,130
/common/users/dm1487/scratch_namo/real_buildable/pool1/hard/rb_00341/env.xml,obstacle_0_movable,unsolvable,easy,0.0,0.4714,0,33,35,2,70
/common/users/dm1487/scratch_namo/real_buildable/pool1/hard/rb_00342/env.xml,obstacle_0_movable,easy,easy,0.3273,0.8364,18,28,0,9,55
/common/users/dm1487/scratch_namo/real_buildable/pool1/hard/rb_00345/env.xml,obstacle_0_movable,med,easy,0.07,0.87,7,80,0,13,100
/common/users/dm1487/scratch_namo/real_buildable/pool1/hard/rb_00347/env.xml,obstacle_0_movable,unsolvable,hard,0.0,0.0167,0,1,36,23,60
/common/users/dm1487/scratch_namo/real_buildable/pool1/hard/rb_00351/env.xml,obstacle_0_movable,med,easy,0.2667,0.6667,8,12,0,10,30
/common/users/dm1487/scratch_namo/real_buildable/pool1/hard/rb_00352/env.xml,obstacle_0_movable,med,easy,0.2333,0.5,7,8,0,15,30
/common/users/dm1487/scratch_namo/real_buildable/pool1/hard/rb_00353/env.xml,obstacle_0_movable,med,easy,0.0533,0.7333,4,51,0,20,75
/common/users/dm1487/scratch_namo/real_buildable/pool1/hard/rb_00354/env.xml,obstacle_0_movable,med,easy,0.1053,0.7895,10,65,0,20,95
/common/users/dm1487/scratch_namo/real_buildable/pool1/hard/rb_00359/env.xml,obstacle_0_movable,med,easy,0.1053,0.6105,10,48,6,31,95
/common/users/dm1487/scratch_namo/real_buildable/pool1/hard/rb_00363/env.xml,obstacle_0_movable,hard,easy,0.0067,0.6867,1,102,39,8,150
/common/users/dm1487/scratch_namo/real_buildable/pool1/hard/rb_00365/env.xml,obstacle_0_movable,unsolvable,easy,0.0,0.4333,0,52,42,26,120
/common/users/dm1487/scratch_namo/real_buildable/pool1/hard/rb_00366/env.xml,obstacle_0_movable,hard,med,0.025,0.1375,4,18,123,15,160
/common/users/dm1487/scratch_namo/real_buildable/pool1/hard/rb_00368/env.xml,obstacle_0_movable,med,easy,0.2,0.625,16,34,3,27,80
/common/users/dm1487/scratch_namo/real_buildable/pool1/hard/rb_00370/env.xml,obstacle_0_movable,med,easy,0.1,0.8273,11,80,13,6,110
/common/users/dm1487/scratch_namo/real_buildable/pool1/hard/rb_00379/env.xml,obstacle_0_movable,unsolvable,easy,0.0,0.725,0,87,23,10,120
/common/users/dm1487/scratch_namo/real_buildable/pool1/hard/rb_00382/env.xml,obstacle_0_movable,med,easy,0.25,0.5333,15,17,0,28,60
/common/users/dm1487/scratch_namo/real_buildable/pool1/hard/rb_00387/env.xml,obstacle_0_movable,unsolvable,easy,0.0,0.4571,0,48,47,10,105
/common/users/dm1487/scratch_namo/real_buildable/pool1/hard/rb_00389/env.xml,obstacle_0_movable,med,easy,0.2267,0.8,17,43,0,15,75
/common/users/dm1487/scratch_namo/real_buildable/pool1/hard/rb_00390/env.xml,obstacle_0_movable,hard,easy,0.0348,0.6696,4,73,13,25,115
/common/users/dm1487/scratch_namo/real_buildable/pool1/hard/rb_00392/env.xml,obstacle_0_movable,med,easy,0.2533,0.7867,19,40,0,16,75
/common/users/dm1487/scratch_namo/real_buildable/pool1/hard/rb_00393/env.xml,obstacle_0_movable,unsolvable,med,0.0,0.1,0,12,106,2,120
/common/users/dm1487/scratch_namo/real_buildable/pool1/hard/rb_00403/env.xml,obstacle_0_movable,med,easy,0.1053,0.8632,10,72,0,13,95
/common/users/dm1487/scratch_namo/real_buildable/pool1/hard/rb_00406/env.xml,obstacle_0_movable,unsolvable,hard,0.0,0.04,0,5,82,38,125
/common/users/dm1487/scratch_namo/real_buildable/pool1/hard/rb_00407/env.xml,obstacle_0_movable,easy,easy,0.3867,0.9467,29,42,0,4,75
/common/users/dm1487/scratch_namo/real_buildable/pool1/hard/rb_00408/env.xml,obstacle_0_movable,unsolvable,hard,0.0,0.0483,0,7,92,46,145
/common/users/dm1487/scratch_namo/real_buildable/pool1/hard/rb_00409/env.xml,obstacle_0_movable,unsolvable,easy,0.0,0.3714,0,52,59,29,140
/common/users/dm1487/scratch_namo/real_buildable/pool1/hard/rb_00410/env.xml,obstacle_0_movable,med,easy,0.175,0.75,7,23,10,0,40
/common/users/dm1487/scratch_namo/real_buildable/pool1/hard/rb_00411/env.xml,obstacle_0_movable,unsolvable,med,0.0,0.168,0,21,99,5,125
/common/users/dm1487/scratch_namo/real_buildable/pool1/hard/rb_00412/env.xml,obstacle_0_movable,med,easy,0.0522,0.687,6,73,22,14,115
/common/users/dm1487/scratch_namo/real_buildable/pool1/hard/rb_00413/env.xml,obstacle_0_movable,unsolvable,easy,0.0,0.576,0,72,39,14,125
/common/users/dm1487/scratch_namo/real_buildable/pool1/hard/rb_00416/env.xml,obstacle_0_movable,med,easy,0.2,0.7467,15,41,0,19,75
/common/users/dm1487/scratch_namo/real_buildable/pool1/hard/rb_00419/env.xml,obstacle_0_movable,med,easy,0.075,0.6417,9,68,22,21,120
/common/users/dm1487/scratch_namo/real_buildable/pool1/hard/rb_00420/env.xml,obstacle_0_movable,unsolvable,hard,0.0,0.0091,0,1,109,0,110
/common/users/dm1487/scratch_namo/real_buildable/pool1/hard/rb_00421/env.xml,obstacle_0_movable,unsolvable,med,0.0,0.2333,0,14,25,21,60
/common/users/dm1487/scratch_namo/real_buildable/pool1/hard/rb_00422/env.xml,obstacle_0_movable,med,easy,0.275,0.825,11,22,0,7,40
/common/users/dm1487/scratch_namo/real_buildable/pool1/hard/rb_00423/env.xml,obstacle_0_movable,med,easy,0.1,0.5,4,16,10,10,40
/common/users/dm1487/scratch_namo/real_buildable/pool1/hard/rb_00424/env.xml,obstacle_0_movable,unsolvable,med,0.0,0.184,0,23,75,27,125
/common/users/dm1487/scratch_namo/real_buildable/pool1/hard/rb_00425/env.xml,obstacle_0_movable,med,easy,0.08,0.68,6,45,16,8,75
/common/users/dm1487/scratch_namo/real_buildable/pool1/hard/rb_00427/env.xml,obstacle_0_movable,med,easy,0.2111,0.6667,19,41,0,30,90
/common/users/dm1487/scratch_namo/real_buildable/pool1/hard/rb_00430/env.xml,obstacle_0_movable,hard,med,0.016,0.176,2,20,98,5,125
/common/users/dm1487/scratch_namo/real_buildable/pool1/hard/rb_00434/env.xml,obstacle_0_movable,med,easy,0.0571,0.7905,6,77,4,18,105
/common/users/dm1487/scratch_namo/real_buildable/pool1/hard/rb_00438/env.xml,obstacle_0_movable,hard,med,0.0143,0.2429,2,32,105,1,140
/common/users/dm1487/scratch_namo/real_buildable/pool1/hard/rb_00439/env.xml,obstacle_0_movable,hard,easy,0.0174,0.4,2,44,8,61,115
/common/users/dm1487/scratch_namo/real_buildable/pool1/hard/rb_00441/env.xml,obstacle_0_movable,unsolvable,hard,0.0,0.0083,0,1,113,6,120
/common/users/dm1487/scratch_namo/real_buildable/pool1/hard/rb_00443/env.xml,obstacle_0_movable,unsolvable,easy,0.0,0.3619,0,38,22,45,105
/common/users/dm1487/scratch_namo/real_buildable/pool1/hard/rb_00444/env.xml,obstacle_0_movable,unsolvable,med,0.0,0.1882,0,16,64,5,85
/common/users/dm1487/scratch_namo/real_buildable/pool1/hard/rb_00445/env.xml,obstacle_0_movable,med,easy,0.1,0.8333,6,44,5,5,60
/common/users/dm1487/scratch_namo/real_buildable/pool1/hard/rb_00448/env.xml,obstacle_0_movable,unsolvable,med,0.0,0.1882,0,16,62,7,85
/common/users/dm1487/scratch_namo/real_buildable/pool1/hard/rb_00451/env.xml,obstacle_0_movable,med,easy,0.0706,0.4941,6,36,0,43,85
/common/users/dm1487/scratch_namo/real_buildable/pool1/hard/rb_00454/env.xml,obstacle_0_movable,med,easy,0.2933,0.7467,22,34,0,19,75
/common/users/dm1487/scratch_namo/real_buildable/pool1/hard/rb_00458/env.xml,obstacle_0_movable,unsolvable,hard,0.0,0.0133,0,1,44,30,75
/common/users/dm1487/scratch_namo/real_buildable/pool1/hard/rb_00460/env.xml,obstacle_0_movable,hard,easy,0.0121,0.6667,2,108,47,8,165
/common/users/dm1487/scratch_namo/real_buildable/pool1/hard/rb_00463/env.xml,obstacle_0_movable,unsolvable,med,0.0,0.12,0,3,0,22,25
/common/users/dm1487/scratch_namo/real_buildable/pool1/hard/rb_00466/env.xml,obstacle_0_movable,hard,easy,0.0348,0.6957,4,76,9,26,115
/common/users/dm1487/scratch_namo/real_buildable/pool1/hard/rb_00472/env.xml,obstacle_0_movable,easy,easy,0.4,1.0,16,24,0,0,40
/common/users/dm1487/scratch_namo/real_buildable/pool1/hard/rb_00473/env.xml,obstacle_0_movable,easy,easy,0.42,0.8,21,19,0,10,50
/common/users/dm1487/scratch_namo/real_buildable/pool1/hard/rb_00474/env.xml,obstacle_0_movable,easy,easy,0.4364,0.8,24,20,0,11,55
/common/users/dm1487/scratch_namo/real_buildable/pool1/hard/rb_00478/env.xml,obstacle_0_movable,med,easy,0.0696,0.7304,8,76,22,9,115
/common/users/dm1487/scratch_namo/real_buildable/pool1/hard/rb_00483/env.xml,obstacle_0_movable,unsolvable,easy,0.0,0.3,0,24,22,34,80
/common/users/dm1487/scratch_namo/real_buildable/pool1/hard/rb_00487/env.xml,obstacle_0_movable,unsolvable,med,0.0,0.1214,0,17,88,35,140
/common/users/dm1487/scratch_namo/real_buildable/pool1/hard/rb_00490/env.xml,obstacle_0_movable,med,easy,0.0778,0.6556,7,52,13,18,90
/common/users/dm1487/scratch_namo/real_buildable/pool1/hard/rb_00491/env.xml,obstacle_0_movable,med,easy,0.1684,0.7368,16,54,2,23,95
/common/users/dm1487/scratch_namo/real_buildable/pool1/hard/rb_00492/env.xml,obstacle_0_movable,hard,easy,0.0074,0.6889,1,92,23,19,135
/common/users/dm1487/scratch_namo/real_buildable/pool1/hard/rb_00493/env.xml,obstacle_0_movable,med,easy,0.1556,0.8,14,58,0,18,90
/common/users/dm1487/scratch_namo/real_buildable/pool1/hard/rb_00495/env.xml,obstacle_0_movable,hard,easy,0.04,0.4,3,27,27,18,75
/common/users/dm1487/scratch_namo/real_buildable/pool1/hard/rb_00496/env.xml,obstacle_0_movable,unsolvable,easy,0.0,0.54,0,27,20,3,50
/common/users/dm1487/scratch_namo/real_buildable/pool1/hard/rb_00497/env.xml,obstacle_0_movable,easy,easy,0.36,0.9,18,27,0,5,50
/common/users/dm1487/scratch_namo/real_buildable/pool1/hard/rb_00498/env.xml,obstacle_0_movable,easy,easy,0.3571,0.7286,25,26,0,19,70
/common/users/dm1487/scratch_namo/real_buildable/pool1/med/rb_00000/env.xml,obstacle_0_movable,hard,easy,0.0182,0.4455,2,47,20,41,110
/common/users/dm1487/scratch_namo/real_buildable/pool1/med/rb_00001/env.xml,obstacle_0_movable,unsolvable,easy,0.0,0.7231,0,94,20,16,130
/common/users/dm1487/scratch_namo/real_buildable/pool1/med/rb_00003/env.xml,obstacle_0_movable,unsolvable,easy,0.0,0.5043,0,58,53,4,115
/common/users/dm1487/scratch_namo/real_buildable/pool1/med/rb_00007/env.xml,obstacle_0_movable,hard,easy,0.0462,0.5923,6,71,28,25,130
/common/users/dm1487/scratch_namo/real_buildable/pool1/med/rb_00008/env.xml,obstacle_0_movable,hard,easy,0.0074,0.5111,1,68,46,20,135
/common/users/dm1487/scratch_namo/real_buildable/pool1/med/rb_00009/env.xml,obstacle_0_movable,hard,easy,0.0308,0.5154,4,63,28,35,130
/common/users/dm1487/scratch_namo/real_buildable/pool1/med/rb_00010/env.xml,obstacle_0_movable,unsolvable,hard,0.0,0.0083,0,1,108,11,120
/common/users/dm1487/scratch_namo/real_buildable/pool1/med/rb_00011/env.xml,obstacle_0_movable,unsolvable,hard,0.0,0.0174,0,2,77,36,115
/common/users/dm1487/scratch_namo/real_buildable/pool1/med/rb_00012/env.xml,obstacle_0_movable,unsolvable,easy,0.0,0.4815,0,65,51,19,135
/common/users/dm1487/scratch_namo/real_buildable/pool1/med/rb_00013/env.xml,obstacle_0_movable,unsolvable,med,0.0,0.06,0,9,77,64,150
/common/users/dm1487/scratch_namo/real_buildable/pool1/med/rb_00014/env.xml,obstacle_0_movable,unsolvable,easy,0.0,0.7524,0,79,20,6,105
/common/users/dm1487/scratch_namo/real_buildable/pool1/med/rb_00015/env.xml,obstacle_0_movable,med,easy,0.0615,0.7,8,83,23,16,130
/common/users/dm1487/scratch_namo/real_buildable/pool1/med/rb_00016/env.xml,obstacle_0_movable,hard,easy,0.016,0.824,2,101,17,5,125
/common/users/dm1487/scratch_namo/real_buildable/pool1/med/rb_00017/env.xml,obstacle_0_movable,med,easy,0.1143,0.4214,16,43,75,6,140
/common/users/dm1487/scratch_namo/real_buildable/pool1/med/rb_00018/env.xml,obstacle_0_movable,unsolvable,hard,0.0,0.0333,0,5,129,16,150
/common/users/dm1487/scratch_namo/real_buildable/pool1/med/rb_00020/env.xml,obstacle_0_movable,hard,easy,0.0462,0.7077,6,86,17,21,130
/common/users/dm1487/scratch_namo/real_buildable/pool1/med/rb_00022/env.xml,obstacle_0_movable,unsolvable,easy,0.0,0.4308,0,56,42,32,130
/common/users/dm1487/scratch_namo/real_buildable/pool1/med/rb_00024/env.xml,obstacle_0_movable,hard,easy,0.0138,0.5172,2,73,64,6,145
/common/users/dm1487/scratch_namo/real_buildable/pool1/med/rb_00025/env.xml,obstacle_0_movable,unsolvable,med,0.0,0.0519,0,7,116,12,135
/common/users/dm1487/scratch_namo/real_buildable/pool1/med/rb_00026/env.xml,obstacle_0_movable,hard,easy,0.0143,0.45,2,61,52,25,140
/common/users/dm1487/scratch_namo/real_buildable/pool1/med/rb_00030/env.xml,obstacle_0_movable,unsolvable,hard,0.0,0.0069,0,1,123,21,145
/common/users/dm1487/scratch_namo/real_buildable/pool1/med/rb_00035/env.xml,obstacle_0_movable,unsolvable,hard,0.0,0.02,0,3,123,24,150
/common/users/dm1487/scratch_namo/real_buildable/pool1/med/rb_00039/env.xml,obstacle_0_movable,hard,easy,0.0312,0.6438,5,98,41,16,160
/common/users/dm1487/scratch_namo/real_buildable/pool1/med/rb_00041/env.xml,obstacle_0_movable,easy,easy,0.44,0.96,22,26,0,2,50
/common/users/dm1487/scratch_namo/real_buildable/pool1/med/rb_00042/env.xml,obstacle_0_movable,unsolvable,unsolvable,0.0,0.0,0,0,97,43,140
/common/users/dm1487/scratch_namo/real_buildable/pool1/med/rb_00043/env.xml,obstacle_0_movable,unsolvable,med,0.0,0.224,0,28,54,43,125
/common/users/dm1487/scratch_namo/real_buildable/pool1/med/rb_00045/env.xml,obstacle_0_movable,unsolvable,unsolvable,0.0,0.0,0,0,129,21,150
/common/users/dm1487/scratch_namo/real_buildable/pool1/med/rb_00046/env.xml,obstacle_0_movable,hard,easy,0.0231,0.5692,3,71,26,30,130
/common/users/dm1487/scratch_namo/real_buildable/pool1/med/rb_00051/env.xml,obstacle_0_movable,hard,easy,0.0417,0.8917,5,102,13,0,120
/common/users/dm1487/scratch_namo/real_buildable/pool1/med/rb_00052/env.xml,obstacle_0_movable,unsolvable,hard,0.0,0.0467,0,7,123,20,150
/common/users/dm1487/scratch_namo/real_buildable/pool1/med/rb_00054/env.xml,obstacle_0_movable,hard,easy,0.0074,0.8519,1,114,12,8,135
/common/users/dm1487/scratch_namo/real_buildable/pool1/med/rb_00055/env.xml,obstacle_0_movable,hard,med,0.0194,0.1484,3,20,123,9,155
/common/users/dm1487/scratch_namo/real_buildable/pool1/med/rb_00060/env.xml,obstacle_0_movable,unsolvable,med,0.0,0.06,0,9,132,9,150
/common/users/dm1487/scratch_namo/real_buildable/pool1/med/rb_00061/env.xml,obstacle_0_movable,hard,easy,0.0069,0.5034,1,72,58,14,145
/common/users/dm1487/scratch_namo/real_buildable/pool1/med/rb_00062/env.xml,obstacle_0_movable,hard,easy,0.024,0.752,3,91,28,3,125
/common/users/dm1487/scratch_namo/real_buildable/pool1/med/rb_00063/env.xml,obstacle_0_movable,hard,easy,0.0476,0.6571,5,64,1,35,105
/common/users/dm1487/scratch_namo/real_buildable/pool1/med/rb_00064/env.xml,obstacle_0_movable,unsolvable,hard,0.0,0.0133,0,2,141,7,150
/common/users/dm1487/scratch_namo/real_buildable/pool1/med/rb_00065/env.xml,obstacle_0_movable,med,easy,0.088,0.728,11,80,20,14,125
/common/users/dm1487/scratch_namo/real_buildable/pool1/med/rb_00067/env.xml,obstacle_0_movable,hard,easy,0.0143,0.5857,2,80,46,12,140
/common/users/dm1487/scratch_namo/real_buildable/pool1/med/rb_00073/env.xml,obstacle_0_movable,unsolvable,easy,0.0,0.632,0,79,28,18,125
/common/users/dm1487/scratch_namo/real_buildable/pool1/med/rb_00074/env.xml,obstacle_0_movable,med,easy,0.0667,0.7619,7,73,5,20,105
/common/users/dm1487/scratch_namo/real_buildable/pool1/med/rb_00075/env.xml,obstacle_0_movable,med,easy,0.1103,0.4828,16,54,53,22,145
/common/users/dm1487/scratch_namo/real_buildable/pool1/med/rb_00079/env.xml,obstacle_0_movable,med,easy,0.08,0.6,12,78,55,5,150
/common/users/dm1487/scratch_namo/real_buildable/pool1/med/rb_00080/env.xml,obstacle_0_movable,unsolvable,easy,0.0,0.3643,0,51,81,8,140
/common/users/dm1487/scratch_namo/real_buildable/pool1/med/rb_00081/env.xml,obstacle_0_movable,med,easy,0.2133,0.5467,16,25,0,34,75
/common/users/dm1487/scratch_namo/real_buildable/pool1/med/rb_00084/env.xml,obstacle_0_movable,unsolvable,med,0.0,0.1862,0,27,104,14,145
/common/users/dm1487/scratch_namo/real_buildable/pool1/med/rb_00085/env.xml,obstacle_0_movable,med,easy,0.21,0.83,21,62,0,17,100
/common/users/dm1487/scratch_namo/real_buildable/pool1/med/rb_00089/env.xml,obstacle_0_movable,hard,easy,0.025,0.425,4,64,85,7,160
/common/users/dm1487/scratch_namo/real_buildable/pool1/med/rb_00091/env.xml,obstacle_0_movable,unsolvable,hard,0.0,0.0467,0,7,90,53,150
/common/users/dm1487/scratch_namo/real_buildable/pool1/med/rb_00095/env.xml,obstacle_0_movable,unsolvable,med,0.0,0.0786,0,11,123,6,140
/common/users/dm1487/scratch_namo/real_buildable/pool1/med/rb_00097/env.xml,obstacle_0_movable,hard,easy,0.0069,0.6414,1,92,47,5,145
/common/users/dm1487/scratch_namo/real_buildable/pool1/med/rb_00098/env.xml,obstacle_0_movable,unsolvable,easy,0.0,0.3172,0,46,84,15,145
/common/users/dm1487/scratch_namo/real_buildable/pool1/med/rb_00099/env.xml,obstacle_0_movable,easy,easy,0.4889,0.9111,22,19,0,4,45
/common/users/dm1487/scratch_namo/real_buildable/pool1/med/rb_00101/env.xml,obstacle_0_movable,med,easy,0.056,0.728,7,84,12,22,125
/common/users/dm1487/scratch_namo/real_buildable/pool1/med/rb_00104/env.xml,obstacle_0_movable,hard,easy,0.0476,0.581,5,56,16,28,105
/common/users/dm1487/scratch_namo/real_buildable/pool1/med/rb_00105/env.xml,obstacle_0_movable,unsolvable,med,0.0,0.2,0,30,74,46,150
/common/users/dm1487/scratch_namo/real_buildable/pool1/med/rb_00106/env.xml,obstacle_0_movable,med,easy,0.0606,0.6303,10,94,51,10,165
/common/users/dm1487/scratch_namo/real_buildable/pool1/med/rb_00107/env.xml,obstacle_0_movable,unsolvable,easy,0.0,0.752,0,94,13,18,125
/common/users/dm1487/scratch_namo/real_buildable/pool1/med/rb_00110/env.xml,obstacle_0_movable,med,easy,0.1353,0.5765,23,75,64,8,170
/common/users/dm1487/scratch_namo/real_buildable/pool1/med/rb_00111/env.xml,obstacle_0_movable,unsolvable,unsolvable,0.0,0.0,0,0,105,45,150
/common/users/dm1487/scratch_namo/real_buildable/pool1/med/rb_00112/env.xml,obstacle_0_movable,unsolvable,easy,0.0,0.328,0,41,61,23,125
/common/users/dm1487/scratch_namo/real_buildable/pool1/med/rb_00113/env.xml,obstacle_0_movable,med,easy,0.0667,0.7667,10,105,26,9,150
/common/users/dm1487/scratch_namo/real_buildable/pool1/med/rb_00114/env.xml,obstacle_0_movable,hard,easy,0.0069,0.5655,1,81,52,11,145
/common/users/dm1487/scratch_namo/real_buildable/pool1/med/rb_00115/env.xml,obstacle_0_movable,med,easy,0.275,0.6375,22,29,0,29,80
/common/users/dm1487/scratch_namo/real_buildable/pool1/med/rb_00116/env.xml,obstacle_0_movable,med,easy,0.0696,0.6261,8,64,4,39,115
/common/users/dm1487/scratch_namo/real_buildable/pool1/med/rb_00119/env.xml,obstacle_0_movable,med,easy,0.0957,0.8087,11,82,7,15,115
/common/users/dm1487/scratch_namo/real_buildable/pool1/med/rb_00121/env.xml,obstacle_0_movable,unsolvable,hard,0.0,0.04,0,6,90,54,150
/common/users/dm1487/scratch_namo/real_buildable/pool1/med/rb_00122/env.xml,obstacle_0_movable,unsolvable,hard,0.0,0.0333,0,5,110,35,150
/common/users/dm1487/scratch_namo/real_buildable/pool1/med/rb_00125/env.xml,obstacle_0_movable,hard,easy,0.02,0.7467,3,109,38,0,150
/common/users/dm1487/scratch_namo/real_buildable/pool1/med/rb_00127/env.xml,obstacle_0_movable,unsolvable,unsolvable,0.0,0.0,0,0,117,13,130
/common/users/dm1487/scratch_namo/real_buildable/pool1/med/rb_00128/env.xml,obstacle_0_movable,hard,easy,0.02,0.84,2,82,3,13,100
/common/users/dm1487/scratch_namo/real_buildable/pool1/med/rb_00129/env.xml,obstacle_0_movable,unsolvable,med,0.0,0.0867,0,13,121,16,150
/common/users/dm1487/scratch_namo/real_buildable/pool1/med/rb_00130/env.xml,obstacle_0_movable,unsolvable,med,0.0,0.0552,0,8,95,42,145
/common/users/dm1487/scratch_namo/real_buildable/pool1/med/rb_00135/env.xml,obstacle_0_movable,hard,med,0.025,0.125,1,4,25,10,40
/common/users/dm1487/scratch_namo/real_buildable/pool1/med/rb_00137/env.xml,obstacle_0_movable,unsolvable,unsolvable,0.0,0.0,0,0,15,0,15
/common/users/dm1487/scratch_namo/real_buildable/pool1/med/rb_00139/env.xml,obstacle_0_movable,med,easy,0.0848,0.5879,14,83,60,8,165
/common/users/dm1487/scratch_namo/real_buildable/pool1/med/rb_00140/env.xml,obstacle_0_movable,med,easy,0.1167,0.9083,14,95,3,8,120
/common/users/dm1487/scratch_namo/real_buildable/pool1/med/rb_00142/env.xml,obstacle_0_movable,med,easy,0.0737,0.8,7,69,0,19,95
/common/users/dm1487/scratch_namo/real_buildable/pool1/med/rb_00143/env.xml,obstacle_0_movable,med,med,0.0606,0.2182,10,26,117,12,165
/common/users/dm1487/scratch_namo/real_buildable/pool1/med/rb_00144/env.xml,obstacle_0_movable,unsolvable,easy,0.0,0.4308,0,56,56,18,130
/common/users/dm1487/scratch_namo/real_buildable/pool1/med/rb_00146/env.xml,obstacle_0_movable,med,easy,0.2933,0.64,22,26,0,27,75
/common/users/dm1487/scratch_namo/real_buildable/pool1/med/rb_00147/env.xml,obstacle_0_movable,hard,easy,0.0333,0.3667,1,10,0,19,30
/common/users/dm1487/scratch_namo/real_buildable/pool1/med/rb_00148/env.xml,obstacle_0_movable,hard,easy,0.0286,0.3429,4,44,43,49,140
/common/users/dm1487/scratch_namo/real_buildable/pool1/med/rb_00149/env.xml,obstacle_0_movable,unsolvable,easy,0.0,0.4222,0,57,58,20,135
/common/users/dm1487/scratch_namo/real_buildable/pool1/med/rb_00152/env.xml,obstacle_0_movable,hard,easy,0.0364,0.6818,4,71,11,24,110
/common/users/dm1487/scratch_namo/real_buildable/pool1/med/rb_00154/env.xml,obstacle_0_movable,unsolvable,med,0.0,0.1103,0,16,93,36,145
/common/users/dm1487/scratch_namo/real_buildable/pool1/med/rb_00156/env.xml,obstacle_0_movable,unsolvable,med,0.0,0.2667,0,36,65,34,135
/common/users/dm1487/scratch_namo/real_buildable/pool1/med/rb_00160/env.xml,obstacle_0_movable,med,easy,0.1778,0.6778,16,45,0,29,90
/common/users/dm1487/scratch_namo/real_buildable/pool1/med/rb_00161/env.xml,obstacle_0_movable,hard,easy,0.0429,0.5643,6,73,47,14,140
/common/users/dm1487/scratch_namo/real_buildable/pool1/med/rb_00162/env.xml,obstacle_0_movable,hard,easy,0.0069,0.6345,1,91,53,0,145
/common/users/dm1487/scratch_namo/real_buildable/pool1/med/rb_00164/env.xml,obstacle_0_movable,unsolvable,hard,0.0,0.0067,0,1,131,18,150
/common/users/dm1487/scratch_namo/real_buildable/pool1/med/rb_00165/env.xml,obstacle_0_movable,med,easy,0.0846,0.6462,11,73,34,12,130
/common/users/dm1487/scratch_namo/real_buildable/pool1/med/rb_00166/env.xml,obstacle_0_movable,med,easy,0.06,0.3867,9,49,63,29,150
/common/users/dm1487/scratch_namo/real_buildable/pool1/med/rb_00168/env.xml,obstacle_0_movable,med,easy,0.2,0.5467,15,26,0,34,75
/common/users/dm1487/scratch_namo/real_buildable/pool1/med/rb_00169/env.xml,obstacle_0_movable,med,easy,0.0706,0.6588,6,50,2,27,85
/common/users/dm1487/scratch_namo/real_buildable/pool1/med/rb_00171/env.xml,obstacle_0_movable,hard,easy,0.024,0.736,3,89,22,11,125
/common/users/dm1487/scratch_namo/real_buildable/pool1/med/rb_00174/env.xml,obstacle_0_movable,unsolvable,hard,0.0,0.02,0,3,112,35,150
/common/users/dm1487/scratch_namo/real_buildable/pool1/med/rb_00175/env.xml,obstacle_0_movable,unsolvable,easy,0.0,0.3857,0,54,68,18,140
/common/users/dm1487/scratch_namo/real_buildable/pool1/med/rb_00176/env.xml,obstacle_0_movable,med,easy,0.0769,0.8308,5,49,0,11,65
/common/users/dm1487/scratch_namo/real_buildable/pool1/med/rb_00179/env.xml,obstacle_0_movable,hard,easy,0.02,0.68,3,99,41,7,150
/common/users/dm1487/scratch_namo/real_buildable/pool1/med/rb_00180/env.xml,obstacle_0_movable,unsolvable,med,0.0,0.0692,0,9,87,34,130
/common/users/dm1487/scratch_namo/real_buildable/pool1/med/rb_00181/env.xml,obstacle_0_movable,med,easy,0.0769,0.6692,10,77,29,14,130
/common/users/dm1487/scratch_namo/real_buildable/pool1/med/rb_00184/env.xml,obstacle_0_movable,unsolvable,easy,0.0,0.5231,0,68,43,19,130
/common/users/dm1487/scratch_namo/real_buildable/pool1/med/rb_00185/env.xml,obstacle_0_movable,hard,easy,0.0444,0.6667,6,84,34,11,135
/common/users/dm1487/scratch_namo/real_buildable/pool1/med/rb_00186/env.xml,obstacle_0_movable,unsolvable,med,0.0,0.2609,0,30,51,34,115
/common/users/dm1487/scratch_namo/real_buildable/pool1/med/rb_00188/env.xml,obstacle_0_movable,med,easy,0.0563,0.3563,9,48,93,10,160
/common/users/dm1487/scratch_namo/real_buildable/pool1/med/rb_00191/env.xml,obstacle_0_movable,unsolvable,hard,0.0,0.04,0,6,133,11,150
/common/users/dm1487/scratch_namo/real_buildable/pool1/med/rb_00193/env.xml,obstacle_0_movable,unsolvable,easy,0.0,0.763,0,103,22,10,135
/common/users/dm1487/scratch_namo/real_buildable/pool1/med/rb_00195/env.xml,obstacle_0_movable,unsolvable,med,0.0,0.072,0,9,106,10,125
/common/users/dm1487/scratch_namo/real_buildable/pool1/med/rb_00202/env.xml,obstacle_0_movable,unsolvable,easy,0.0,0.7692,0,100,16,14,130
/common/users/dm1487/scratch_namo/real_buildable/pool1/med/rb_00204/env.xml,obstacle_0_movable,med,easy,0.072,0.776,9,88,10,18,125
/common/users/dm1487/scratch_namo/real_buildable/pool1/med/rb_00211/env.xml,obstacle_0_movable,med,easy,0.225,0.85,9,25,0,6,40
/common/users/dm1487/scratch_namo/real_buildable/pool1/med/rb_00212/env.xml,obstacle_0_movable,med,easy,0.0667,0.8,8,88,4,20,120
/common/users/dm1487/scratch_namo/real_buildable/pool1/med/rb_00214/env.xml,obstacle_0_movable,med,easy,0.1176,0.8118,10,59,0,16,85
/common/users/dm1487/scratch_namo/real_buildable/pool1/med/rb_00215/env.xml,obstacle_0_movable,unsolvable,med,0.0,0.2333,0,35,101,14,150
/common/users/dm1487/scratch_namo/real_buildable/pool1/med/rb_00217/env.xml,obstacle_0_movable,unsolvable,easy,0.0,0.312,0,39,85,1,125
/common/users/dm1487/scratch_namo/real_buildable/pool1/med/rb_00220/env.xml,obstacle_0_movable,hard,easy,0.0385,0.7,5,86,23,16,130
/common/users/dm1487/scratch_namo/real_buildable/pool1/med/rb_00222/env.xml,obstacle_0_movable,med,easy,0.2133,0.6533,16,33,0,26,75
/common/users/dm1487/scratch_namo/real_buildable/pool1/med/rb_00225/env.xml,obstacle_0_movable,unsolvable,hard,0.0,0.0133,0,2,136,12,150
/common/users/dm1487/scratch_namo/real_buildable/pool1/med/rb_00228/env.xml,obstacle_0_movable,unsolvable,hard,0.0,0.0067,0,1,133,16,150
/common/users/dm1487/scratch_namo/real_buildable/pool1/med/rb_00230/env.xml,obstacle_0_movable,med,easy,0.0571,0.8643,8,113,14,5,140
/common/users/dm1487/scratch_namo/real_buildable/pool1/med/rb_00232/env.xml,obstacle_0_movable,hard,easy,0.0435,0.6261,5,67,17,26,115
/common/users/dm1487/scratch_namo/real_buildable/pool1/med/rb_00233/env.xml,obstacle_0_movable,hard,easy,0.008,0.544,1,67,24,33,125
/common/users/dm1487/scratch_namo/real_buildable/pool1/med/rb_00234/env.xml,obstacle_0_movable,unsolvable,med,0.0,0.0533,0,8,119,23,150
/common/users/dm1487/scratch_namo/real_buildable/pool1/med/rb_00239/env.xml,obstacle_0_movable,unsolvable,med,0.0,0.072,0,9,104,12,125
/common/users/dm1487/scratch_namo/real_buildable/pool1/med/rb_00242/env.xml,obstacle_0_movable,med,easy,0.0815,0.763,11,92,17,15,135
/common/users/dm1487/scratch_namo/real_buildable/pool1/med/rb_00243/env.xml,obstacle_0_movable,unsolvable,hard,0.0,0.0267,0,4,128,18,150
/common/users/dm1487/scratch_namo/real_buildable/pool1/med/rb_00244/env.xml,obstacle_0_movable,hard,easy,0.0308,0.7923,4,99,5,22,130
/common/users/dm1487/scratch_namo/real_buildable/pool1/med/rb_00245/env.xml,obstacle_0_movable,unsolvable,med,0.0,0.176,0,22,87,16,125
/common/users/dm1487/scratch_namo/real_buildable/pool1/med/rb_00246/env.xml,obstacle_0_movable,hard,easy,0.0174,0.4261,2,47,24,42,115
/common/users/dm1487/scratch_namo/real_buildable/pool1/med/rb_00247/env.xml,obstacle_0_movable,med,easy,0.08,0.768,10,86,11,18,125
/common/users/dm1487/scratch_namo/real_buildable/pool1/med/rb_00249/env.xml,obstacle_0_movable,hard,med,0.0077,0.1385,1,17,112,0,130
/common/users/dm1487/scratch_namo/real_buildable/pool1/med/rb_00251/env.xml,obstacle_0_movable,unsolvable,med,0.0,0.1667,0,25,109,16,150
/common/users/dm1487/scratch_namo/real_buildable/pool1/med/rb_00252/env.xml,obstacle_0_movable,med,easy,0.0538,0.7077,7,85,12,26,130
/common/users/dm1487/scratch_namo/real_buildable/pool1/med/rb_00261/env.xml,obstacle_0_movable,med,easy,0.0783,0.9478,9,100,5,1,115
/common/users/dm1487/scratch_namo/real_buildable/pool1/med/rb_00262/env.xml,obstacle_0_movable,med,easy,0.0727,0.5727,8,55,3,44,110
/common/users/dm1487/scratch_namo/real_buildable/pool1/med/rb_00263/env.xml,obstacle_0_movable,hard,easy,0.0385,0.5385,5,65,25,35,130
/common/users/dm1487/scratch_namo/real_buildable/pool1/med/rb_00266/env.xml,obstacle_0_movable,hard,easy,0.0444,0.5704,6,71,29,29,135
/common/users/dm1487/scratch_namo/real_buildable/pool1/med/rb_00268/env.xml,obstacle_0_movable,hard,easy,0.048,0.888,6,105,2,12,125
/common/users/dm1487/scratch_namo/real_buildable/pool1/med/rb_00270/env.xml,obstacle_0_movable,hard,easy,0.0364,0.4545,4,46,19,41,110
/common/users/dm1487/scratch_namo/real_buildable/pool1/med/rb_00272/env.xml,obstacle_0_movable,hard,easy,0.0357,0.6429,5,85,32,18,140
/common/users/dm1487/scratch_namo/real_buildable/pool1/med/rb_00274/env.xml,obstacle_0_movable,easy,easy,0.5,0.86,25,18,0,7,50
/common/users/dm1487/scratch_namo/real_buildable/pool1/med/rb_00277/env.xml,obstacle_0_movable,easy,easy,0.3471,0.6471,59,51,47,13,170
/common/users/dm1487/scratch_namo/real_buildable/pool1/med/rb_00278/env.xml,obstacle_0_movable,unsolvable,med,0.0,0.208,0,26,92,7,125
/common/users/dm1487/scratch_namo/real_buildable/pool1/med/rb_00279/env.xml,obstacle_0_movable,unsolvable,med,0.0,0.0667,0,10,101,39,150
/common/users/dm1487/scratch_namo/real_buildable/pool1/med/rb_00280/env.xml,obstacle_0_movable,unsolvable,easy,0.0,0.9182,0,101,3,6,110
/common/users/dm1487/scratch_namo/real_buildable/pool1/med/rb_00281/env.xml,obstacle_0_movable,unsolvable,med,0.0,0.2231,0,29,44,57,130
/common/users/dm1487/scratch_namo/real_buildable/pool1/med/rb_00282/env.xml,obstacle_0_movable,hard,easy,0.0222,0.5185,3,67,61,4,135
/common/users/dm1487/scratch_namo/real_buildable/pool1/med/rb_00283/env.xml,obstacle_0_movable,unsolvable,med,0.0,0.248,0,31,55,39,125
/common/users/dm1487/scratch_namo/real_buildable/pool1/med/rb_00284/env.xml,obstacle_0_movable,unsolvable,med,0.0,0.0533,0,8,104,38,150
/common/users/dm1487/scratch_namo/real_buildable/pool1/med/rb_00286/env.xml,obstacle_0_movable,med,easy,0.056,0.824,7,96,9,13,125
/common/users/dm1487/scratch_namo/real_buildable/pool1/med/rb_00288/env.xml,obstacle_0_movable,easy,easy,0.3059,0.9647,26,56,0,3,85
/common/users/dm1487/scratch_namo/real_buildable/pool1/med/rb_00291/env.xml,obstacle_0_movable,hard,easy,0.0483,0.6552,7,88,35,15,145
/common/users/dm1487/scratch_namo/real_buildable/pool1/med/rb_00292/env.xml,obstacle_0_movable,unsolvable,med,0.0,0.272,0,34,66,25,125
/common/users/dm1487/scratch_namo/real_buildable/pool1/med/rb_00293/env.xml,obstacle_0_movable,hard,easy,0.0357,0.6643,5,88,43,4,140
/common/users/dm1487/scratch_namo/real_buildable/pool1/med/rb_00295/env.xml,obstacle_0_movable,med,easy,0.1714,0.4286,12,18,0,40,70
/common/users/dm1487/scratch_namo/real_buildable/pool1/med/rb_00296/env.xml,obstacle_0_movable,med,easy,0.1867,0.76,14,43,0,18,75
/common/users/dm1487/scratch_namo/real_buildable/pool1/med/rb_00297/env.xml,obstacle_0_movable,med,easy,0.0625,0.5437,10,77,59,14,160
/common/users/dm1487/scratch_namo/real_buildable/pool2/hard_201/rb_00001/env.xml,obstacle_0_movable,med,easy,0.2133,0.5867,16,28,0,31,75
/common/users/dm1487/scratch_namo/real_buildable/pool2/hard_201/rb_00003/env.xml,obstacle_0_movable,unsolvable,unsolvable,0.0,0.0,0,0,112,8,120
/common/users/dm1487/scratch_namo/real_buildable/pool2/hard_201/rb_00007/env.xml,obstacle_0_movable,med,easy,0.064,0.808,8,93,1,23,125
/common/users/dm1487/scratch_namo/real_buildable/pool2/hard_201/rb_00009/env.xml,obstacle_0_movable,med,easy,0.225,0.6625,18,35,0,27,80
/common/users/dm1487/scratch_namo/real_buildable/pool2/hard_201/rb_00010/env.xml,obstacle_0_movable,med,easy,0.2667,0.6667,4,6,0,5,15
/common/users/dm1487/scratch_namo/real_buildable/pool2/hard_201/rb_00011/env.xml,obstacle_0_movable,hard,easy,0.0421,0.6316,4,56,9,26,95
/common/users/dm1487/scratch_namo/real_buildable/pool2/hard_201/rb_00012/env.xml,obstacle_0_movable,unsolvable,med,0.0,0.1533,0,23,80,47,150
/common/users/dm1487/scratch_namo/real_buildable/pool2/hard_201/rb_00014/env.xml,obstacle_0_movable,unsolvable,med,0.0,0.0667,0,8,105,7,120
/common/users/dm1487/scratch_namo/real_buildable/pool2/hard_201/rb_00016/env.xml,obstacle_0_movable,med,easy,0.2667,0.6533,20,29,0,26,75
/common/users/dm1487/scratch_namo/real_buildable/pool2/hard_201/rb_00019/env.xml,obstacle_0_movable,hard,easy,0.02,0.3,1,14,23,12,50
/common/users/dm1487/scratch_namo/real_buildable/pool2/hard_201/rb_00020/env.xml,obstacle_0_movable,unsolvable,easy,0.0,0.4462,0,29,28,8,65
/common/users/dm1487/scratch_namo/real_buildable/pool2/hard_201/rb_00029/env.xml,obstacle_0_movable,hard,easy,0.0143,0.5286,1,36,9,24,70
/common/users/dm1487/scratch_namo/real_buildable/pool2/hard_201/rb_00033/env.xml,obstacle_0_movable,easy,easy,0.3067,0.92,23,46,0,6,75
/common/users/dm1487/scratch_namo/real_buildable/pool2/hard_201/rb_00039/env.xml,obstacle_0_movable,med,easy,0.1048,0.8476,11,78,8,8,105
/common/users/dm1487/scratch_namo/real_buildable/pool2/hard_201/rb_00040/env.xml,obstacle_0_movable,med,easy,0.0769,0.8462,10,100,13,7,130
/common/users/dm1487/scratch_namo/real_buildable/pool2/hard_201/rb_00042/env.xml,obstacle_0_movable,unsolvable,hard,0.0,0.0267,0,4,133,13,150
/common/users/dm1487/scratch_namo/real_buildable/pool2/hard_201/rb_00046/env.xml,obstacle_0_movable,med,easy,0.2,0.5733,15,28,0,32,75
/common/users/dm1487/scratch_namo/real_buildable/pool2/hard_201/rb_00048/env.xml,obstacle_0_movable,med,easy,0.24,0.72,12,24,0,14,50
/common/users/dm1487/scratch_namo/real_buildable/pool2/hard_201/rb_00050/env.xml,obstacle_0_movable,easy,easy,0.4,1.0,18,27,0,0,45
/common/users/dm1487/scratch_namo/real_buildable/pool2/hard_201/rb_00053/env.xml,obstacle_0_movable,med,easy,0.12,0.83,12,71,4,13,100
/common/users/dm1487/scratch_namo/real_buildable/pool2/hard_201/rb_00054/env.xml,obstacle_0_movable,med,easy,0.1867,0.68,14,37,0,24,75
/common/users/dm1487/scratch_namo/real_buildable/pool2/hard_201/rb_00056/env.xml,obstacle_0_movable,med,easy,0.0909,0.5818,5,27,0,23,55
/common/users/dm1487/scratch_namo/real_buildable/pool2/hard_201/rb_00058/env.xml,obstacle_0_movable,med,easy,0.15,0.85,9,42,4,5,60
/common/users/dm1487/scratch_namo/real_buildable/pool2/hard_201/rb_00059/env.xml,obstacle_0_movable,med,easy,0.1158,0.8737,11,72,0,12,95
/common/users/dm1487/scratch_namo/real_buildable/pool2/hard_201/rb_00061/env.xml,obstacle_0_movable,unsolvable,med,0.0,0.0571,0,4,32,34,70
/common/users/dm1487/scratch_namo/real_buildable/pool2/hard_201/rb_00064/env.xml,obstacle_0_movable,easy,easy,0.3,0.58,15,14,0,21,50
/common/users/dm1487/scratch_namo/real_buildable/pool2/hard_201/rb_00065/env.xml,obstacle_0_movable,med,easy,0.2533,0.76,19,38,0,18,75
/common/users/dm1487/scratch_namo/real_buildable/pool2/hard_201/rb_00066/env.xml,obstacle_0_movable,unsolvable,easy,0.0,0.6737,0,64,20,11,95
/common/users/dm1487/scratch_namo/real_buildable/pool2/hard_201/rb_00072/env.xml,obstacle_0_movable,med,easy,0.07,0.67,7,60,3,30,100
/common/users/dm1487/scratch_namo/real_buildable/pool2/hard_201/rb_00075/env.xml,obstacle_0_movable,med,easy,0.2167,0.65,13,26,0,21,60
/common/users/dm1487/scratch_namo/real_buildable/pool2/hard_201/rb_00077/env.xml,obstacle_0_movable,hard,easy,0.0348,0.7739,4,85,11,15,115
/common/users/dm1487/scratch_namo/real_buildable/pool2/hard_201/rb_00078/env.xml,obstacle_0_movable,unsolvable,unsolvable,0.0,0.0,0,0,5,5,10
/common/users/dm1487/scratch_namo/real_buildable/pool2/hard_201/rb_00079/env.xml,obstacle_0_movable,med,easy,0.1222,0.7778,11,59,1,19,90
/common/users/dm1487/scratch_namo/real_buildable/pool2/hard_202/rb_00002/env.xml,obstacle_0_movable,unsolvable,easy,0.0,0.3333,0,25,19,31,75
/common/users/dm1487/scratch_namo/real_buildable/pool2/hard_202/rb_00003/env.xml,obstacle_0_movable,unsolvable,hard,0.0,0.0296,0,4,84,47,135
/common/users/dm1487/scratch_namo/real_buildable/pool2/hard_202/rb_00005/env.xml,obstacle_0_movable,hard,easy,0.0211,0.4842,2,44,9,40,95
/common/users/dm1487/scratch_namo/real_buildable/pool2/hard_202/rb_00006/env.xml,obstacle_0_movable,med,easy,0.0519,0.763,7,96,25,7,135
/common/users/dm1487/scratch_namo/real_buildable/pool2/hard_202/rb_00007/env.xml,obstacle_0_movable,med,easy,0.2533,0.68,19,32,0,24,75
/common/users/dm1487/scratch_namo/real_buildable/pool2/hard_202/rb_00012/env.xml,obstacle_0_movable,med,easy,0.1524,0.8095,16,69,0,20,105
/common/users/dm1487/scratch_namo/real_buildable/pool2/hard_202/rb_00013/env.xml,obstacle_0_movable,unsolvable,med,0.0,0.1333,0,2,1,12,15
/common/users/dm1487/scratch_namo/real_buildable/pool2/hard_202/rb_00014/env.xml,obstacle_0_movable,unsolvable,med,0.0,0.1083,0,13,71,36,120
/common/users/dm1487/scratch_namo/real_buildable/pool2/hard_202/rb_00015/env.xml,obstacle_0_movable,unsolvable,med,0.0,0.2714,0,19,30,21,70
/common/users/dm1487/scratch_namo/real_buildable/pool2/hard_202/rb_00017/env.xml,obstacle_0_movable,med,easy,0.05,0.6833,6,76,32,6,120
/common/users/dm1487/scratch_namo/real_buildable/pool2/hard_202/rb_00019/env.xml,obstacle_0_movable,med,easy,0.24,0.64,18,30,0,27,75
/common/users/dm1487/scratch_namo/real_buildable/pool2/hard_202/rb_00020/env.xml,obstacle_0_movable,easy,easy,0.38,0.74,19,18,0,13,50
/common/users/dm1487/scratch_namo/real_buildable/pool2/hard_202/rb_00021/env.xml,obstacle_0_movable,med,easy,0.1889,0.8222,17,57,3,13,90
/common/users/dm1487/scratch_namo/real_buildable/pool2/hard_202/rb_00026/env.xml,obstacle_0_movable,med,easy,0.075,1.0,3,37,0,0,40
/common/users/dm1487/scratch_namo/real_buildable/pool2/hard_202/rb_00027/env.xml,obstacle_0_movable,hard,easy,0.0071,0.4429,1,61,78,0,140
/common/users/dm1487/scratch_namo/real_buildable/pool2/hard_202/rb_00030/env.xml,obstacle_0_movable,med,easy,0.1375,0.5375,11,32,10,27,80
/common/users/dm1487/scratch_namo/real_buildable/pool2/hard_202/rb_00031/env.xml,obstacle_0_movable,unsolvable,easy,0.0,0.575,0,69,6,45,120
/common/users/dm1487/scratch_namo/real_buildable/pool2/hard_202/rb_00036/env.xml,obstacle_0_movable,hard,easy,0.025,0.55,2,42,1,35,80
/common/users/dm1487/scratch_namo/real_buildable/pool2/hard_202/rb_00039/env.xml,obstacle_0_movable,hard,easy,0.032,0.648,4,77,35,9,125
/common/users/dm1487/scratch_namo/real_buildable/pool2/hard_202/rb_00042/env.xml,obstacle_0_movable,hard,easy,0.0286,0.6476,3,65,18,19,105
/common/users/dm1487/scratch_namo/real_buildable/pool2/hard_202/rb_00043/env.xml,obstacle_0_movable,unsolvable,unsolvable,0.0,0.0,0,0,111,4,115
/common/users/dm1487/scratch_namo/real_buildable/pool2/hard_202/rb_00044/env.xml,obstacle_0_movable,unsolvable,easy,0.0,0.6538,0,85,28,17,130
/common/users/dm1487/scratch_namo/real_buildable/pool2/hard_202/rb_00045/env.xml,obstacle_0_movable,med,easy,0.0545,0.8636,6,89,1,14,110
/common/users/dm1487/scratch_namo/real_buildable/pool2/hard_202/rb_00048/env.xml,obstacle_0_movable,med,easy,0.12,0.81,12,69,0,19,100
/common/users/dm1487/scratch_namo/real_buildable/pool2/hard_202/rb_00049/env.xml,obstacle_0_movable,unsolvable,med,0.0,0.1071,0,15,79,46,140
/common/users/dm1487/scratch_namo/real_buildable/pool2/hard_202/rb_00050/env.xml,obstacle_0_movable,med,easy,0.0667,0.4,2,10,5,13,30
/common/users/dm1487/scratch_namo/real_buildable/pool2/hard_202/rb_00052/env.xml,obstacle_0_movable,med,easy,0.1867,0.5467,14,27,0,34,75
/common/users/dm1487/scratch_namo/real_buildable/pool2/hard_202/rb_00053/env.xml,obstacle_0_movable,med,easy,0.125,0.6,10,38,0,32,80
/common/users/dm1487/scratch_namo/real_buildable/pool2/hard_202/rb_00054/env.xml,obstacle_0_movable,med,easy,0.0593,0.7111,8,88,36,3,135
/common/users/dm1487/scratch_namo/real_buildable/pool2/hard_202/rb_00055/env.xml,obstacle_0_movable,easy,easy,0.3143,0.6429,22,23,0,25,70
/common/users/dm1487/scratch_namo/real_buildable/pool2/hard_202/rb_00057/env.xml,obstacle_0_movable,easy,easy,0.4,1.0,16,24,0,0,40
/common/users/dm1487/scratch_namo/real_buildable/pool2/hard_202/rb_00058/env.xml,obstacle_0_movable,med,easy,0.1385,0.8462,9,46,3,7,65
/common/users/dm1487/scratch_namo/real_buildable/pool2/hard_202/rb_00061/env.xml,obstacle_0_movable,hard,easy,0.0455,0.8364,5,87,2,16,110
/common/users/dm1487/scratch_namo/real_buildable/pool2/hard_202/rb_00063/env.xml,obstacle_0_movable,unsolvable,med,0.0,0.087,0,10,100,5,115
/common/users/dm1487/scratch_namo/real_buildable/pool2/hard_202/rb_00064/env.xml,obstacle_0_movable,med,easy,0.0632,0.6737,6,58,0,31,95
/common/users/dm1487/scratch_namo/real_buildable/pool2/hard_202/rb_00065/env.xml,obstacle_0_movable,unsolvable,easy,0.0,0.4286,0,45,36,24,105
/common/users/dm1487/scratch_namo/real_buildable/pool2/hard_202/rb_00070/env.xml,obstacle_0_movable,hard,easy,0.04,0.8,2,38,0,10,50
/common/users/dm1487/scratch_namo/real_buildable/pool2/hard_202/rb_00071/env.xml,obstacle_0_movable,med,easy,0.0667,0.8,8,88,10,14,120
/common/users/dm1487/scratch_namo/real_buildable/pool2/hard_202/rb_00073/env.xml,obstacle_0_movable,easy,easy,0.3,0.7375,24,35,0,21,80
/common/users/dm1487/scratch_namo/real_buildable/pool2/hard_202/rb_00074/env.xml,obstacle_0_movable,hard,easy,0.0222,0.9,2,79,0,9,90
/common/users/dm1487/scratch_namo/real_buildable/pool2/hard_202/rb_00077/env.xml,obstacle_0_movable,med,easy,0.1273,0.6727,14,60,7,29,110
/common/users/dm1487/scratch_namo/real_buildable/pool2/hard_203/rb_00003/env.xml,obstacle_0_movable,med,easy,0.1444,0.6667,13,47,0,30,90
/common/users/dm1487/scratch_namo/real_buildable/pool2/hard_203/rb_00004/env.xml,obstacle_0_movable,unsolvable,easy,0.0,0.5684,0,54,19,22,95
/common/users/dm1487/scratch_namo/real_buildable/pool2/hard_203/rb_00006/env.xml,obstacle_0_movable,med,easy,0.28,0.76,14,24,0,12,50
/common/users/dm1487/scratch_namo/real_buildable/pool2/hard_203/rb_00007/env.xml,obstacle_0_movable,hard,easy,0.0308,0.7077,4,88,15,23,130
/common/users/dm1487/scratch_namo/real_buildable/pool2/hard_203/rb_00010/env.xml,obstacle_0_movable,med,easy,0.0667,0.5524,7,51,0,47,105
/common/users/dm1487/scratch_namo/real_buildable/pool2/hard_203/rb_00012/env.xml,obstacle_0_movable,unsolvable,unsolvable,0.0,0.0,0,0,84,41,125
/common/users/dm1487/scratch_namo/real_buildable/pool2/hard_203/rb_00014/env.xml,obstacle_0_movable,med,easy,0.06,0.77,6,71,7,16,100
/common/users/dm1487/scratch_namo/real_buildable/pool2/hard_203/rb_00016/env.xml,obstacle_0_movable,unsolvable,hard,0.0,0.04,0,6,100,44,150
/common/users/dm1487/scratch_namo/real_buildable/pool2/hard_203/rb_00018/env.xml,obstacle_0_movable,med,easy,0.14,0.73,14,59,6,21,100
/common/users/dm1487/scratch_namo/real_buildable/pool2/hard_203/rb_00019/env.xml,obstacle_0_movable,med,easy,0.1263,0.6105,12,46,1,36,95
/common/users/dm1487/scratch_namo/real_buildable/pool2/hard_203/rb_00020/env.xml,obstacle_0_movable,hard,easy,0.0261,0.5565,3,61,37,14,115
/common/users/dm1487/scratch_namo/real_buildable/pool2/hard_203/rb_00021/env.xml,obstacle_0_movable,med,easy,0.0571,0.8095,6,79,7,13,105
/common/users/dm1487/scratch_namo/real_buildable/pool2/hard_203/rb_00022/env.xml,obstacle_0_movable,easy,easy,0.3,0.8,18,30,0,12,60
/common/users/dm1487/scratch_namo/real_buildable/pool2/hard_203/rb_00024/env.xml,obstacle_0_movable,med,easy,0.0952,0.8286,10,77,2,16,105
/common/users/dm1487/scratch_namo/real_buildable/pool2/hard_203/rb_00025/env.xml,obstacle_0_movable,med,easy,0.06,0.62,6,56,0,38,100
/common/users/dm1487/scratch_namo/real_buildable/pool2/hard_203/rb_00026/env.xml,obstacle_0_movable,unsolvable,hard,0.0,0.0286,0,4,100,36,140
/common/users/dm1487/scratch_namo/real_buildable/pool2/hard_203/rb_00029/env.xml,obstacle_0_movable,med,easy,0.1294,0.7765,11,55,0,19,85
/common/users/dm1487/scratch_namo/real_buildable/pool2/hard_203/rb_00030/env.xml,obstacle_0_movable,med,easy,0.1143,0.7429,4,22,4,5,35
/common/users/dm1487/scratch_namo/real_buildable/pool2/hard_203/rb_00032/env.xml,obstacle_0_movable,med,easy,0.0632,0.5053,6,42,16,31,95
/common/users/dm1487/scratch_namo/real_buildable/pool2/hard_203/rb_00033/env.xml,obstacle_0_movable,med,easy,0.0522,0.7565,6,81,19,9,115
/common/users/dm1487/scratch_namo/real_buildable/pool2/hard_203/rb_00034/env.xml,obstacle_0_movable,med,easy,0.2,0.9474,19,71,1,4,95
/common/users/dm1487/scratch_namo/real_buildable/pool2/hard_203/rb_00035/env.xml,obstacle_0_movable,unsolvable,hard,0.0,0.0483,0,7,74,64,145
/common/users/dm1487/scratch_namo/real_buildable/pool2/hard_203/rb_00037/env.xml,obstacle_0_movable,unsolvable,easy,0.0,0.4,0,30,27,18,75
/common/users/dm1487/scratch_namo/real_buildable/pool2/hard_203/rb_00038/env.xml,obstacle_0_movable,hard,easy,0.024,0.704,3,85,31,6,125
/common/users/dm1487/scratch_namo/real_buildable/pool2/hard_203/rb_00040/env.xml,obstacle_0_movable,med,easy,0.1182,0.8636,13,82,13,2,110
/common/users/dm1487/scratch_namo/real_buildable/pool2/hard_203/rb_00041/env.xml,obstacle_0_movable,med,easy,0.1789,0.6842,17,48,0,30,95
/common/users/dm1487/scratch_namo/real_buildable/pool2/hard_203/rb_00043/env.xml,obstacle_0_movable,easy,easy,0.4,1.0,18,27,0,0,45
/common/users/dm1487/scratch_namo/real_buildable/pool2/hard_203/rb_00046/env.xml,obstacle_0_movable,med,easy,0.1143,0.8571,12,78,9,6,105
/common/users/dm1487/scratch_namo/real_buildable/pool2/hard_203/rb_00048/env.xml,obstacle_0_movable,unsolvable,easy,0.0,0.4667,0,42,44,4,90
/common/users/dm1487/scratch_namo/real_buildable/pool2/hard_203/rb_00050/env.xml,obstacle_0_movable,hard,easy,0.0276,0.3448,4,46,65,30,145
/common/users/dm1487/scratch_namo/real_buildable/pool2/hard_203/rb_00053/env.xml,obstacle_0_movable,med,easy,0.2933,0.88,22,44,0,9,75
/common/users/dm1487/scratch_namo/real_buildable/pool2/hard_203/rb_00054/env.xml,obstacle_0_movable,unsolvable,unsolvable,0.0,0.0,0,0,102,43,145
/common/users/dm1487/scratch_namo/real_buildable/pool2/hard_203/rb_00057/env.xml,obstacle_0_movable,med,easy,0.2316,0.8737,22,61,0,12,95
/common/users/dm1487/scratch_namo/real_buildable/pool2/hard_203/rb_00059/env.xml,obstacle_0_movable,med,easy,0.2533,0.72,19,35,0,21,75
/common/users/dm1487/scratch_namo/real_buildable/pool2/hard_203/rb_00060/env.xml,obstacle_0_movable,easy,easy,0.3152,0.9636,52,107,0,6,165
/common/users/dm1487/scratch_namo/real_buildable/pool2/hard_203/rb_00063/env.xml,obstacle_0_movable,unsolvable,easy,0.0,0.632,0,79,27,19,125
/common/users/dm1487/scratch_namo/real_buildable/pool2/hard_203/rb_00064/env.xml,obstacle_0_movable,med,med,0.0571,0.2857,2,8,15,10,35
/common/users/dm1487/scratch_namo/real_buildable/pool2/hard_203/rb_00065/env.xml,obstacle_0_movable,med,easy,0.1,0.89,10,79,5,6,100
/common/users/dm1487/scratch_namo/real_buildable/pool2/hard_203/rb_00066/env.xml,obstacle_0_movable,med,easy,0.0571,0.7714,6,75,14,10,105
/common/users/dm1487/scratch_namo/real_buildable/pool2/hard_203/rb_00067/env.xml,obstacle_0_movable,unsolvable,med,0.0,0.2286,0,24,59,22,105
/common/users/dm1487/scratch_namo/real_buildable/pool2/hard_203/rb_00069/env.xml,obstacle_0_movable,med,easy,0.2941,0.9294,25,54,0,6,85
/common/users/dm1487/scratch_namo/real_buildable/pool2/hard_203/rb_00070/env.xml,obstacle_0_movable,unsolvable,med,0.0,0.0533,0,8,108,34,150
/common/users/dm1487/scratch_namo/real_buildable/pool2/hard_203/rb_00071/env.xml,obstacle_0_movable,unsolvable,hard,0.0,0.0476,0,5,63,37,105
/common/users/dm1487/scratch_namo/real_buildable/pool2/hard_203/rb_00073/env.xml,obstacle_0_movable,med,easy,0.2571,0.8,18,38,0,14,70
/common/users/dm1487/scratch_namo/real_buildable/pool2/hard_203/rb_00075/env.xml,obstacle_0_movable,unsolvable,unsolvable,0.0,0.0,0,0,101,39,140
/common/users/dm1487/scratch_namo/real_buildable/pool2/hard_203/rb_00076/env.xml,obstacle_0_movable,med,easy,0.25,0.925,20,54,0,6,80
/common/users/dm1487/scratch_namo/real_buildable/pool2/hard_203/rb_00078/env.xml,obstacle_0_movable,med,easy,0.25,0.8,20,44,0,16,80
/common/users/dm1487/scratch_namo/real_buildable/pool2/hard_204/rb_00004/env.xml,obstacle_0_movable,hard,easy,0.0476,0.8,5,79,10,11,105
/common/users/dm1487/scratch_namo/real_buildable/pool2/hard_204/rb_00006/env.xml,obstacle_0_movable,easy,easy,0.3467,0.92,26,43,0,6,75
/common/users/dm1487/scratch_namo/real_buildable/pool2/hard_204/rb_00007/env.xml,obstacle_0_movable,easy,easy,0.3467,0.7733,26,32,0,17,75
/common/users/dm1487/scratch_namo/real_buildable/pool2/hard_204/rb_00009/env.xml,obstacle_0_movable,hard,easy,0.0091,0.4091,1,44,24,41,110
/common/users/dm1487/scratch_namo/real_buildable/pool2/hard_204/rb_00010/env.xml,obstacle_0_movable,unsolvable,easy,0.0,0.7895,0,75,8,12,95
/common/users/dm1487/scratch_namo/real_buildable/pool2/hard_204/rb_00012/env.xml,obstacle_0_movable,hard,easy,0.0222,0.4815,3,62,61,9,135
/common/users/dm1487/scratch_namo/real_buildable/pool2/hard_204/rb_00014/env.xml,obstacle_0_movable,hard,easy,0.0455,0.6091,5,62,4,39,110
/common/users/dm1487/scratch_namo/real_buildable/pool2/hard_204/rb_00017/env.xml,obstacle_0_movable,med,easy,0.0923,0.6615,6,37,5,17,65
/common/users/dm1487/scratch_namo/real_buildable/pool2/hard_204/rb_00018/env.xml,obstacle_0_movable,unsolvable,hard,0.0,0.0345,0,5,99,41,145
/common/users/dm1487/scratch_namo/real_buildable/pool2/hard_204/rb_00020/env.xml,obstacle_0_movable,hard,easy,0.0194,0.7226,3,109,20,23,155
/common/users/dm1487/scratch_namo/real_buildable/pool2/hard_204/rb_00024/env.xml,obstacle_0_movable,unsolvable,med,0.0,0.2385,0,31,66,33,130
/common/users/dm1487/scratch_namo/real_buildable/pool2/hard_204/rb_00033/env.xml,obstacle_0_movable,med,easy,0.1625,0.7125,13,44,0,23,80
/common/users/dm1487/scratch_namo/real_buildable/pool2/hard_204/rb_00034/env.xml,obstacle_0_movable,med,easy,0.24,0.7467,18,38,0,19,75
/common/users/dm1487/scratch_namo/real_buildable/pool2/hard_204/rb_00036/env.xml,obstacle_0_movable,unsolvable,unsolvable,0.0,0.0,0,0,11,4,15
/common/users/dm1487/scratch_namo/real_buildable/pool2/hard_204/rb_00037/env.xml,obstacle_0_movable,med,easy,0.0769,0.6,5,34,11,15,65
/common/users/dm1487/scratch_namo/real_buildable/pool2/hard_204/rb_00040/env.xml,obstacle_0_movable,med,easy,0.1684,0.7158,16,52,0,27,95
/common/users/dm1487/scratch_namo/real_buildable/pool2/hard_204/rb_00042/env.xml,obstacle_0_movable,easy,easy,0.4462,0.8462,29,26,0,10,65
/common/users/dm1487/scratch_namo/real_buildable/pool2/hard_204/rb_00046/env.xml,obstacle_0_movable,med,easy,0.2533,0.6933,19,33,0,23,75
/common/users/dm1487/scratch_namo/real_buildable/pool2/hard_204/rb_00047/env.xml,obstacle_0_movable,med,easy,0.2133,0.7467,16,40,0,19,75
/common/users/dm1487/scratch_namo/real_buildable/pool2/hard_204/rb_00051/env.xml,obstacle_0_movable,easy,easy,0.32,0.86,16,27,0,7,50
/common/users/dm1487/scratch_namo/real_buildable/pool2/hard_204/rb_00058/env.xml,obstacle_0_movable,med,easy,0.1789,0.8105,17,60,0,18,95
/common/users/dm1487/scratch_namo/real_buildable/pool2/hard_204/rb_00059/env.xml,obstacle_0_movable,easy,easy,0.4286,0.8571,15,15,0,5,35
/common/users/dm1487/scratch_namo/real_buildable/pool2/hard_204/rb_00063/env.xml,obstacle_0_movable,unsolvable,easy,0.0,0.5455,0,60,41,9,110
/common/users/dm1487/scratch_namo/real_buildable/pool2/hard_204/rb_00066/env.xml,obstacle_0_movable,med,easy,0.2,0.6308,13,28,0,24,65
/common/users/dm1487/scratch_namo/real_buildable/pool2/hard_204/rb_00070/env.xml,obstacle_0_movable,hard,easy,0.0421,0.5158,4,45,25,21,95
/common/users/dm1487/scratch_namo/real_buildable/pool2/hard_204/rb_00071/env.xml,obstacle_0_movable,med,easy,0.1,0.8333,9,66,0,15,90
/common/users/dm1487/scratch_namo/real_buildable/pool2/hard_204/rb_00072/env.xml,obstacle_0_movable,med,easy,0.1,0.7,7,42,13,8,70
/common/users/dm1487/scratch_namo/real_buildable/pool2/hard_204/rb_00078/env.xml,obstacle_0_movable,unsolvable,med,0.0,0.0667,0,1,0,14,15
/common/users/dm1487/scratch_namo/real_buildable/pool2/hard_205/rb_00002/env.xml,obstacle_0_movable,med,easy,0.0636,0.7273,7,73,22,8,110
/common/users/dm1487/scratch_namo/real_buildable/pool2/hard_205/rb_00004/env.xml,obstacle_0_movable,med,easy,0.0947,0.7684,9,64,0,22,95
/common/users/dm1487/scratch_namo/real_buildable/pool2/hard_205/rb_00006/env.xml,obstacle_0_movable,hard,easy,0.0118,0.7412,1,62,3,19,85
/common/users/dm1487/scratch_namo/real_buildable/pool2/hard_205/rb_00010/env.xml,obstacle_0_movable,easy,easy,0.3059,0.8706,26,48,0,11,85
/common/users/dm1487/scratch_namo/real_buildable/pool2/hard_205/rb_00011/env.xml,obstacle_0_movable,unsolvable,easy,0.0,0.5,0,10,8,2,20
/common/users/dm1487/scratch_namo/real_buildable/pool2/hard_205/rb_00012/env.xml,obstacle_0_movable,unsolvable,easy,0.0,0.5182,0,57,39,14,110
/common/users/dm1487/scratch_namo/real_buildable/pool2/hard_205/rb_00013/env.xml,obstacle_0_movable,med,easy,0.0522,0.6609,6,70,26,13,115
/common/users/dm1487/scratch_namo/real_buildable/pool2/hard_205/rb_00016/env.xml,obstacle_0_movable,med,easy,0.2,0.45,12,15,0,33,60
/common/users/dm1487/scratch_namo/real_buildable/pool2/hard_205/rb_00017/env.xml,obstacle_0_movable,unsolvable,hard,0.0,0.0211,0,2,65,28,95
/common/users/dm1487/scratch_namo/real_buildable/pool2/hard_205/rb_00018/env.xml,obstacle_0_movable,unsolvable,unsolvable,0.0,0.0,0,0,5,0,5
/common/users/dm1487/scratch_namo/real_buildable/pool2/hard_205/rb_00019/env.xml,obstacle_0_movable,med,easy,0.0522,0.5043,6,52,26,31,115
/common/users/dm1487/scratch_namo/real_buildable/pool2/hard_205/rb_00021/env.xml,obstacle_0_movable,unsolvable,med,0.0,0.2273,0,25,24,61,110
/common/users/dm1487/scratch_namo/real_buildable/pool2/hard_205/rb_00022/env.xml,obstacle_0_movable,med,easy,0.1172,0.5034,17,56,61,11,145
/common/users/dm1487/scratch_namo/real_buildable/pool2/hard_205/rb_00023/env.xml,obstacle_0_movable,unsolvable,med,0.0,0.269,0,39,106,0,145
/common/users/dm1487/scratch_namo/real_buildable/pool2/hard_205/rb_00024/env.xml,obstacle_0_movable,unsolvable,easy,0.0,0.7125,0,57,2,21,80
/common/users/dm1487/scratch_namo/real_buildable/pool2/hard_205/rb_00027/env.xml,obstacle_0_movable,unsolvable,med,0.0,0.2667,0,28,61,16,105
/common/users/dm1487/scratch_namo/real_buildable/pool2/hard_205/rb_00032/env.xml,obstacle_0_movable,med,easy,0.1667,1.0,15,75,0,0,90
/common/users/dm1487/scratch_namo/real_buildable/pool2/hard_205/rb_00034/env.xml,obstacle_0_movable,med,easy,0.2133,0.6,16,29,0,30,75
/common/users/dm1487/scratch_namo/real_buildable/pool2/hard_205/rb_00043/env.xml,obstacle_0_movable,med,easy,0.12,0.82,6,35,9,0,50
/common/users/dm1487/scratch_namo/real_buildable/pool2/hard_205/rb_00045/env.xml,obstacle_0_movable,med,easy,0.1231,0.8923,8,50,0,7,65
/common/users/dm1487/scratch_namo/real_buildable/pool2/hard_205/rb_00048/env.xml,obstacle_0_movable,med,easy,0.2533,0.7333,19,36,0,20,75
/common/users/dm1487/scratch_namo/real_buildable/pool2/hard_205/rb_00050/env.xml,obstacle_0_movable,med,med,0.1,0.25,2,3,0,15,20
/common/users/dm1487/scratch_namo/real_buildable/pool2/hard_205/rb_00051/env.xml,obstacle_0_movable,med,easy,0.1857,0.8429,13,46,6,5,70
/common/users/dm1487/scratch_namo/real_buildable/pool2/hard_205/rb_00053/env.xml,obstacle_0_movable,med,easy,0.1867,0.7333,14,41,0,20,75
/common/users/dm1487/scratch_namo/real_buildable/pool2/hard_205/rb_00054/env.xml,obstacle_0_movable,unsolvable,med,0.0,0.248,0,31,45,49,125
/common/users/dm1487/scratch_namo/real_buildable/pool2/hard_205/rb_00055/env.xml,obstacle_0_movable,easy,easy,0.3467,0.9467,26,45,0,4,75
/common/users/dm1487/scratch_namo/real_buildable/pool2/hard_205/rb_00056/env.xml,obstacle_0_movable,unsolvable,easy,0.0,0.5667,0,68,35,17,120
/common/users/dm1487/scratch_namo/real_buildable/pool2/hard_205/rb_00058/env.xml,obstacle_0_movable,hard,easy,0.019,0.3714,2,37,19,47,105
/common/users/dm1487/scratch_namo/real_buildable/pool2/hard_205/rb_00059/env.xml,obstacle_0_movable,unsolvable,med,0.0,0.1895,0,18,64,13,95
/common/users/dm1487/scratch_namo/real_buildable/pool2/hard_205/rb_00061/env.xml,obstacle_0_movable,unsolvable,unsolvable,0.0,0.0,0,0,53,7,60
/common/users/dm1487/scratch_namo/real_buildable/pool2/hard_205/rb_00062/env.xml,obstacle_0_movable,hard,easy,0.0267,0.7333,2,53,0,20,75
/common/users/dm1487/scratch_namo/real_buildable/pool2/hard_205/rb_00063/env.xml,obstacle_0_movable,med,easy,0.1048,0.8857,11,82,4,8,105
/common/users/dm1487/scratch_namo/real_buildable/pool2/hard_205/rb_00064/env.xml,obstacle_0_movable,unsolvable,hard,0.0,0.0348,0,4,81,30,115
/common/users/dm1487/scratch_namo/real_buildable/pool2/hard_205/rb_00065/env.xml,obstacle_0_movable,unsolvable,med,0.0,0.1714,0,12,58,0,70
/common/users/dm1487/scratch_namo/real_buildable/pool2/hard_205/rb_00069/env.xml,obstacle_0_movable,easy,easy,0.3067,0.6,23,22,0,30,75
/common/users/dm1487/scratch_namo/real_buildable/pool2/hard_205/rb_00071/env.xml,obstacle_0_movable,unsolvable,med,0.0,0.24,0,6,7,12,25
/common/users/dm1487/scratch_namo/real_buildable/pool2/hard_205/rb_00073/env.xml,obstacle_0_movable,hard,easy,0.0118,0.6353,1,53,9,22,85
/common/users/dm1487/scratch_namo/real_buildable/pool2/hard_205/rb_00074/env.xml,obstacle_0_movable,med,easy,0.0875,0.65,7,45,1,27,80
/common/users/dm1487/scratch_namo/real_buildable/pool2/hard_205/rb_00075/env.xml,obstacle_0_movable,unsolvable,med,0.0,0.1,0,1,0,9,10
/common/users/dm1487/scratch_namo/real_buildable/pool2/hard_205/rb_00077/env.xml,obstacle_0_movable,med,easy,0.0857,0.5286,6,31,9,24,70
/common/users/dm1487/scratch_namo/real_buildable/pool2/hard_206/rb_00001/env.xml,obstacle_0_movable,med,easy,0.05,0.35,3,18,16,23,60
/common/users/dm1487/scratch_namo/real_buildable/pool2/hard_206/rb_00002/env.xml,obstacle_0_movable,hard,easy,0.048,0.728,6,85,26,8,125
/common/users/dm1487/scratch_namo/real_buildable/pool2/hard_206/rb_00005/env.xml,obstacle_0_movable,unsolvable,easy,0.0,0.584,0,73,43,9,125
/common/users/dm1487/scratch_namo/real_buildable/pool2/hard_206/rb_00006/env.xml,obstacle_0_movable,easy,easy,0.3333,0.8333,20,30,0,10,60
/common/users/dm1487/scratch_namo/real_buildable/pool2/hard_206/rb_00009/env.xml,obstacle_0_movable,unsolvable,med,0.0,0.0643,0,9,99,32,140
/common/users/dm1487/scratch_namo/real_buildable/pool2/hard_206/rb_00010/env.xml,obstacle_0_movable,med,easy,0.2267,0.6667,17,33,0,25,75
/common/users/dm1487/scratch_namo/real_buildable/pool2/hard_206/rb_00011/env.xml,obstacle_0_movable,unsolvable,hard,0.0,0.0214,0,3,99,38,140
/common/users/dm1487/scratch_namo/real_buildable/pool2/hard_206/rb_00012/env.xml,obstacle_0_movable,easy,easy,0.3556,0.8889,16,24,0,5,45
/common/users/dm1487/scratch_namo/real_buildable/pool2/hard_206/rb_00014/env.xml,obstacle_0_movable,med,easy,0.2286,0.7286,16,35,0,19,70
/common/users/dm1487/scratch_namo/real_buildable/pool2/hard_206/rb_00015/env.xml,obstacle_0_movable,unsolvable,unsolvable,0.0,0.0,0,0,55,25,80
/common/users/dm1487/scratch_namo/real_buildable/pool2/hard_206/rb_00017/env.xml,obstacle_0_movable,med,easy,0.2933,0.8667,22,43,0,10,75
/common/users/dm1487/scratch_namo/real_buildable/pool2/hard_206/rb_00018/env.xml,obstacle_0_movable,med,easy,0.1143,0.4571,8,24,10,28,70
/common/users/dm1487/scratch_namo/real_buildable/pool2/hard_206/rb_00020/env.xml,obstacle_0_movable,unsolvable,med,0.0,0.08,0,8,60,32,100
/common/users/dm1487/scratch_namo/real_buildable/pool2/hard_206/rb_00023/env.xml,obstacle_0_movable,unsolvable,unsolvable,0.0,0.0,0,0,118,17,135
/common/users/dm1487/scratch_namo/real_buildable/pool2/hard_206/rb_00024/env.xml,obstacle_0_movable,easy,easy,0.3867,0.9867,29,45,0,1,75
/common/users/dm1487/scratch_namo/real_buildable/pool2/hard_206/rb_00027/env.xml,obstacle_0_movable,unsolvable,hard,0.0,0.0174,0,2,92,21,115
/common/users/dm1487/scratch_namo/real_buildable/pool2/hard_206/rb_00029/env.xml,obstacle_0_movable,med,easy,0.0667,0.8571,7,83,5,10,105
/common/users/dm1487/scratch_namo/real_buildable/pool2/hard_206/rb_00032/env.xml,obstacle_0_movable,med,easy,0.1667,0.9083,20,89,0,11,120
/common/users/dm1487/scratch_namo/real_buildable/pool2/hard_206/rb_00033/env.xml,obstacle_0_movable,med,easy,0.06,0.7867,9,109,30,2,150
/common/users/dm1487/scratch_namo/real_buildable/pool2/hard_206/rb_00037/env.xml,obstacle_0_movable,med,easy,0.2571,0.6429,18,27,0,25,70
/common/users/dm1487/scratch_namo/real_buildable/pool2/hard_206/rb_00038/env.xml,obstacle_0_movable,med,easy,0.1636,0.8818,18,79,3,10,110
/common/users/dm1487/scratch_namo/real_buildable/pool2/hard_206/rb_00041/env.xml,obstacle_0_movable,med,easy,0.16,1.0,8,42,0,0,50
/common/users/dm1487/scratch_namo/real_buildable/pool2/hard_206/rb_00042/env.xml,obstacle_0_movable,easy,easy,0.5778,1.0,26,19,0,0,45
/common/users/dm1487/scratch_namo/real_buildable/pool2/hard_206/rb_00046/env.xml,obstacle_0_movable,hard,easy,0.0261,0.6174,3,68,28,16,115
/common/users/dm1487/scratch_namo/real_buildable/pool2/hard_206/rb_00050/env.xml,obstacle_0_movable,hard,easy,0.0381,0.7048,4,70,11,20,105
/common/users/dm1487/scratch_namo/real_buildable/pool2/hard_206/rb_00053/env.xml,obstacle_0_movable,easy,easy,0.3,0.8,18,30,0,12,60
/common/users/dm1487/scratch_namo/real_buildable/pool2/hard_206/rb_00054/env.xml,obstacle_0_movable,unsolvable,easy,0.0,0.775,0,93,15,12,120
/common/users/dm1487/scratch_namo/real_buildable/pool2/hard_206/rb_00055/env.xml,obstacle_0_movable,hard,easy,0.02,0.5,2,48,25,25,100
/common/users/dm1487/scratch_namo/real_buildable/pool2/hard_206/rb_00058/env.xml,obstacle_0_movable,med,easy,0.2909,0.8545,16,31,0,8,55
/common/users/dm1487/scratch_namo/real_buildable/pool2/hard_206/rb_00064/env.xml,obstacle_0_movable,med,easy,0.0571,0.7714,6,75,6,18,105
/common/users/dm1487/scratch_namo/real_buildable/pool2/hard_206/rb_00066/env.xml,obstacle_0_movable,hard,med,0.0333,0.1667,1,4,10,15,30
/common/users/dm1487/scratch_namo/real_buildable/pool2/hard_206/rb_00067/env.xml,obstacle_0_movable,easy,easy,0.3833,0.85,23,28,0,9,60
/common/users/dm1487/scratch_namo/real_buildable/pool2/hard_206/rb_00068/env.xml,obstacle_0_movable,unsolvable,hard,0.0,0.0267,0,2,47,26,75
/common/users/dm1487/scratch_namo/real_buildable/pool2/hard_206/rb_00069/env.xml,obstacle_0_movable,med,easy,0.2667,0.8133,20,41,0,14,75
/common/users/dm1487/scratch_namo/real_buildable/pool2/hard_206/rb_00070/env.xml,obstacle_0_movable,med,easy,0.0571,0.6571,6,63,14,22,105
/common/users/dm1487/scratch_namo/real_buildable/pool2/hard_206/rb_00071/env.xml,obstacle_0_movable,hard,easy,0.0074,0.6963,1,93,35,6,135
/common/users/dm1487/scratch_namo/real_buildable/pool2/hard_206/rb_00072/env.xml,obstacle_0_movable,med,easy,0.0889,0.6667,8,52,0,30,90
/common/users/dm1487/scratch_namo/real_buildable/pool2/hard_206/rb_00075/env.xml,obstacle_0_movable,med,easy,0.0583,0.7083,7,78,20,15,120
/common/users/dm1487/scratch_namo/real_buildable/pool2/hard_206/rb_00079/env.xml,obstacle_0_movable,unsolvable,hard,0.0,0.0083,0,1,111,8,120
/common/users/dm1487/scratch_namo/real_buildable/pool2/hard_207/rb_00000/env.xml,obstacle_0_movable,hard,easy,0.0381,0.6095,4,60,0,41,105
/common/users/dm1487/scratch_namo/real_buildable/pool2/hard_207/rb_00002/env.xml,obstacle_0_movable,easy,easy,0.3778,0.8667,17,22,0,6,45
/common/users/dm1487/scratch_namo/real_buildable/pool2/hard_207/rb_00006/env.xml,obstacle_0_movable,unsolvable,easy,0.0,0.36,0,45,55,25,125
/common/users/dm1487/scratch_namo/real_buildable/pool2/hard_207/rb_00008/env.xml,obstacle_0_movable,easy,easy,0.32,0.84,8,13,0,4,25
/common/users/dm1487/scratch_namo/real_buildable/pool2/hard_207/rb_00010/env.xml,obstacle_0_movable,med,easy,0.2,0.8,3,9,0,3,15
/common/users/dm1487/scratch_namo/real_buildable/pool2/hard_207/rb_00011/env.xml,obstacle_0_movable,hard,easy,0.0455,0.6455,5,66,4,35,110
/common/users/dm1487/scratch_namo/real_buildable/pool2/hard_207/rb_00013/env.xml,obstacle_0_movable,hard,easy,0.0133,0.56,1,41,4,29,75
/common/users/dm1487/scratch_namo/real_buildable/pool2/hard_207/rb_00014/env.xml,obstacle_0_movable,med,easy,0.0545,0.5636,3,28,10,14,55
/common/users/dm1487/scratch_namo/real_buildable/pool2/hard_207/rb_00016/env.xml,obstacle_0_movable,unsolvable,easy,0.0,0.3286,0,23,25,22,70
/common/users/dm1487/scratch_namo/real_buildable/pool2/hard_207/rb_00019/env.xml,obstacle_0_movable,med,easy,0.1,0.7,3,18,4,5,30
/common/users/dm1487/scratch_namo/real_buildable/pool2/hard_207/rb_00021/env.xml,obstacle_0_movable,hard,easy,0.0364,0.7909,4,83,14,9,110
/common/users/dm1487/scratch_namo/real_buildable/pool2/hard_207/rb_00025/env.xml,obstacle_0_movable,unsolvable,unsolvable,0.0,0.0,0,0,0,10,10
/common/users/dm1487/scratch_namo/real_buildable/pool2/hard_207/rb_00026/env.xml,obstacle_0_movable,unsolvable,med,0.0,0.0867,0,13,114,23,150
/common/users/dm1487/scratch_namo/real_buildable/pool2/hard_207/rb_00031/env.xml,obstacle_0_movable,med,easy,0.1143,0.6571,4,19,3,9,35
/common/users/dm1487/scratch_namo/real_buildable/pool2/hard_207/rb_00034/env.xml,obstacle_0_movable,unsolvable,med,0.0,0.0833,0,5,26,29,60
/common/users/dm1487/scratch_namo/real_buildable/pool2/hard_207/rb_00037/env.xml,obstacle_0_movable,med,easy,0.1,0.8333,6,44,0,10,60
/common/users/dm1487/scratch_namo/real_buildable/pool2/hard_207/rb_00039/env.xml,obstacle_0_movable,easy,easy,0.3,1.0,9,21,0,0,30
/common/users/dm1487/scratch_namo/real_buildable/pool2/hard_207/rb_00040/env.xml,obstacle_0_movable,easy,easy,0.36,0.72,27,27,0,21,75
/common/users/dm1487/scratch_namo/real_buildable/pool2/hard_207/rb_00043/env.xml,obstacle_0_movable,unsolvable,unsolvable,0.0,0.0,0,0,30,5,35
/common/users/dm1487/scratch_namo/real_buildable/pool2/hard_207/rb_00044/env.xml,obstacle_0_movable,med,easy,0.1273,0.5455,7,23,0,25,55
/common/users/dm1487/scratch_namo/real_buildable/pool2/hard_207/rb_00049/env.xml,obstacle_0_movable,med,easy,0.2133,0.64,16,32,0,27,75
/common/users/dm1487/scratch_namo/real_buildable/pool2/hard_207/rb_00053/env.xml,obstacle_0_movable,unsolvable,hard,0.0,0.0467,0,7,97,46,150
/common/users/dm1487/scratch_namo/real_buildable/pool2/hard_207/rb_00054/env.xml,obstacle_0_movable,med,easy,0.0667,0.7185,9,88,26,12,135
/common/users/dm1487/scratch_namo/real_buildable/pool2/hard_207/rb_00055/env.xml,obstacle_0_movable,hard,easy,0.0069,0.7172,1,103,40,1,145
/common/users/dm1487/scratch_namo/real_buildable/pool2/hard_207/rb_00056/env.xml,obstacle_0_movable,unsolvable,easy,0.0,0.3826,0,44,55,16,115
/common/users/dm1487/scratch_namo/real_buildable/pool2/hard_207/rb_00058/env.xml,obstacle_0_movable,med,easy,0.1529,0.8353,13,58,0,14,85
/common/users/dm1487/scratch_namo/real_buildable/pool2/hard_207/rb_00060/env.xml,obstacle_0_movable,med,easy,0.2,0.55,8,14,0,18,40
/common/users/dm1487/scratch_namo/real_buildable/pool2/hard_207/rb_00062/env.xml,obstacle_0_movable,med,easy,0.2111,0.8111,19,54,0,17,90
/common/users/dm1487/scratch_namo/real_buildable/pool2/hard_207/rb_00064/env.xml,obstacle_0_movable,unsolvable,med,0.0,0.0571,0,2,24,9,35
/common/users/dm1487/scratch_namo/real_buildable/pool2/hard_207/rb_00068/env.xml,obstacle_0_movable,med,easy,0.1333,0.7778,12,58,0,20,90
/common/users/dm1487/scratch_namo/real_buildable/pool2/hard_207/rb_00071/env.xml,obstacle_0_movable,unsolvable,easy,0.0,0.4235,0,36,34,15,85
/common/users/dm1487/scratch_namo/real_buildable/pool2/hard_207/rb_00072/env.xml,obstacle_0_movable,unsolvable,med,0.0,0.09,0,9,57,34,100
/common/users/dm1487/scratch_namo/real_buildable/pool2/hard_207/rb_00073/env.xml,obstacle_0_movable,med,easy,0.0952,0.6095,10,54,5,36,105
/common/users/dm1487/scratch_namo/real_buildable/pool2/hard_207/rb_00075/env.xml,obstacle_0_movable,easy,easy,0.45,1.0,9,11,0,0,20
/common/users/dm1487/scratch_namo/real_buildable/pool2/hard_207/rb_00077/env.xml,obstacle_0_movable,med,easy,0.2353,0.7647,20,45,0,20,85
/common/users/dm1487/scratch_namo/real_buildable/pool2/hard_208/rb_00005/env.xml,obstacle_0_movable,unsolvable,med,0.0,0.0522,0,6,66,43,115
/common/users/dm1487/scratch_namo/real_buildable/pool2/hard_208/rb_00007/env.xml,obstacle_0_movable,med,easy,0.1167,0.5,7,23,12,18,60
/common/users/dm1487/scratch_namo/real_buildable/pool2/hard_208/rb_00018/env.xml,obstacle_0_movable,unsolvable,med,0.0,0.08,0,12,96,42,150
/common/users/dm1487/scratch_namo/real_buildable/pool2/hard_208/rb_00020/env.xml,obstacle_0_movable,unsolvable,easy,0.0,0.4769,0,31,32,2,65
/common/users/dm1487/scratch_namo/real_buildable/pool2/hard_208/rb_00021/env.xml,obstacle_0_movable,easy,easy,0.3333,0.9,10,17,0,3,30
/common/users/dm1487/scratch_namo/real_buildable/pool2/hard_208/rb_00022/env.xml,obstacle_0_movable,med,easy,0.2333,0.7222,21,44,0,25,90
/common/users/dm1487/scratch_namo/real_buildable/pool2/hard_208/rb_00024/env.xml,obstacle_0_movable,easy,easy,0.32,0.8,8,12,0,5,25
/common/users/dm1487/scratch_namo/real_buildable/pool2/hard_208/rb_00026/env.xml,obstacle_0_movable,med,easy,0.0783,0.8,9,83,16,7,115
/common/users/dm1487/scratch_namo/real_buildable/pool2/hard_208/rb_00029/env.xml,obstacle_0_movable,hard,easy,0.04,0.62,4,58,1,37,100
/common/users/dm1487/scratch_namo/real_buildable/pool2/hard_208/rb_00033/env.xml,obstacle_0_movable,med,easy,0.1273,0.8364,7,39,0,9,55
/common/users/dm1487/scratch_namo/real_buildable/pool2/hard_208/rb_00036/env.xml,obstacle_0_movable,easy,easy,0.3429,0.9143,12,20,0,3,35
/common/users/dm1487/scratch_namo/real_buildable/pool2/hard_208/rb_00037/env.xml,obstacle_0_movable,easy,easy,0.3273,0.8727,18,30,0,7,55
/common/users/dm1487/scratch_namo/real_buildable/pool2/hard_208/rb_00038/env.xml,obstacle_0_movable,med,easy,0.2,0.5714,14,26,0,30,70
/common/users/dm1487/scratch_namo/real_buildable/pool2/hard_208/rb_00042/env.xml,obstacle_0_movable,med,easy,0.1789,0.8632,17,65,5,8,95
/common/users/dm1487/scratch_namo/real_buildable/pool2/hard_208/rb_00043/env.xml,obstacle_0_movable,unsolvable,med,0.0,0.2381,0,25,44,36,105
/common/users/dm1487/scratch_namo/real_buildable/pool2/hard_208/rb_00047/env.xml,obstacle_0_movable,unsolvable,med,0.0,0.2952,0,31,55,19,105
/common/users/dm1487/scratch_namo/real_buildable/pool2/hard_208/rb_00048/env.xml,obstacle_0_movable,unsolvable,hard,0.0,0.02,0,3,115,32,150
/common/users/dm1487/scratch_namo/real_buildable/pool2/hard_208/rb_00049/env.xml,obstacle_0_movable,unsolvable,med,0.0,0.2667,0,12,15,18,45
/common/users/dm1487/scratch_namo/real_buildable/pool2/hard_208/rb_00050/env.xml,obstacle_0_movable,unsolvable,med,0.0,0.2,0,22,47,41,110
/common/users/dm1487/scratch_namo/real_buildable/pool2/hard_208/rb_00051/env.xml,obstacle_0_movable,med,easy,0.1,0.7778,9,61,2,18,90
/common/users/dm1487/scratch_namo/real_buildable/pool2/hard_208/rb_00056/env.xml,obstacle_0_movable,unsolvable,hard,0.0,0.0067,0,1,134,15,150
/common/users/dm1487/scratch_namo/real_buildable/pool2/hard_208/rb_00058/env.xml,obstacle_0_movable,unsolvable,easy,0.0,0.55,0,55,15,30,100
/common/users/dm1487/scratch_namo/real_buildable/pool2/hard_208/rb_00059/env.xml,obstacle_0_movable,med,easy,0.1647,0.7176,14,47,5,19,85
/common/users/dm1487/scratch_namo/real_buildable/pool2/hard_208/rb_00063/env.xml,obstacle_0_movable,unsolvable,hard,0.0,0.0267,0,2,39,34,75
/common/users/dm1487/scratch_namo/real_buildable/pool2/hard_208/rb_00064/env.xml,obstacle_0_movable,hard,easy,0.048,0.768,6,90,23,6,125
/common/users/dm1487/scratch_namo/real_buildable/pool2/hard_208/rb_00067/env.xml,obstacle_0_movable,unsolvable,easy,0.0,0.7083,0,85,26,9,120
/common/users/dm1487/scratch_namo/real_buildable/pool2/hard_208/rb_00068/env.xml,obstacle_0_movable,med,easy,0.1,0.8222,9,65,0,16,90
/common/users/dm1487/scratch_namo/real_buildable/pool2/hard_208/rb_00071/env.xml,obstacle_0_movable,med,easy,0.2933,0.92,22,47,0,6,75
/common/users/dm1487/scratch_namo/real_buildable/pool2/hard_208/rb_00072/env.xml,obstacle_0_movable,easy,easy,0.36,0.88,27,39,0,9,75
/common/users/dm1487/scratch_namo/real_buildable/pool2/hard_208/rb_00075/env.xml,obstacle_0_movable,med,easy,0.2364,0.7273,13,27,10,5,55
/common/users/dm1487/scratch_namo/real_buildable/pool2/hard_208/rb_00076/env.xml,obstacle_0_movable,med,easy,0.1333,0.637,18,68,25,24,135
/common/users/dm1487/scratch_namo/real_buildable/pool2/hard_208/rb_00077/env.xml,obstacle_0_movable,unsolvable,med,0.0,0.27,0,27,57,16,100
/common/users/dm1487/scratch_namo/real_buildable/pool2/hard_208/rb_00078/env.xml,obstacle_0_movable,med,easy,0.1231,0.8,8,44,0,13,65
/common/users/dm1487/scratch_namo/real_buildable/pool2/med_301/rb_00000/env.xml,obstacle_0_movable,med,easy,0.2667,0.6667,20,30,0,25,75
/common/users/dm1487/scratch_namo/real_buildable/pool2/med_301/rb_00003/env.xml,obstacle_0_movable,unsolvable,med,0.0,0.0733,0,11,123,16,150
/common/users/dm1487/scratch_namo/real_buildable/pool2/med_301/rb_00005/env.xml,obstacle_0_movable,unsolvable,hard,0.0,0.02,0,3,115,32,150
/common/users/dm1487/scratch_namo/real_buildable/pool2/med_301/rb_00006/env.xml,obstacle_0_movable,unsolvable,hard,0.0,0.04,0,6,102,42,150
/common/users/dm1487/scratch_namo/real_buildable/pool2/med_301/rb_00010/env.xml,obstacle_0_movable,hard,easy,0.0138,0.6621,2,94,32,17,145
/common/users/dm1487/scratch_namo/real_buildable/pool2/med_301/rb_00013/env.xml,obstacle_0_movable,unsolvable,easy,0.0,0.5154,0,67,43,20,130
/common/users/dm1487/scratch_namo/real_buildable/pool2/med_301/rb_00015/env.xml,obstacle_0_movable,med,easy,0.0522,0.6783,6,72,15,22,115
/common/users/dm1487/scratch_namo/real_buildable/pool2/med_301/rb_00018/env.xml,obstacle_0_movable,med,easy,0.08,0.848,10,96,12,7,125
/common/users/dm1487/scratch_namo/real_buildable/pool2/med_301/rb_00019/env.xml,obstacle_0_movable,unsolvable,hard,0.0,0.0074,0,1,128,6,135
/common/users/dm1487/scratch_namo/real_buildable/pool2/med_301/rb_00020/env.xml,obstacle_0_movable,hard,easy,0.0333,0.4667,5,65,48,32,150
/common/users/dm1487/scratch_namo/real_buildable/pool2/med_301/rb_00024/env.xml,obstacle_0_movable,hard,easy,0.0444,0.8222,6,105,18,6,135
/common/users/dm1487/scratch_namo/real_buildable/pool2/med_301/rb_00027/env.xml,obstacle_0_movable,med,med,0.0625,0.1625,10,16,120,14,160
/common/users/dm1487/scratch_namo/real_buildable/pool2/med_301/rb_00028/env.xml,obstacle_0_movable,unsolvable,med,0.0,0.1,0,15,120,15,150
/common/users/dm1487/scratch_namo/real_buildable/pool2/med_301/rb_00029/env.xml,obstacle_0_movable,med,easy,0.1778,0.8222,16,58,0,16,90
/common/users/dm1487/scratch_namo/real_buildable/pool2/med_301/rb_00031/env.xml,obstacle_0_movable,unsolvable,easy,0.0,0.8074,0,109,20,6,135
/common/users/dm1487/scratch_namo/real_buildable/pool2/med_301/rb_00032/env.xml,obstacle_0_movable,med,easy,0.1867,0.4933,14,23,0,38,75
/common/users/dm1487/scratch_namo/real_buildable/pool2/med_301/rb_00036/env.xml,obstacle_0_movable,med,easy,0.0941,0.7176,8,53,0,24,85
/common/users/dm1487/scratch_namo/real_buildable/pool2/med_301/rb_00037/env.xml,obstacle_0_movable,unsolvable,med,0.0,0.2696,0,31,62,22,115
/common/users/dm1487/scratch_namo/real_buildable/pool2/med_301/rb_00039/env.xml,obstacle_0_movable,unsolvable,hard,0.0,0.0276,0,4,114,27,145
/common/users/dm1487/scratch_namo/real_buildable/pool2/med_301/rb_00041/env.xml,obstacle_0_movable,unsolvable,med,0.0,0.08,0,12,108,30,150
/common/users/dm1487/scratch_namo/real_buildable/pool2/med_301/rb_00044/env.xml,obstacle_0_movable,unsolvable,unsolvable,0.0,0.0,0,0,62,8,70
/common/users/dm1487/scratch_namo/real_buildable/pool2/med_301/rb_00045/env.xml,obstacle_0_movable,hard,easy,0.0083,0.675,1,80,12,27,120
/common/users/dm1487/scratch_namo/real_buildable/pool2/med_301/rb_00047/env.xml,obstacle_0_movable,med,easy,0.2267,0.6667,17,33,0,25,75
/common/users/dm1487/scratch_namo/real_buildable/pool2/med_301/rb_00051/env.xml,obstacle_0_movable,unsolvable,med,0.0,0.12,0,18,121,11,150
/common/users/dm1487/scratch_namo/real_buildable/pool2/med_301/rb_00052/env.xml,obstacle_0_movable,unsolvable,easy,0.0,0.48,0,60,37,28,125
/common/users/dm1487/scratch_namo/real_buildable/pool2/med_301/rb_00054/env.xml,obstacle_0_movable,hard,easy,0.0231,0.7231,3,91,30,6,130
/common/users/dm1487/scratch_namo/real_buildable/pool2/med_301/rb_00061/env.xml,obstacle_0_movable,unsolvable,easy,0.0,0.6435,0,74,32,9,115
/common/users/dm1487/scratch_namo/real_buildable/pool2/med_301/rb_00064/env.xml,obstacle_0_movable,unsolvable,easy,0.0,0.35,0,49,84,7,140
/common/users/dm1487/scratch_namo/real_buildable/pool2/med_301/rb_00067/env.xml,obstacle_0_movable,hard,easy,0.0222,0.6444,3,84,40,8,135
/common/users/dm1487/scratch_namo/real_buildable/pool2/med_301/rb_00068/env.xml,obstacle_0_movable,hard,easy,0.0381,0.8095,4,81,4,16,105
/common/users/dm1487/scratch_namo/real_buildable/pool2/med_301/rb_00070/env.xml,obstacle_0_movable,hard,easy,0.0154,0.7,2,89,20,19,130
/common/users/dm1487/scratch_namo/real_buildable/pool2/med_301/rb_00072/env.xml,obstacle_0_movable,unsolvable,med,0.0,0.1333,0,20,112,18,150
/common/users/dm1487/scratch_namo/real_buildable/pool2/med_301/rb_00073/env.xml,obstacle_0_movable,hard,easy,0.0231,0.6,3,75,34,18,130
/common/users/dm1487/scratch_namo/real_buildable/pool2/med_301/rb_00075/env.xml,obstacle_0_movable,unsolvable,med,0.0,0.08,0,10,110,5,125
/common/users/dm1487/scratch_namo/real_buildable/pool2/med_301/rb_00077/env.xml,obstacle_0_movable,unsolvable,med,0.0,0.0533,0,8,128,14,150
/common/users/dm1487/scratch_namo/real_buildable/pool2/med_301/rb_00082/env.xml,obstacle_0_movable,hard,easy,0.016,0.392,2,47,45,31,125
/common/users/dm1487/scratch_namo/real_buildable/pool2/med_301/rb_00083/env.xml,obstacle_0_movable,unsolvable,hard,0.0,0.0167,0,2,108,10,120
/common/users/dm1487/scratch_namo/real_buildable/pool2/med_301/rb_00086/env.xml,obstacle_0_movable,unsolvable,med,0.0,0.0667,0,10,127,13,150
/common/users/dm1487/scratch_namo/real_buildable/pool2/med_301/rb_00088/env.xml,obstacle_0_movable,med,easy,0.2267,0.6133,17,29,0,29,75
/common/users/dm1487/scratch_namo/real_buildable/pool2/med_302/rb_00001/env.xml,obstacle_0_movable,unsolvable,easy,0.0,0.3615,0,47,55,28,130
/common/users/dm1487/scratch_namo/real_buildable/pool2/med_302/rb_00004/env.xml,obstacle_0_movable,med,easy,0.1412,0.6471,12,43,0,30,85
/common/users/dm1487/scratch_namo/real_buildable/pool2/med_302/rb_00007/env.xml,obstacle_0_movable,med,easy,0.24,0.72,18,36,0,21,75
/common/users/dm1487/scratch_namo/real_buildable/pool2/med_302/rb_00013/env.xml,obstacle_0_movable,med,easy,0.056,0.648,7,74,26,18,125
/common/users/dm1487/scratch_namo/real_buildable/pool2/med_302/rb_00014/env.xml,obstacle_0_movable,unsolvable,easy,0.0,0.3,0,45,87,18,150
/common/users/dm1487/scratch_namo/real_buildable/pool2/med_302/rb_00017/env.xml,obstacle_0_movable,hard,easy,0.0154,0.6077,2,77,30,21,130
/common/users/dm1487/scratch_namo/real_buildable/pool2/med_302/rb_00019/env.xml,obstacle_0_movable,med,easy,0.075,1.0,3,37,0,0,40
/common/users/dm1487/scratch_namo/real_buildable/pool2/med_302/rb_00023/env.xml,obstacle_0_movable,hard,med,0.0296,0.2667,4,32,70,29,135
/common/users/dm1487/scratch_namo/real_buildable/pool2/med_302/rb_00026/env.xml,obstacle_0_movable,unsolvable,med,0.0,0.0552,0,8,111,26,145
/common/users/dm1487/scratch_namo/real_buildable/pool2/med_302/rb_00027/env.xml,obstacle_0_movable,hard,med,0.0312,0.1875,5,25,121,9,160
/common/users/dm1487/scratch_namo/real_buildable/pool2/med_302/rb_00028/env.xml,obstacle_0_movable,unsolvable,hard,0.0,0.0308,0,4,99,27,130
/common/users/dm1487/scratch_namo/real_buildable/pool2/med_302/rb_00029/env.xml,obstacle_0_movable,med,easy,0.06,0.75,6,69,0,25,100
/common/users/dm1487/scratch_namo/real_buildable/pool2/med_302/rb_00034/env.xml,obstacle_0_movable,med,easy,0.0615,0.3077,8,32,60,30,130
/common/users/dm1487/scratch_namo/real_buildable/pool2/med_302/rb_00042/env.xml,obstacle_0_movable,unsolvable,med,0.0,0.05,0,7,125,8,140
/common/users/dm1487/scratch_namo/real_buildable/pool2/med_302/rb_00044/env.xml,obstacle_0_movable,unsolvable,med,0.0,0.2692,0,35,48,47,130
/common/users/dm1487/scratch_namo/real_buildable/pool2/med_302/rb_00045/env.xml,obstacle_0_movable,med,easy,0.06,0.7667,9,106,30,5,150
/common/users/dm1487/scratch_namo/real_buildable/pool2/med_302/rb_00049/env.xml,obstacle_0_movable,unsolvable,easy,0.0,0.4333,0,26,29,5,60
/common/users/dm1487/scratch_namo/real_buildable/pool2/med_302/rb_00052/env.xml,obstacle_0_movable,med,easy,0.1636,1.0,9,46,0,0,55
/common/users/dm1487/scratch_namo/real_buildable/pool2/med_302/rb_00053/env.xml,obstacle_0_movable,hard,easy,0.0276,0.6552,4,91,34,16,145
/common/users/dm1487/scratch_namo/real_buildable/pool2/med_302/rb_00056/env.xml,obstacle_0_movable,med,easy,0.1556,0.6111,14,41,0,35,90
/common/users/dm1487/scratch_namo/real_buildable/pool2/med_302/rb_00063/env.xml,obstacle_0_movable,med,easy,0.1048,0.8571,11,79,7,8,105
/common/users/dm1487/scratch_namo/real_buildable/pool2/med_302/rb_00064/env.xml,obstacle_0_movable,hard,easy,0.0211,0.8526,2,79,0,14,95
/common/users/dm1487/scratch_namo/real_buildable/pool2/med_302/rb_00065/env.xml,obstacle_0_movable,med,easy,0.05,0.475,8,68,76,8,160
/common/users/dm1487/scratch_namo/real_buildable/pool2/med_302/rb_00066/env.xml,obstacle_0_movable,unsolvable,med,0.0,0.192,0,24,95,6,125
/common/users/dm1487/scratch_namo/real_buildable/pool2/med_302/rb_00067/env.xml,obstacle_0_movable,med,easy,0.19,0.57,19,38,10,33,100
/common/users/dm1487/scratch_namo/real_buildable/pool2/med_302/rb_00068/env.xml,obstacle_0_movable,unsolvable,med,0.0,0.0667,0,10,105,35,150
/common/users/dm1487/scratch_namo/real_buildable/pool2/med_302/rb_00072/env.xml,obstacle_0_movable,hard,easy,0.0167,0.7083,2,83,13,22,120
/common/users/dm1487/scratch_namo/real_buildable/pool2/med_302/rb_00074/env.xml,obstacle_0_movable,med,easy,0.2933,0.7467,22,34,0,19,75
/common/users/dm1487/scratch_namo/real_buildable/pool2/med_302/rb_00076/env.xml,obstacle_0_movable,unsolvable,med,0.0,0.2583,0,31,74,15,120
/common/users/dm1487/scratch_namo/real_buildable/pool2/med_302/rb_00077/env.xml,obstacle_0_movable,hard,easy,0.0138,0.7448,2,106,32,5,145
/common/users/dm1487/scratch_namo/real_buildable/pool2/med_302/rb_00081/env.xml,obstacle_0_movable,hard,easy,0.0462,0.8308,6,102,12,10,130
/common/users/dm1487/scratch_namo/real_buildable/pool2/med_302/rb_00082/env.xml,obstacle_0_movable,med,easy,0.1625,0.6625,13,40,0,27,80
/common/users/dm1487/scratch_namo/real_buildable/pool2/med_303/rb_00006/env.xml,obstacle_0_movable,hard,easy,0.0063,0.5125,1,81,67,11,160
/common/users/dm1487/scratch_namo/real_buildable/pool2/med_303/rb_00009/env.xml,obstacle_0_movable,unsolvable,hard,0.0,0.0333,0,5,106,39,150
/common/users/dm1487/scratch_namo/real_buildable/pool2/med_303/rb_00011/env.xml,obstacle_0_movable,unsolvable,hard,0.0,0.0133,0,2,105,43,150
/common/users/dm1487/scratch_namo/real_buildable/pool2/med_303/rb_00012/env.xml,obstacle_0_movable,hard,easy,0.0364,0.7758,6,122,36,1,165
/common/users/dm1487/scratch_namo/real_buildable/pool2/med_303/rb_00013/env.xml,obstacle_0_movable,med,easy,0.0875,0.575,14,78,47,21,160
/common/users/dm1487/scratch_namo/real_buildable/pool2/med_303/rb_00014/env.xml,obstacle_0_movable,hard,easy,0.0125,0.7125,2,112,34,12,160
/common/users/dm1487/scratch_namo/real_buildable/pool2/med_303/rb_00017/env.xml,obstacle_0_movable,unsolvable,easy,0.0,0.34,0,34,46,20,100
/common/users/dm1487/scratch_namo/real_buildable/pool2/med_303/rb_00020/env.xml,obstacle_0_movable,med,easy,0.0727,0.8182,8,82,8,12,110
/common/users/dm1487/scratch_namo/real_buildable/pool2/med_303/rb_00022/env.xml,obstacle_0_movable,unsolvable,med,0.0,0.06,0,9,112,29,150
/common/users/dm1487/scratch_namo/real_buildable/pool2/med_303/rb_00027/env.xml,obstacle_0_movable,hard,easy,0.037,0.8,5,103,24,3,135
/common/users/dm1487/scratch_namo/real_buildable/pool2/med_303/rb_00029/env.xml,obstacle_0_movable,med,easy,0.1379,0.5241,20,56,69,0,145
/common/users/dm1487/scratch_namo/real_buildable/pool2/med_303/rb_00031/env.xml,obstacle_0_movable,med,easy,0.069,0.8138,10,108,22,5,145
/common/users/dm1487/scratch_namo/real_buildable/pool2/med_303/rb_00033/env.xml,obstacle_0_movable,unsolvable,easy,0.0,0.3769,0,49,47,34,130
/common/users/dm1487/scratch_namo/real_buildable/pool2/med_303/rb_00034/env.xml,obstacle_0_movable,unsolvable,med,0.0,0.1037,0,14,77,44,135
/common/users/dm1487/scratch_namo/real_buildable/pool2/med_303/rb_00036/env.xml,obstacle_0_movable,unsolvable,med,0.0,0.1733,0,26,97,27,150
/common/users/dm1487/scratch_namo/real_buildable/pool2/med_303/rb_00037/env.xml,obstacle_0_movable,unsolvable,unsolvable,0.0,0.0,0,0,48,27,75
/common/users/dm1487/scratch_namo/real_buildable/pool2/med_303/rb_00039/env.xml,obstacle_0_movable,unsolvable,easy,0.0,0.687,0,79,25,11,115
/common/users/dm1487/scratch_namo/real_buildable/pool2/med_303/rb_00040/env.xml,obstacle_0_movable,med,easy,0.0526,0.5368,5,46,16,28,95
/common/users/dm1487/scratch_namo/real_buildable/pool2/med_303/rb_00041/env.xml,obstacle_0_movable,hard,easy,0.0286,0.4381,3,43,27,32,105
/common/users/dm1487/scratch_namo/real_buildable/pool2/med_303/rb_00042/env.xml,obstacle_0_movable,hard,easy,0.04,0.8,4,76,8,12,100
/common/users/dm1487/scratch_namo/real_buildable/pool2/med_303/rb_00043/env.xml,obstacle_0_movable,unsolvable,easy,0.0,0.3931,0,57,55,33,145
/common/users/dm1487/scratch_namo/real_buildable/pool2/med_303/rb_00044/env.xml,obstacle_0_movable,med,easy,0.1182,0.7545,13,70,3,24,110
/common/users/dm1487/scratch_namo/real_buildable/pool2/med_303/rb_00045/env.xml,obstacle_0_movable,hard,easy,0.0316,0.4842,3,43,19,30,95
/common/users/dm1487/scratch_namo/real_buildable/pool2/med_303/rb_00049/env.xml,obstacle_0_movable,med,easy,0.0533,0.8067,8,113,22,7,150
/common/users/dm1487/scratch_namo/real_buildable/pool2/med_303/rb_00055/env.xml,obstacle_0_movable,unsolvable,med,0.0,0.08,0,12,92,46,150
/common/users/dm1487/scratch_namo/real_buildable/pool2/med_303/rb_00057/env.xml,obstacle_0_movable,med,easy,0.05,0.475,2,17,10,11,40
/common/users/dm1487/scratch_namo/real_buildable/pool2/med_303/rb_00059/env.xml,obstacle_0_movable,unsolvable,easy,0.0,0.4783,0,55,21,39,115
/common/users/dm1487/scratch_namo/real_buildable/pool2/med_303/rb_00061/env.xml,obstacle_0_movable,med,easy,0.1182,0.7455,13,69,0,28,110
/common/users/dm1487/scratch_namo/real_buildable/pool2/med_303/rb_00066/env.xml,obstacle_0_movable,hard,easy,0.0231,0.4231,3,52,42,33,130
/common/users/dm1487/scratch_namo/real_buildable/pool2/med_303/rb_00067/env.xml,obstacle_0_movable,med,easy,0.0667,0.75,8,82,4,26,120
/common/users/dm1487/scratch_namo/real_buildable/pool2/med_303/rb_00070/env.xml,obstacle_0_movable,hard,easy,0.0286,0.6357,4,85,46,5,140
/common/users/dm1487/scratch_namo/real_buildable/pool2/med_303/rb_00071/env.xml,obstacle_0_movable,unsolvable,hard,0.0,0.0143,0,2,92,46,140
/common/users/dm1487/scratch_namo/real_buildable/pool2/med_303/rb_00073/env.xml,obstacle_0_movable,unsolvable,easy,0.0,0.363,0,49,40,46,135
/common/users/dm1487/scratch_namo/real_buildable/pool2/med_303/rb_00074/env.xml,obstacle_0_movable,unsolvable,med,0.0,0.16,0,20,93,12,125
/common/users/dm1487/scratch_namo/real_buildable/pool2/med_303/rb_00075/env.xml,obstacle_0_movable,unsolvable,med,0.0,0.0867,0,13,120,17,150
/common/users/dm1487/scratch_namo/real_buildable/pool2/med_303/rb_00083/env.xml,obstacle_0_movable,hard,easy,0.0222,0.6778,2,59,0,29,90
/common/users/dm1487/scratch_namo/real_buildable/pool2/med_303/rb_00084/env.xml,obstacle_0_movable,unsolvable,med,0.0,0.08,0,12,125,13,150
/common/users/dm1487/scratch_namo/real_buildable/pool2/med_303/rb_00086/env.xml,obstacle_0_movable,hard,med,0.0267,0.1933,4,25,108,13,150
/common/users/dm1487/scratch_namo/real_buildable/pool2/med_303/rb_00088/env.xml,obstacle_0_movable,hard,easy,0.0414,0.8276,6,114,17,8,145
/common/users/dm1487/scratch_namo/real_buildable/pool2/med_303/rb_00089/env.xml,obstacle_0_movable,med,easy,0.2118,0.6,18,33,0,34,85
/common/users/dm1487/scratch_namo/real_buildable/pool2/med_304/rb_00001/env.xml,obstacle_0_movable,unsolvable,easy,0.0,0.9667,0,29,1,0,30
/common/users/dm1487/scratch_namo/real_buildable/pool2/med_304/rb_00006/env.xml,obstacle_0_movable,hard,easy,0.0214,0.5714,3,77,58,2,140
/common/users/dm1487/scratch_namo/real_buildable/pool2/med_304/rb_00007/env.xml,obstacle_0_movable,hard,easy,0.0444,0.563,6,70,37,22,135
/common/users/dm1487/scratch_namo/real_buildable/pool2/med_304/rb_00008/env.xml,obstacle_0_movable,unsolvable,med,0.0,0.0762,0,8,76,21,105
/common/users/dm1487/scratch_namo/real_buildable/pool2/med_304/rb_00009/env.xml,obstacle_0_movable,unsolvable,med,0.0,0.2769,0,36,91,3,130
/common/users/dm1487/scratch_namo/real_buildable/pool2/med_304/rb_00012/env.xml,obstacle_0_movable,unsolvable,hard,0.0,0.0067,0,1,134,15,150
/common/users/dm1487/scratch_namo/real_buildable/pool2/med_304/rb_00014/env.xml,obstacle_0_movable,med,easy,0.09,0.79,9,70,3,18,100
/common/users/dm1487/scratch_namo/real_buildable/pool2/med_304/rb_00021/env.xml,obstacle_0_movable,hard,easy,0.0385,0.5538,5,67,29,29,130
/common/users/dm1487/scratch_namo/real_buildable/pool2/med_304/rb_00022/env.xml,obstacle_0_movable,hard,med,0.0485,0.1879,8,23,119,15,165
/common/users/dm1487/scratch_namo/real_buildable/pool2/med_304/rb_00023/env.xml,obstacle_0_movable,hard,med,0.016,0.248,2,29,87,7,125
/common/users/dm1487/scratch_namo/real_buildable/pool2/med_304/rb_00025/env.xml,obstacle_0_movable,hard,easy,0.0121,0.703,2,114,45,4,165
/common/users/dm1487/scratch_namo/real_buildable/pool2/med_304/rb_00026/env.xml,obstacle_0_movable,unsolvable,med,0.0,0.0667,0,7,70,28,105
/common/users/dm1487/scratch_namo/real_buildable/pool2/med_304/rb_00033/env.xml,obstacle_0_movable,unsolvable,med,0.0,0.0933,0,14,114,22,150
/common/users/dm1487/scratch_namo/real_buildable/pool2/med_304/rb_00035/env.xml,obstacle_0_movable,med,easy,0.13,0.87,13,74,2,11,100
/common/users/dm1487/scratch_namo/real_buildable/pool2/med_304/rb_00037/env.xml,obstacle_0_movable,unsolvable,med,0.0,0.1133,0,17,99,34,150
/common/users/dm1487/scratch_namo/real_buildable/pool2/med_304/rb_00039/env.xml,obstacle_0_movable,med,easy,0.069,0.7517,10,99,31,5,145
/common/users/dm1487/scratch_namo/real_buildable/pool2/med_304/rb_00040/env.xml,obstacle_0_movable,med,easy,0.2,0.6824,17,41,0,27,85
/common/users/dm1487/scratch_namo/real_buildable/pool2/med_304/rb_00041/env.xml,obstacle_0_movable,unsolvable,med,0.0,0.0828,0,12,94,39,145
/common/users/dm1487/scratch_namo/real_buildable/pool2/med_304/rb_00042/env.xml,obstacle_0_movable,hard,easy,0.0071,0.6571,1,91,33,15,140
/common/users/dm1487/scratch_namo/real_buildable/pool2/med_304/rb_00047/env.xml,obstacle_0_movable,med,easy,0.075,0.875,9,96,0,15,120
/common/users/dm1487/scratch_namo/real_buildable/pool2/med_304/rb_00048/env.xml,obstacle_0_movable,unsolvable,hard,0.0,0.0467,0,7,77,66,150
/common/users/dm1487/scratch_namo/real_buildable/pool2/med_304/rb_00049/env.xml,obstacle_0_movable,med,easy,0.1,1.0,2,18,0,0,20
/common/users/dm1487/scratch_namo/real_buildable/pool2/med_304/rb_00053/env.xml,obstacle_0_movable,unsolvable,easy,0.0,0.6963,0,94,40,1,135
/common/users/dm1487/scratch_namo/real_buildable/pool2/med_304/rb_00060/env.xml,obstacle_0_movable,med,easy,0.24,1.0,6,19,0,0,25
/common/users/dm1487/scratch_namo/real_buildable/pool2/med_304/rb_00062/env.xml,obstacle_0_movable,med,easy,0.1909,0.8364,21,71,0,18,110
/common/users/dm1487/scratch_namo/real_buildable/pool2/med_304/rb_00063/env.xml,obstacle_0_movable,med,easy,0.0583,0.825,7,92,12,9,120
/common/users/dm1487/scratch_namo/real_buildable/pool2/med_304/rb_00064/env.xml,obstacle_0_movable,med,easy,0.0778,0.7444,7,60,0,23,90
/common/users/dm1487/scratch_namo/real_buildable/pool2/med_304/rb_00067/env.xml,obstacle_0_movable,hard,easy,0.025,0.675,3,78,21,18,120
/common/users/dm1487/scratch_namo/real_buildable/pool2/med_304/rb_00072/env.xml,obstacle_0_movable,easy,easy,0.4278,0.7944,77,66,19,18,180
/common/users/dm1487/scratch_namo/real_buildable/pool2/med_304/rb_00073/env.xml,obstacle_0_movable,unsolvable,easy,0.0,0.3538,0,46,47,37,130
/common/users/dm1487/scratch_namo/real_buildable/pool2/med_304/rb_00075/env.xml,obstacle_0_movable,med,easy,0.24,0.7333,18,37,0,20,75
/common/users/dm1487/scratch_namo/real_buildable/pool2/med_304/rb_00078/env.xml,obstacle_0_movable,unsolvable,easy,0.0,0.6364,0,70,9,31,110
/common/users/dm1487/scratch_namo/real_buildable/pool2/med_304/rb_00081/env.xml,obstacle_0_movable,med,easy,0.0593,0.6,8,73,49,5,135
/common/users/dm1487/scratch_namo/real_buildable/pool2/med_304/rb_00084/env.xml,obstacle_0_movable,unsolvable,med,0.0,0.0667,0,10,138,2,150
/common/users/dm1487/scratch_namo/real_buildable/pool2/med_304/rb_00087/env.xml,obstacle_0_movable,med,easy,0.0917,0.8,11,85,9,15,120
/common/users/dm1487/scratch_namo/real_buildable/pool2/med_304/rb_00088/env.xml,obstacle_0_movable,unsolvable,hard,0.0,0.02,0,3,128,19,150
/common/users/dm1487/scratch_namo/real_buildable/pool3/h2_401/rb_00000/env.xml,obstacle_0_movable,easy,easy,0.896,0.976,112,10,0,3,125
/common/users/dm1487/scratch_namo/real_buildable/pool3/h2_401/rb_00003/env.xml,obstacle_0_movable,easy,easy,0.96,0.98,144,3,0,3,150
/common/users/dm1487/scratch_namo/real_buildable/pool3/h2_401/rb_00008/env.xml,obstacle_0_movable,easy,easy,0.8077,0.8692,105,8,0,17,130
/common/users/dm1487/scratch_namo/real_buildable/pool3/h2_401/rb_00010/env.xml,obstacle_0_movable,easy,easy,0.8333,0.9467,125,17,0,8,150
/common/users/dm1487/scratch_namo/real_buildable/pool3/h2_401/rb_00012/env.xml,obstacle_0_movable,easy,easy,0.7857,0.9357,110,21,0,9,140
/common/users/dm1487/scratch_namo/real_buildable/pool3/h2_401/rb_00017/env.xml,obstacle_0_movable,easy,easy,0.731,0.8414,106,16,0,23,145
/common/users/dm1487/scratch_namo/real_buildable/pool3/h2_401/rb_00018/env.xml,obstacle_0_movable,easy,easy,0.7231,1.0,94,36,0,0,130
/common/users/dm1487/scratch_namo/real_buildable/pool3/h2_401/rb_00019/env.xml,obstacle_0_movable,easy,easy,0.8467,0.9333,127,13,0,10,150
/common/users/dm1487/scratch_namo/real_buildable/pool3/h2_401/rb_00021/env.xml,obstacle_0_movable,easy,easy,0.669,0.7931,97,18,0,30,145
/common/users/dm1487/scratch_namo/real_buildable/pool3/h2_401/rb_00023/env.xml,obstacle_0_movable,easy,easy,0.8467,0.9333,127,13,0,10,150
/common/users/dm1487/scratch_namo/real_buildable/pool3/h2_401/rb_00026/env.xml,obstacle_0_movable,easy,easy,0.7857,0.9286,110,20,0,10,140
/common/users/dm1487/scratch_namo/real_buildable/pool3/h2_401/rb_00030/env.xml,obstacle_0_movable,easy,easy,0.768,0.904,96,17,0,12,125
/common/users/dm1487/scratch_namo/real_buildable/pool3/h2_401/rb_00032/env.xml,obstacle_0_movable,easy,easy,0.8786,0.9714,123,13,0,4,140
/common/users/dm1487/scratch_namo/real_buildable/pool3/h2_401/rb_00033/env.xml,obstacle_0_movable,easy,easy,0.88,0.88,110,0,0,15,125
/common/users/dm1487/scratch_namo/real_buildable/pool3/h2_401/rb_00040/env.xml,obstacle_0_movable,easy,easy,0.86,0.9533,129,14,0,7,150
/common/users/dm1487/scratch_namo/real_buildable/pool3/h2_401/rb_00044/env.xml,obstacle_0_movable,easy,easy,0.9533,0.9667,143,2,0,5,150
/common/users/dm1487/scratch_namo/real_buildable/pool3/h2_401/rb_00045/env.xml,obstacle_0_movable,easy,easy,0.8917,0.9667,107,9,0,4,120
/common/users/dm1487/scratch_namo/real_buildable/pool3/h2_401/rb_00047/env.xml,obstacle_0_movable,easy,easy,0.8,0.9037,108,14,0,13,135
/common/users/dm1487/scratch_namo/real_buildable/pool3/h2_401/rb_00048/env.xml,obstacle_0_movable,easy,easy,0.85,0.9286,119,11,0,10,140
/common/users/dm1487/scratch_namo/real_buildable/pool3/h2_401/rb_00057/env.xml,obstacle_0_movable,easy,easy,0.984,0.984,123,0,0,2,125
/common/users/dm1487/scratch_namo/real_buildable/pool3/h2_401/rb_00060/env.xml,obstacle_0_movable,easy,easy,0.5185,0.8519,70,45,0,20,135
/common/users/dm1487/scratch_namo/real_buildable/pool3/h2_401/rb_00064/env.xml,obstacle_0_movable,easy,easy,0.7714,0.8,108,4,0,28,140
/common/users/dm1487/scratch_namo/real_buildable/pool3/h2_401/rb_00067/env.xml,obstacle_0_movable,easy,easy,0.7556,0.963,102,28,0,5,135
/common/users/dm1487/scratch_namo/real_buildable/pool3/h2_401/rb_00070/env.xml,obstacle_0_movable,easy,easy,0.6571,0.9571,92,42,0,6,140
/common/users/dm1487/scratch_namo/real_buildable/pool3/h2_401/rb_00072/env.xml,obstacle_0_movable,easy,easy,0.9586,0.9586,139,0,0,6,145
/common/users/dm1487/scratch_namo/real_buildable/pool3/h2_401/rb_00078/env.xml,obstacle_0_movable,easy,easy,0.7929,0.8643,111,10,0,19,140
/common/users/dm1487/scratch_namo/real_buildable/pool3/h2_402/rb_00000/env.xml,obstacle_0_movable,easy,easy,0.8571,0.8857,120,4,0,16,140
/common/users/dm1487/scratch_namo/real_buildable/pool3/h2_402/rb_00002/env.xml,obstacle_0_movable,easy,easy,0.6222,0.7778,84,21,0,30,135
/common/users/dm1487/scratch_namo/real_buildable/pool3/h2_402/rb_00003/env.xml,obstacle_0_movable,easy,easy,0.896,0.984,112,11,0,2,125
/common/users/dm1487/scratch_namo/real_buildable/pool3/h2_402/rb_00007/env.xml,obstacle_0_movable,easy,easy,0.5083,0.9583,61,54,0,5,120
/common/users/dm1487/scratch_namo/real_buildable/pool3/h2_402/rb_00008/env.xml,obstacle_0_movable,easy,easy,0.8759,0.9655,127,13,0,5,145
/common/users/dm1487/scratch_namo/real_buildable/pool3/h2_402/rb_00009/env.xml,obstacle_0_movable,easy,easy,0.7704,0.8593,104,12,0,19,135
/common/users/dm1487/scratch_namo/real_buildable/pool3/h2_402/rb_00010/env.xml,obstacle_0_movable,easy,easy,0.9286,0.9571,130,4,0,6,140
/common/users/dm1487/scratch_namo/real_buildable/pool3/h2_402/rb_00013/env.xml,obstacle_0_movable,easy,easy,0.7778,0.8963,105,16,0,14,135
/common/users/dm1487/scratch_namo/real_buildable/pool3/h2_402/rb_00018/env.xml,obstacle_0_movable,easy,easy,0.7846,0.9615,102,23,0,5,130
/common/users/dm1487/scratch_namo/real_buildable/pool3/h2_402/rb_00021/env.xml,obstacle_0_movable,easy,easy,0.8963,1.0,121,14,0,0,135
/common/users/dm1487/scratch_namo/real_buildable/pool3/h2_402/rb_00023/env.xml,obstacle_0_movable,easy,easy,0.7308,0.8538,95,16,0,19,130
/common/users/dm1487/scratch_namo/real_buildable/pool3/h2_402/rb_00024/env.xml,obstacle_0_movable,easy,easy,0.7143,0.8214,100,15,0,25,140
/common/users/dm1487/scratch_namo/real_buildable/pool3/h2_402/rb_00033/env.xml,obstacle_0_movable,easy,easy,0.84,0.84,105,0,0,20,125
/common/users/dm1487/scratch_namo/real_buildable/pool3/h2_402/rb_00035/env.xml,obstacle_0_movable,easy,easy,0.7857,0.9143,110,18,0,12,140
/common/users/dm1487/scratch_namo/real_buildable/pool3/h2_402/rb_00041/env.xml,obstacle_0_movable,easy,easy,0.736,0.856,92,15,0,18,125
/common/users/dm1487/scratch_namo/real_buildable/pool3/h2_402/rb_00042/env.xml,obstacle_0_movable,easy,easy,0.7067,0.8667,106,24,0,20,150
/common/users/dm1487/scratch_namo/real_buildable/pool3/h2_402/rb_00046/env.xml,obstacle_0_movable,easy,easy,0.8,0.9655,116,24,0,5,145
/common/users/dm1487/scratch_namo/real_buildable/pool3/h2_402/rb_00050/env.xml,obstacle_0_movable,easy,easy,0.869,0.8828,126,2,0,17,145
/common/users/dm1487/scratch_namo/real_buildable/pool3/h2_402/rb_00053/env.xml,obstacle_0_movable,easy,easy,0.7407,0.963,100,30,0,5,135
/common/users/dm1487/scratch_namo/real_buildable/pool3/h2_402/rb_00055/env.xml,obstacle_0_movable,easy,easy,0.8897,0.9103,129,3,0,13,145
/common/users/dm1487/scratch_namo/real_buildable/pool3/h2_402/rb_00059/env.xml,obstacle_0_movable,med,easy,0.1154,0.8385,15,94,0,21,130
/common/users/dm1487/scratch_namo/real_buildable/pool3/h2_402/rb_00061/env.xml,obstacle_0_movable,easy,easy,0.9267,0.94,139,2,0,9,150
/common/users/dm1487/scratch_namo/real_buildable/pool3/h2_402/rb_00065/env.xml,obstacle_0_movable,easy,easy,0.725,0.875,87,18,0,15,120
/common/users/dm1487/scratch_namo/real_buildable/pool3/h2_402/rb_00067/env.xml,obstacle_0_movable,easy,easy,0.6154,0.7692,80,20,0,30,130
/common/users/dm1487/scratch_namo/real_buildable/pool3/h2_402/rb_00069/env.xml,obstacle_0_movable,easy,easy,0.8467,0.9667,127,18,0,5,150
/common/users/dm1487/scratch_namo/real_buildable/pool3/h2_402/rb_00074/env.xml,obstacle_0_movable,easy,easy,0.7852,0.963,106,24,0,5,135
/common/users/dm1487/scratch_namo/real_buildable/pool3/h2_402/rb_00075/env.xml,obstacle_0_movable,easy,easy,0.7933,0.98,119,28,0,3,150
/common/users/dm1487/scratch_namo/real_buildable/pool3/h2_402/rb_00076/env.xml,obstacle_0_movable,easy,easy,0.8667,0.9667,130,15,0,5,150
/common/users/dm1487/scratch_namo/real_buildable/pool3/h2_403/rb_00000/env.xml,obstacle_0_movable,easy,easy,1.0,1.0,130,0,0,0,130
/common/users/dm1487/scratch_namo/real_buildable/pool3/h2_403/rb_00001/env.xml,obstacle_0_movable,easy,easy,0.4696,0.8696,54,46,0,15,115
/common/users/dm1487/scratch_namo/real_buildable/pool3/h2_403/rb_00002/env.xml,obstacle_0_movable,easy,easy,0.8583,0.9333,103,9,0,8,120
/common/users/dm1487/scratch_namo/real_buildable/pool3/h2_403/rb_00006/env.xml,obstacle_0_movable,easy,easy,0.55,0.875,66,39,0,15,120
/common/users/dm1487/scratch_namo/real_buildable/pool3/h2_403/rb_00007/env.xml,obstacle_0_movable,easy,easy,0.9467,0.96,142,2,0,6,150
/common/users/dm1487/scratch_namo/real_buildable/pool3/h2_403/rb_00008/env.xml,obstacle_0_movable,easy,easy,0.8069,0.9241,117,17,0,11,145
/common/users/dm1487/scratch_namo/real_buildable/pool3/h2_403/rb_00011/env.xml,obstacle_0_movable,easy,easy,0.8148,0.963,110,20,0,5,135
/common/users/dm1487/scratch_namo/real_buildable/pool3/h2_403/rb_00017/env.xml,obstacle_0_movable,easy,easy,0.7926,0.8741,107,11,0,17,135
/common/users/dm1487/scratch_namo/real_buildable/pool3/h2_403/rb_00020/env.xml,obstacle_0_movable,easy,easy,0.8615,0.9692,112,14,0,4,130
/common/users/dm1487/scratch_namo/real_buildable/pool3/h2_403/rb_00030/env.xml,obstacle_0_movable,easy,easy,0.72,0.8,90,10,0,25,125
/common/users/dm1487/scratch_namo/real_buildable/pool3/h2_403/rb_00032/env.xml,obstacle_0_movable,easy,easy,0.952,0.952,119,0,0,6,125
/common/users/dm1487/scratch_namo/real_buildable/pool3/h2_403/rb_00035/env.xml,obstacle_0_movable,easy,easy,0.8933,0.8933,134,0,0,16,150
/common/users/dm1487/scratch_namo/real_buildable/pool3/h2_403/rb_00036/env.xml,obstacle_0_movable,easy,easy,0.8222,0.9556,111,18,0,6,135
/common/users/dm1487/scratch_namo/real_buildable/pool3/h2_403/rb_00038/env.xml,obstacle_0_movable,easy,easy,0.8733,0.9867,131,17,0,2,150
/common/users/dm1487/scratch_namo/real_buildable/pool3/h2_403/rb_00039/env.xml,obstacle_0_movable,easy,easy,0.7643,0.8714,107,15,0,18,140
/common/users/dm1487/scratch_namo/real_buildable/pool3/h2_403/rb_00045/env.xml,obstacle_0_movable,easy,easy,0.9037,0.9481,122,6,0,7,135
/common/users/dm1487/scratch_namo/real_buildable/pool3/h2_403/rb_00047/env.xml,obstacle_0_movable,easy,easy,0.8733,0.9667,131,14,0,5,150
/common/users/dm1487/scratch_namo/real_buildable/pool3/h2_403/rb_00060/env.xml,obstacle_0_movable,easy,easy,0.8933,0.9333,134,6,0,10,150
/common/users/dm1487/scratch_namo/real_buildable/pool3/h2_403/rb_00066/env.xml,obstacle_0_movable,easy,easy,0.8917,0.9667,107,9,0,4,120
/common/users/dm1487/scratch_namo/real_buildable/pool3/h2_403/rb_00067/env.xml,obstacle_0_movable,easy,easy,0.7333,0.8067,110,11,0,29,150
/common/users/dm1487/scratch_namo/real_buildable/pool3/h2_403/rb_00071/env.xml,obstacle_0_movable,easy,easy,0.9067,0.92,136,2,0,12,150
/common/users/dm1487/scratch_namo/real_buildable/pool3/h2_403/rb_00073/env.xml,obstacle_0_movable,easy,easy,0.78,0.88,117,15,0,18,150
/common/users/dm1487/scratch_namo/real_buildable/pool3/h2_403/rb_00075/env.xml,obstacle_0_movable,easy,easy,0.9,1.0,135,15,0,0,150
/common/users/dm1487/scratch_namo/real_buildable/pool3/h2_403/rb_00076/env.xml,obstacle_0_movable,easy,easy,0.7417,0.8667,89,15,0,16,120
/common/users/dm1487/scratch_namo/real_buildable/pool3/h2_403/rb_00078/env.xml,obstacle_0_movable,easy,easy,0.8786,0.9643,123,12,0,5,140
/common/users/dm1487/scratch_namo/real_buildable/pool3/h2_403/rb_00079/env.xml,obstacle_0_movable,easy,easy,0.84,1.0,105,20,0,0,125
/common/users/dm1487/scratch_namo/real_buildable/pool3/h2_404/rb_00001/env.xml,obstacle_0_movable,easy,easy,0.656,0.76,82,13,0,30,125
/common/users/dm1487/scratch_namo/real_buildable/pool3/h2_404/rb_00002/env.xml,obstacle_0_movable,easy,easy,0.8069,0.9103,117,15,0,13,145
/common/users/dm1487/scratch_namo/real_buildable/pool3/h2_404/rb_00004/env.xml,obstacle_0_movable,easy,easy,0.94,0.9533,141,2,0,7,150
/common/users/dm1487/scratch_namo/real_buildable/pool3/h2_404/rb_00006/env.xml,obstacle_0_movable,easy,easy,0.8308,0.8462,108,2,0,20,130
/common/users/dm1487/scratch_namo/real_buildable/pool3/h2_404/rb_00009/env.xml,obstacle_0_movable,easy,easy,0.7385,0.8615,96,16,0,18,130
/common/users/dm1487/scratch_namo/real_buildable/pool3/h2_404/rb_00012/env.xml,obstacle_0_movable,easy,easy,0.9867,0.9867,148,0,0,2,150
/common/users/dm1487/scratch_namo/real_buildable/pool3/h2_404/rb_00014/env.xml,obstacle_0_movable,easy,easy,0.872,0.968,109,12,0,4,125
/common/users/dm1487/scratch_namo/real_buildable/pool3/h2_404/rb_00015/env.xml,obstacle_0_movable,easy,easy,0.7259,0.8444,98,16,0,21,135
/common/users/dm1487/scratch_namo/real_buildable/pool3/h2_404/rb_00017/env.xml,obstacle_0_movable,easy,easy,0.8769,0.9,114,3,0,13,130
/common/users/dm1487/scratch_namo/real_buildable/pool3/h2_404/rb_00019/env.xml,obstacle_0_movable,easy,easy,0.8759,0.9172,127,6,0,12,145
/common/users/dm1487/scratch_namo/real_buildable/pool3/h2_404/rb_00027/env.xml,obstacle_0_movable,easy,easy,0.7067,0.8333,106,19,0,25,150
/common/users/dm1487/scratch_namo/real_buildable/pool3/h2_404/rb_00028/env.xml,obstacle_0_movable,easy,easy,0.8074,0.8444,109,5,0,21,135
/common/users/dm1487/scratch_namo/real_buildable/pool3/h2_404/rb_00030/env.xml,obstacle_0_movable,easy,easy,0.7933,1.0,119,31,0,0,150
/common/users/dm1487/scratch_namo/real_buildable/pool3/h2_404/rb_00032/env.xml,obstacle_0_movable,easy,easy,0.9467,0.9467,142,0,0,8,150
/common/users/dm1487/scratch_namo/real_buildable/pool3/h2_404/rb_00034/env.xml,obstacle_0_movable,easy,easy,0.8533,0.9667,128,17,0,5,150
/common/users/dm1487/scratch_namo/real_buildable/pool3/h2_404/rb_00035/env.xml,obstacle_0_movable,easy,easy,0.744,0.76,93,2,0,30,125
/common/users/dm1487/scratch_namo/real_buildable/pool3/h2_404/rb_00042/env.xml,obstacle_0_movable,easy,easy,0.8667,0.9667,130,15,0,5,150
/common/users/dm1487/scratch_namo/real_buildable/pool3/h2_404/rb_00044/env.xml,obstacle_0_movable,easy,easy,0.7667,0.9067,115,21,0,14,150
/common/users/dm1487/scratch_namo/real_buildable/pool3/h2_404/rb_00045/env.xml,obstacle_0_movable,easy,easy,0.8345,0.9172,121,12,0,12,145
/common/users/dm1487/scratch_namo/real_buildable/pool3/h2_404/rb_00052/env.xml,obstacle_0_movable,easy,easy,0.7333,0.775,88,5,0,27,120
/common/users/dm1487/scratch_namo/real_buildable/pool3/h2_404/rb_00053/env.xml,obstacle_0_movable,easy,easy,0.6074,0.837,82,31,0,22,135
/common/users/dm1487/scratch_namo/real_buildable/pool3/h2_404/rb_00054/env.xml,obstacle_0_movable,easy,easy,0.7333,0.9267,110,29,0,11,150
/common/users/dm1487/scratch_namo/real_buildable/pool3/h2_404/rb_00057/env.xml,obstacle_0_movable,easy,easy,0.9,1.0,135,15,0,0,150
/common/users/dm1487/scratch_namo/real_buildable/pool3/h2_404/rb_00058/env.xml,obstacle_0_movable,easy,easy,0.6897,0.8345,100,21,0,24,145
/common/users/dm1487/scratch_namo/real_buildable/pool3/h2_404/rb_00066/env.xml,obstacle_0_movable,easy,easy,0.8133,0.8267,122,2,0,26,150
/common/users/dm1487/scratch_namo/real_buildable/pool3/h2_404/rb_00067/env.xml,obstacle_0_movable,easy,easy,0.6923,0.8615,90,22,0,18,130
/common/users/dm1487/scratch_namo/real_buildable/pool3/h2_404/rb_00074/env.xml,obstacle_0_movable,easy,easy,0.8345,0.9655,121,19,0,5,145
/common/users/dm1487/scratch_namo/real_buildable/pool3/h2_404/rb_00075/env.xml,obstacle_0_movable,easy,easy,0.8621,0.9172,125,8,0,12,145
/common/users/dm1487/scratch_namo/real_buildable/pool3/h2_404/rb_00076/env.xml,obstacle_0_movable,easy,easy,0.5769,0.8846,75,40,0,15,130
/common/users/dm1487/scratch_namo/real_buildable/pool3/h2_404/rb_00077/env.xml,obstacle_0_movable,easy,easy,0.8733,0.9667,131,14,0,5,150
/common/users/dm1487/scratch_namo/real_buildable/pool3/h2_404/rb_00078/env.xml,obstacle_0_movable,easy,easy,0.6154,0.7308,80,15,0,35,130
/common/users/dm1487/scratch_namo/real_buildable/pool3/h2_405/rb_00000/env.xml,obstacle_0_movable,easy,easy,0.9733,1.0,146,4,0,0,150
/common/users/dm1487/scratch_namo/real_buildable/pool3/h2_405/rb_00010/env.xml,obstacle_0_movable,easy,easy,0.9111,0.9407,123,4,0,8,135
/common/users/dm1487/scratch_namo/real_buildable/pool3/h2_405/rb_00012/env.xml,obstacle_0_movable,easy,easy,0.9467,0.9467,142,0,0,8,150
/common/users/dm1487/scratch_namo/real_buildable/pool3/h2_405/rb_00013/env.xml,obstacle_0_movable,easy,easy,0.8069,0.9586,117,22,0,6,145
/common/users/dm1487/scratch_namo/real_buildable/pool3/h2_405/rb_00024/env.xml,obstacle_0_movable,easy,easy,0.7083,0.7833,85,9,0,26,120
/common/users/dm1487/scratch_namo/real_buildable/pool3/h2_405/rb_00025/env.xml,obstacle_0_movable,easy,easy,0.84,0.9467,126,16,0,8,150
/common/users/dm1487/scratch_namo/real_buildable/pool3/h2_405/rb_00026/env.xml,obstacle_0_movable,easy,easy,0.5867,0.8333,88,37,0,25,150
/common/users/dm1487/scratch_namo/real_buildable/pool3/h2_405/rb_00027/env.xml,obstacle_0_movable,easy,easy,0.7231,0.9231,94,26,0,10,130
/common/users/dm1487/scratch_namo/real_buildable/pool3/h2_405/rb_00028/env.xml,obstacle_0_movable,easy,easy,0.7448,0.869,108,18,0,19,145
/common/users/dm1487/scratch_namo/real_buildable/pool3/h2_405/rb_00031/env.xml,obstacle_0_movable,easy,easy,0.6462,0.7615,84,15,0,31,130
/common/users/dm1487/scratch_namo/real_buildable/pool3/h2_405/rb_00038/env.xml,obstacle_0_movable,easy,easy,0.7071,0.8143,99,15,0,26,140
/common/users/dm1487/scratch_namo/real_buildable/pool3/h2_405/rb_00042/env.xml,obstacle_0_movable,easy,easy,1.0,1.0,150,0,0,0,150
/common/users/dm1487/scratch_namo/real_buildable/pool3/h2_405/rb_00046/env.xml,obstacle_0_movable,easy,easy,0.78,0.8733,117,14,0,19,150
/common/users/dm1487/scratch_namo/real_buildable/pool3/h2_405/rb_00050/env.xml,obstacle_0_movable,easy,easy,0.8074,0.8963,109,12,0,14,135
/common/users/dm1487/scratch_namo/real_buildable/pool3/h2_405/rb_00055/env.xml,obstacle_0_movable,easy,easy,0.8786,0.9643,123,12,0,5,140
/common/users/dm1487/scratch_namo/real_buildable/pool3/h2_405/rb_00063/env.xml,obstacle_0_movable,easy,easy,0.784,0.88,98,12,0,15,125
/common/users/dm1487/scratch_namo/real_buildable/pool3/h2_405/rb_00065/env.xml,obstacle_0_movable,easy,easy,0.8667,0.9667,130,15,0,5,150
/common/users/dm1487/scratch_namo/real_buildable/pool3/h2_405/rb_00066/env.xml,obstacle_0_movable,easy,easy,0.7692,0.8846,100,15,0,15,130
/common/users/dm1487/scratch_namo/real_buildable/pool3/h2_405/rb_00067/env.xml,obstacle_0_movable,easy,easy,0.7067,1.0,106,44,0,0,150
/common/users/dm1487/scratch_namo/real_buildable/pool3/h2_405/rb_00077/env.xml,obstacle_0_movable,easy,easy,0.8889,0.9778,120,12,0,3,135
/common/users/dm1487/scratch_namo/real_buildable/pool3/h2_406/rb_00000/env.xml,obstacle_0_movable,easy,easy,0.94,0.94,141,0,0,9,150
/common/users/dm1487/scratch_namo/real_buildable/pool3/h2_406/rb_00001/env.xml,obstacle_0_movable,easy,easy,0.7867,1.0,118,32,0,0,150
/common/users/dm1487/scratch_namo/real_buildable/pool3/h2_406/rb_00003/env.xml,obstacle_0_movable,easy,easy,0.8296,0.963,112,18,0,5,135
/common/users/dm1487/scratch_namo/real_buildable/pool3/h2_406/rb_00005/env.xml,obstacle_0_movable,easy,easy,0.672,0.96,84,36,0,5,125
/common/users/dm1487/scratch_namo/real_buildable/pool3/h2_406/rb_00013/env.xml,obstacle_0_movable,easy,easy,0.5786,0.7429,81,23,0,36,140
/common/users/dm1487/scratch_namo/real_buildable/pool3/h2_406/rb_00014/env.xml,obstacle_0_movable,easy,easy,0.84,0.92,126,12,0,12,150
/common/users/dm1487/scratch_namo/real_buildable/pool3/h2_406/rb_00015/env.xml,obstacle_0_movable,easy,easy,0.648,0.8,81,19,0,25,125
/common/users/dm1487/scratch_namo/real_buildable/pool3/h2_406/rb_00017/env.xml,obstacle_0_movable,easy,easy,0.8741,0.8889,118,2,0,15,135
/common/users/dm1487/scratch_namo/real_buildable/pool3/h2_406/rb_00018/env.xml,obstacle_0_movable,easy,easy,0.8963,0.9852,121,12,0,2,135
/common/users/dm1487/scratch_namo/real_buildable/pool3/h2_406/rb_00023/env.xml,obstacle_0_movable,easy,easy,0.963,0.9704,130,1,0,4,135
/common/users/dm1487/scratch_namo/real_buildable/pool3/h2_406/rb_00027/env.xml,obstacle_0_movable,easy,easy,1.0,1.0,145,0,0,0,145
/common/users/dm1487/scratch_namo/real_buildable/pool3/h2_406/rb_00033/env.xml,obstacle_0_movable,easy,easy,0.8414,0.8621,122,3,0,20,145
/common/users/dm1487/scratch_namo/real_buildable/pool3/h2_406/rb_00034/env.xml,obstacle_0_movable,easy,easy,0.8615,0.9538,112,12,0,6,130
/common/users/dm1487/scratch_namo/real_buildable/pool3/h2_406/rb_00037/env.xml,obstacle_0_movable,easy,easy,0.8533,0.8667,128,2,0,20,150
/common/users/dm1487/scratch_namo/real_buildable/pool3/h2_406/rb_00041/env.xml,obstacle_0_movable,easy,easy,0.8071,0.9071,113,14,0,13,140
/common/users/dm1487/scratch_namo/real_buildable/pool3/h2_406/rb_00043/env.xml,obstacle_0_movable,med,easy,0.0741,0.8222,10,101,5,19,135
/common/users/dm1487/scratch_namo/real_buildable/pool3/h2_406/rb_00044/env.xml,obstacle_0_movable,easy,easy,0.8133,0.92,122,16,0,12,150
/common/users/dm1487/scratch_namo/real_buildable/pool3/h2_406/rb_00045/env.xml,obstacle_0_movable,easy,easy,0.7333,0.8333,110,15,0,25,150
/common/users/dm1487/scratch_namo/real_buildable/pool3/h2_406/rb_00051/env.xml,obstacle_0_movable,easy,easy,0.6462,0.7846,84,18,0,28,130
/common/users/dm1487/scratch_namo/real_buildable/pool3/h2_406/rb_00058/env.xml,obstacle_0_movable,easy,easy,0.7852,0.8519,106,9,0,20,135
/common/users/dm1487/scratch_namo/real_buildable/pool3/h2_406/rb_00060/env.xml,obstacle_0_movable,easy,easy,0.688,0.88,86,24,0,15,125
/common/users/dm1487/scratch_namo/real_buildable/pool3/h2_406/rb_00064/env.xml,obstacle_0_movable,easy,easy,0.7714,0.8286,108,8,0,24,140
/common/users/dm1487/scratch_namo/real_buildable/pool3/h2_406/rb_00076/env.xml,obstacle_0_movable,easy,easy,0.7786,0.8643,109,12,0,19,140
/common/users/dm1487/scratch_namo/real_buildable/pool3/h2_406/rb_00077/env.xml,obstacle_0_movable,easy,easy,0.837,0.9407,113,14,0,8,135
/common/users/dm1487/scratch_namo/real_buildable/pool3/h2_407/rb_00001/env.xml,obstacle_0_movable,easy,easy,0.872,0.96,109,11,0,5,125
/common/users/dm1487/scratch_namo/real_buildable/pool3/h2_407/rb_00002/env.xml,obstacle_0_movable,easy,easy,0.8345,0.9379,121,15,0,9,145
/common/users/dm1487/scratch_namo/real_buildable/pool3/h2_407/rb_00003/env.xml,obstacle_0_movable,easy,easy,0.8207,0.9034,119,12,0,14,145
/common/users/dm1487/scratch_namo/real_buildable/pool3/h2_407/rb_00005/env.xml,obstacle_0_movable,easy,easy,0.9857,0.9929,138,1,0,1,140
/common/users/dm1487/scratch_namo/real_buildable/pool3/h2_407/rb_00007/env.xml,obstacle_0_movable,easy,easy,0.8733,0.9467,131,11,0,8,150
/common/users/dm1487/scratch_namo/real_buildable/pool3/h2_407/rb_00013/env.xml,obstacle_0_movable,easy,easy,0.7556,0.9259,102,23,0,10,135
/common/users/dm1487/scratch_namo/real_buildable/pool3/h2_407/rb_00015/env.xml,obstacle_0_movable,easy,easy,1.0,1.0,145,0,0,0,145
/common/users/dm1487/scratch_namo/real_buildable/pool3/h2_407/rb_00017/env.xml,obstacle_0_movable,easy,easy,0.9267,0.9267,139,0,0,11,150
/common/users/dm1487/scratch_namo/real_buildable/pool3/h2_407/rb_00018/env.xml,obstacle_0_movable,easy,easy,0.6593,0.8148,89,21,0,25,135
/common/users/dm1487/scratch_namo/real_buildable/pool3/h2_407/rb_00019/env.xml,obstacle_0_movable,easy,easy,0.8538,0.9538,111,13,0,6,130
/common/users/dm1487/scratch_namo/real_buildable/pool3/h2_407/rb_00024/env.xml,obstacle_0_movable,easy,easy,0.792,0.92,99,16,0,10,125
/common/users/dm1487/scratch_namo/real_buildable/pool3/h2_407/rb_00025/env.xml,obstacle_0_movable,easy,easy,0.9867,0.9867,148,0,0,2,150
/common/users/dm1487/scratch_namo/real_buildable/pool3/h2_407/rb_00038/env.xml,obstacle_0_movable,easy,easy,0.931,0.9379,135,1,0,9,145
/common/users/dm1487/scratch_namo/real_buildable/pool3/h2_407/rb_00043/env.xml,obstacle_0_movable,easy,easy,0.64,1.0,80,45,0,0,125
/common/users/dm1487/scratch_namo/real_buildable/pool3/h2_407/rb_00046/env.xml,obstacle_0_movable,easy,easy,0.7655,0.8345,111,10,0,24,145
/common/users/dm1487/scratch_namo/real_buildable/pool3/h2_407/rb_00050/env.xml,obstacle_0_movable,easy,easy,0.8357,0.9571,117,17,0,6,140
/common/users/dm1487/scratch_namo/real_buildable/pool3/h2_407/rb_00054/env.xml,obstacle_0_movable,unsolvable,easy,0.0,0.544,0,68,45,12,125
/common/users/dm1487/scratch_namo/real_buildable/pool3/h2_407/rb_00061/env.xml,obstacle_0_movable,easy,easy,0.8143,0.9071,114,13,0,13,140
/common/users/dm1487/scratch_namo/real_buildable/pool3/h2_407/rb_00062/env.xml,obstacle_0_movable,easy,easy,0.776,0.96,97,23,0,5,125
/common/users/dm1487/scratch_namo/real_buildable/pool3/h2_407/rb_00065/env.xml,obstacle_0_movable,easy,easy,0.86,0.96,129,15,0,6,150
/common/users/dm1487/scratch_namo/real_buildable/pool3/h2_407/rb_00073/env.xml,obstacle_0_movable,easy,easy,0.9103,1.0,132,13,0,0,145
/common/users/dm1487/scratch_namo/real_buildable/pool3/h2_407/rb_00079/env.xml,obstacle_0_movable,easy,easy,0.7259,0.8296,98,14,0,23,135
/common/users/dm1487/scratch_namo/real_buildable/pool3/h2_408/rb_00001/env.xml,obstacle_0_movable,easy,easy,0.8667,0.9407,117,10,0,8,135
/common/users/dm1487/scratch_namo/real_buildable/pool3/h2_408/rb_00002/env.xml,obstacle_0_movable,easy,easy,0.75,0.8929,105,20,0,15,140
/common/users/dm1487/scratch_namo/real_buildable/pool3/h2_408/rb_00004/env.xml,obstacle_0_movable,easy,easy,0.8333,0.9333,125,15,0,10,150
/common/users/dm1487/scratch_namo/real_buildable/pool3/h2_408/rb_00005/env.xml,obstacle_0_movable,easy,easy,0.912,0.92,114,1,0,10,125
/common/users/dm1487/scratch_namo/real_buildable/pool3/h2_408/rb_00006/env.xml,obstacle_0_movable,easy,easy,0.8714,0.9571,122,12,0,6,140
/common/users/dm1487/scratch_namo/real_buildable/pool3/h2_408/rb_00009/env.xml,obstacle_0_movable,easy,easy,0.7429,0.85,104,15,0,21,140
/common/users/dm1487/scratch_namo/real_buildable/pool3/h2_408/rb_00013/env.xml,obstacle_0_movable,easy,easy,0.7571,0.9286,106,24,0,10,140
/common/users/dm1487/scratch_namo/real_buildable/pool3/h2_408/rb_00014/env.xml,obstacle_0_movable,easy,easy,0.8733,0.8933,131,3,0,16,150
/common/users/dm1487/scratch_namo/real_buildable/pool3/h2_408/rb_00017/env.xml,obstacle_0_movable,easy,easy,0.8,0.9667,120,25,0,5,150
/common/users/dm1487/scratch_namo/real_buildable/pool3/h2_408/rb_00022/env.xml,obstacle_0_movable,easy,easy,0.7852,0.9481,106,22,0,7,135
/common/users/dm1487/scratch_namo/real_buildable/pool3/h2_408/rb_00024/env.xml,obstacle_0_movable,easy,easy,0.8222,0.9333,111,15,0,9,135
/common/users/dm1487/scratch_namo/real_buildable/pool3/h2_408/rb_00026/env.xml,obstacle_0_movable,easy,easy,0.4815,0.7778,65,40,0,30,135
/common/users/dm1487/scratch_namo/real_buildable/pool3/h2_408/rb_00027/env.xml,obstacle_0_movable,easy,easy,0.9259,0.9556,125,4,0,6,135
/common/users/dm1487/scratch_namo/real_buildable/pool3/h2_408/rb_00028/env.xml,obstacle_0_movable,easy,easy,0.7185,1.0,97,38,0,0,135
/common/users/dm1487/scratch_namo/real_buildable/pool3/h2_408/rb_00035/env.xml,obstacle_0_movable,easy,easy,0.9,0.9571,126,8,0,6,140
/common/users/dm1487/scratch_namo/real_buildable/pool3/h2_408/rb_00039/env.xml,obstacle_0_movable,easy,easy,0.7643,0.8214,107,8,0,25,140
/common/users/dm1487/scratch_namo/real_buildable/pool3/h2_408/rb_00041/env.xml,obstacle_0_movable,easy,easy,0.8667,0.9667,130,15,0,5,150
/common/users/dm1487/scratch_namo/real_buildable/pool3/h2_408/rb_00044/env.xml,obstacle_0_movable,easy,easy,0.8625,0.9688,138,17,0,5,160
/common/users/dm1487/scratch_namo/real_buildable/pool3/h2_408/rb_00052/env.xml,obstacle_0_movable,easy,easy,0.9172,0.9586,133,6,0,6,145
/common/users/dm1487/scratch_namo/real_buildable/pool3/h2_408/rb_00054/env.xml,obstacle_0_movable,easy,easy,0.6667,0.7778,90,15,0,30,135
/common/users/dm1487/scratch_namo/real_buildable/pool3/h2_408/rb_00057/env.xml,obstacle_0_movable,easy,easy,0.9111,0.9481,123,5,0,7,135
/common/users/dm1487/scratch_namo/real_buildable/pool3/h2_408/rb_00058/env.xml,obstacle_0_movable,easy,easy,0.85,0.9286,119,11,0,10,140
/common/users/dm1487/scratch_namo/real_buildable/pool3/h2_408/rb_00062/env.xml,obstacle_0_movable,easy,easy,0.7655,0.9655,111,29,0,5,145
/common/users/dm1487/scratch_namo/real_buildable/pool3/h2_408/rb_00070/env.xml,obstacle_0_movable,easy,easy,0.869,0.8828,126,2,0,17,145
/common/users/dm1487/scratch_namo/real_buildable/pool3/h2_408/rb_00073/env.xml,obstacle_0_movable,easy,easy,0.856,0.96,107,13,0,5,125
/common/users/dm1487/scratch_namo/real_buildable/pool3/h2_408/rb_00074/env.xml,obstacle_0_movable,easy,easy,0.8138,0.9241,118,16,0,11,145
/common/users/dm1487/scratch_namo/real_buildable/pool3/h2_408/rb_00075/env.xml,obstacle_0_movable,easy,easy,0.7571,0.8214,106,9,0,25,140
/common/users/dm1487/scratch_namo/real_buildable/pool3/h2_408/rb_00077/env.xml,obstacle_0_movable,easy,easy,0.837,0.9407,113,14,0,8,135
/common/users/dm1487/scratch_namo/real_buildable/pool3/h2_408/rb_00078/env.xml,obstacle_0_movable,easy,easy,0.7185,0.8519,97,18,0,20,135
/common/users/dm1487/scratch_namo/real_buildable/pool3/h2_408/rb_00079/env.xml,obstacle_0_movable,easy,easy,0.9,1.0,135,15,0,0,150
/common/users/dm1487/scratch_namo/real_buildable/pool3/h2_409/rb_00002/env.xml,obstacle_0_movable,easy,easy,0.7417,0.825,89,10,0,21,120
/common/users/dm1487/scratch_namo/real_buildable/pool3/h2_409/rb_00011/env.xml,obstacle_0_movable,easy,easy,0.8214,0.9143,115,13,0,12,140
/common/users/dm1487/scratch_namo/real_buildable/pool3/h2_409/rb_00014/env.xml,obstacle_0_movable,easy,easy,0.9133,1.0,137,13,0,0,150
/common/users/dm1487/scratch_namo/real_buildable/pool3/h2_409/rb_00020/env.xml,obstacle_0_movable,easy,easy,0.9,1.0,135,15,0,0,150
/common/users/dm1487/scratch_namo/real_buildable/pool3/h2_409/rb_00024/env.xml,obstacle_0_movable,easy,easy,0.8133,0.9333,122,18,0,10,150
/common/users/dm1487/scratch_namo/real_buildable/pool3/h2_409/rb_00026/env.xml,obstacle_0_movable,easy,easy,0.7643,0.8643,107,14,0,19,140
/common/users/dm1487/scratch_namo/real_buildable/pool3/h2_409/rb_00033/env.xml,obstacle_0_movable,easy,easy,0.9533,0.9667,143,2,0,5,150
/common/users/dm1487/scratch_namo/real_buildable/pool3/h2_409/rb_00035/env.xml,obstacle_0_movable,easy,easy,0.9769,0.9769,127,0,0,3,130
/common/users/dm1487/scratch_namo/real_buildable/pool3/h2_409/rb_00037/env.xml,obstacle_0_movable,easy,easy,0.9379,0.9379,136,0,0,9,145
/common/users/dm1487/scratch_namo/real_buildable/pool3/h2_409/rb_00045/env.xml,obstacle_0_movable,easy,easy,0.784,0.936,98,19,0,8,125
/common/users/dm1487/scratch_namo/real_buildable/pool3/h2_409/rb_00046/env.xml,obstacle_0_movable,easy,easy,0.74,0.8333,111,14,0,25,150
/common/users/dm1487/scratch_namo/real_buildable/pool3/h2_409/rb_00048/env.xml,obstacle_0_movable,easy,easy,0.8786,0.9714,123,13,0,4,140
/common/users/dm1487/scratch_namo/real_buildable/pool3/h2_409/rb_00055/env.xml,obstacle_0_movable,easy,easy,0.3333,0.5933,50,39,35,26,150
/common/users/dm1487/scratch_namo/real_buildable/pool3/h2_409/rb_00056/env.xml,obstacle_0_movable,easy,easy,0.9037,0.9407,122,5,0,8,135
/common/users/dm1487/scratch_namo/real_buildable/pool3/h2_409/rb_00057/env.xml,obstacle_0_movable,easy,easy,0.808,0.96,101,19,0,5,125
/common/users/dm1487/scratch_namo/real_buildable/pool3/h2_409/rb_00059/env.xml,obstacle_0_movable,easy,easy,0.7286,0.9643,102,33,0,5,140
/common/users/dm1487/scratch_namo/real_buildable/pool3/h2_409/rb_00060/env.xml,obstacle_0_movable,easy,easy,0.8138,0.9034,118,13,0,14,145
/common/users/dm1487/scratch_namo/real_buildable/pool3/h2_409/rb_00061/env.xml,obstacle_0_movable,easy,easy,0.96,1.0,120,5,0,0,125
/common/users/dm1487/scratch_namo/real_buildable/pool3/h2_409/rb_00065/env.xml,obstacle_0_movable,easy,easy,0.7852,0.963,106,24,0,5,135
/common/users/dm1487/scratch_namo/real_buildable/pool3/h2_409/rb_00066/env.xml,obstacle_0_movable,easy,easy,0.8929,0.8929,125,0,0,15,140
/common/users/dm1487/scratch_namo/real_buildable/pool3/h2_409/rb_00067/env.xml,obstacle_0_movable,easy,easy,0.9846,0.9846,128,0,0,2,130
/common/users/dm1487/scratch_namo/real_buildable/pool3/h2_409/rb_00071/env.xml,obstacle_0_movable,easy,easy,0.7481,0.9926,101,33,0,1,135
/common/users/dm1487/scratch_namo/real_buildable/pool3/h2_409/rb_00072/env.xml,obstacle_0_movable,easy,easy,0.7385,0.7769,96,5,0,29,130
/common/users/dm1487/scratch_namo/real_buildable/pool3/h2_409/rb_00078/env.xml,obstacle_0_movable,easy,easy,0.8333,0.92,125,13,0,12,150
/common/users/dm1487/scratch_namo/real_buildable/pool3/h2_410/rb_00007/env.xml,obstacle_0_movable,easy,easy,0.744,0.92,93,22,0,10,125
/common/users/dm1487/scratch_namo/real_buildable/pool3/h2_410/rb_00016/env.xml,obstacle_0_movable,easy,easy,0.8733,0.9733,131,15,0,4,150
/common/users/dm1487/scratch_namo/real_buildable/pool3/h2_410/rb_00025/env.xml,obstacle_0_movable,easy,easy,0.7643,0.8429,107,11,0,22,140
/common/users/dm1487/scratch_namo/real_buildable/pool3/h2_410/rb_00028/env.xml,obstacle_0_movable,easy,easy,0.8333,1.0,125,25,0,0,150
/common/users/dm1487/scratch_namo/real_buildable/pool3/h2_410/rb_00029/env.xml,obstacle_0_movable,easy,easy,0.8692,0.9769,113,14,0,3,130
/common/users/dm1487/scratch_namo/real_buildable/pool3/h2_410/rb_00032/env.xml,obstacle_0_movable,easy,easy,0.8667,0.96,130,14,0,6,150
/common/users/dm1487/scratch_namo/real_buildable/pool3/h2_410/rb_00034/env.xml,obstacle_0_movable,easy,easy,0.85,0.8929,119,6,0,15,140
/common/users/dm1487/scratch_namo/real_buildable/pool3/h2_410/rb_00038/env.xml,obstacle_0_movable,easy,easy,0.7111,1.0,96,39,0,0,135
/common/users/dm1487/scratch_namo/real_buildable/pool3/h2_410/rb_00043/env.xml,obstacle_0_movable,hard,hard,0.008,0.04,1,4,114,6,125
/common/users/dm1487/scratch_namo/real_buildable/pool3/h2_410/rb_00045/env.xml,obstacle_0_movable,easy,easy,0.7037,0.8148,95,15,0,25,135
/common/users/dm1487/scratch_namo/real_buildable/pool3/h2_410/rb_00049/env.xml,obstacle_0_movable,easy,easy,0.5533,0.8333,83,42,0,25,150
/common/users/dm1487/scratch_namo/real_buildable/pool3/h2_410/rb_00051/env.xml,obstacle_0_movable,easy,easy,0.8621,0.9586,125,14,0,6,145
/common/users/dm1487/scratch_namo/real_buildable/pool3/h2_410/rb_00056/env.xml,obstacle_0_movable,easy,easy,0.8786,0.8857,123,1,0,16,140
/common/users/dm1487/scratch_namo/real_buildable/pool3/h2_410/rb_00059/env.xml,obstacle_0_movable,easy,easy,0.7692,0.8846,100,15,0,15,130
/common/users/dm1487/scratch_namo/real_buildable/pool3/h2_410/rb_00061/env.xml,obstacle_0_movable,easy,easy,0.8867,0.9867,133,15,0,2,150
/common/users/dm1487/scratch_namo/real_buildable/pool3/h2_410/rb_00062/env.xml,obstacle_0_movable,easy,easy,0.8867,0.9133,133,4,0,13,150
/common/users/dm1487/scratch_namo/real_buildable/pool3/h2_410/rb_00063/env.xml,obstacle_0_movable,easy,easy,0.84,0.952,105,14,0,6,125
/common/users/dm1487/scratch_namo/real_buildable/pool3/h2_410/rb_00064/env.xml,obstacle_0_movable,easy,easy,0.6148,0.7259,83,15,0,37,135
/common/users/dm1487/scratch_namo/real_buildable/pool3/h2_410/rb_00066/env.xml,obstacle_0_movable,easy,easy,0.8,0.8889,108,12,0,15,135
/common/users/dm1487/scratch_namo/real_buildable/pool3/h2_410/rb_00067/env.xml,obstacle_0_movable,easy,easy,0.728,0.96,91,29,0,5,125
/common/users/dm1487/scratch_namo/real_buildable/pool3/h2_410/rb_00078/env.xml,obstacle_0_movable,easy,easy,0.8414,0.9379,122,14,0,9,145
/common/users/dm1487/scratch_namo/real_buildable/pool3/h2_411/rb_00005/env.xml,obstacle_0_movable,easy,easy,0.9,0.9643,126,9,0,5,140
/common/users/dm1487/scratch_namo/real_buildable/pool3/h2_411/rb_00010/env.xml,obstacle_0_movable,easy,easy,0.92,0.96,138,6,0,6,150
/common/users/dm1487/scratch_namo/real_buildable/pool3/h2_411/rb_00012/env.xml,obstacle_0_movable,easy,easy,0.752,0.808,94,7,0,24,125
/common/users/dm1487/scratch_namo/real_buildable/pool3/h2_411/rb_00024/env.xml,obstacle_0_movable,easy,easy,0.7462,0.9231,97,23,0,10,130
/common/users/dm1487/scratch_namo/real_buildable/pool3/h2_411/rb_00025/env.xml,obstacle_0_movable,easy,easy,0.9,0.9071,126,1,0,13,140
/common/users/dm1487/scratch_namo/real_buildable/pool3/h2_411/rb_00026/env.xml,obstacle_0_movable,easy,easy,0.6,0.7826,69,21,0,25,115
/common/users/dm1487/scratch_namo/real_buildable/pool3/h2_411/rb_00028/env.xml,obstacle_0_movable,easy,easy,0.8786,0.9643,123,12,0,5,140
/common/users/dm1487/scratch_namo/real_buildable/pool3/h2_411/rb_00029/env.xml,obstacle_0_movable,easy,easy,0.8571,0.9071,120,7,0,13,140
/common/users/dm1487/scratch_namo/real_buildable/pool3/h2_411/rb_00031/env.xml,obstacle_0_movable,easy,easy,0.8467,0.96,127,17,0,6,150
/common/users/dm1487/scratch_namo/real_buildable/pool3/h2_411/rb_00033/env.xml,obstacle_0_movable,easy,easy,0.8214,0.9571,115,19,0,6,140
/common/users/dm1487/scratch_namo/real_buildable/pool3/h2_411/rb_00035/env.xml,obstacle_0_movable,easy,easy,0.9071,0.9429,127,5,0,8,140
/common/users/dm1487/scratch_namo/real_buildable/pool3/h2_411/rb_00036/env.xml,obstacle_0_movable,easy,easy,0.8,0.92,120,18,0,12,150
/common/users/dm1487/scratch_namo/real_buildable/pool3/h2_411/rb_00038/env.xml,obstacle_0_movable,easy,easy,0.8444,0.9037,114,8,0,13,135
/common/users/dm1487/scratch_namo/real_buildable/pool3/h2_411/rb_00042/env.xml,obstacle_0_movable,easy,easy,0.7071,1.0,99,41,0,0,140
/common/users/dm1487/scratch_namo/real_buildable/pool3/h2_411/rb_00044/env.xml,obstacle_0_movable,easy,easy,0.8148,0.9111,110,13,0,12,135
/common/users/dm1487/scratch_namo/real_buildable/pool3/h2_411/rb_00047/env.xml,obstacle_0_movable,easy,easy,0.7143,0.9214,100,29,0,11,140
/common/users/dm1487/scratch_namo/real_buildable/pool3/h2_411/rb_00051/env.xml,obstacle_0_movable,easy,easy,0.848,0.928,106,10,0,9,125
/common/users/dm1487/scratch_namo/real_buildable/pool3/h2_411/rb_00053/env.xml,obstacle_0_movable,easy,easy,0.8692,0.8692,113,0,0,17,130
/common/users/dm1487/scratch_namo/real_buildable/pool3/h2_411/rb_00061/env.xml,obstacle_0_movable,unsolvable,easy,0.0,0.6273,0,69,35,6,110
/common/users/dm1487/scratch_namo/real_buildable/pool3/h2_411/rb_00062/env.xml,obstacle_0_movable,easy,easy,0.8552,0.9034,124,7,0,14,145
/common/users/dm1487/scratch_namo/real_buildable/pool3/h2_411/rb_00063/env.xml,obstacle_0_movable,easy,easy,0.8667,0.9667,130,15,0,5,150
/common/users/dm1487/scratch_namo/real_buildable/pool3/h2_411/rb_00064/env.xml,obstacle_0_movable,easy,easy,0.8786,0.9143,123,5,0,12,140
/common/users/dm1487/scratch_namo/real_buildable/pool3/h2_411/rb_00065/env.xml,obstacle_0_movable,easy,easy,0.9,1.0,135,15,0,0,150
/common/users/dm1487/scratch_namo/real_buildable/pool3/h2_411/rb_00069/env.xml,obstacle_0_movable,easy,easy,0.7556,0.9333,102,24,0,9,135
/common/users/dm1487/scratch_namo/real_buildable/pool3/h2_411/rb_00070/env.xml,obstacle_0_movable,easy,easy,0.8483,0.931,123,12,0,10,145
/common/users/dm1487/scratch_namo/real_buildable/pool3/h2_411/rb_00072/env.xml,obstacle_0_movable,easy,easy,0.7852,0.963,106,24,0,5,135
/common/users/dm1487/scratch_namo/real_buildable/pool3/h2_411/rb_00076/env.xml,obstacle_0_movable,easy,easy,0.9067,1.0,136,14,0,0,150
/common/users/dm1487/scratch_namo/real_buildable/pool3/h2_411/rb_00078/env.xml,obstacle_0_movable,easy,easy,0.8933,0.8933,134,0,0,16,150
/common/users/dm1487/scratch_namo/real_buildable/pool3/h2_412/rb_00000/env.xml,obstacle_0_movable,easy,easy,0.8786,0.9714,123,13,0,4,140
/common/users/dm1487/scratch_namo/real_buildable/pool3/h2_412/rb_00001/env.xml,obstacle_0_movable,easy,easy,0.9103,0.9448,132,5,0,8,145
/common/users/dm1487/scratch_namo/real_buildable/pool3/h2_412/rb_00006/env.xml,obstacle_0_movable,easy,easy,0.88,0.88,132,0,0,18,150
/common/users/dm1487/scratch_namo/real_buildable/pool3/h2_412/rb_00008/env.xml,obstacle_0_movable,easy,easy,0.7467,0.8667,112,18,0,20,150
/common/users/dm1487/scratch_namo/real_buildable/pool3/h2_412/rb_00010/env.xml,obstacle_0_movable,easy,easy,0.792,0.848,99,7,0,19,125
/common/users/dm1487/scratch_namo/real_buildable/pool3/h2_412/rb_00012/env.xml,obstacle_0_movable,easy,easy,0.9867,0.9867,148,0,0,2,150
/common/users/dm1487/scratch_namo/real_buildable/pool3/h2_412/rb_00013/env.xml,obstacle_0_movable,easy,easy,0.8615,0.9077,112,6,0,12,130
/common/users/dm1487/scratch_namo/real_buildable/pool3/h2_412/rb_00014/env.xml,obstacle_0_movable,easy,easy,0.75,0.8929,105,20,0,15,140
/common/users/dm1487/scratch_namo/real_buildable/pool3/h2_412/rb_00021/env.xml,obstacle_0_movable,easy,easy,0.8667,0.9,130,5,0,15,150
/common/users/dm1487/scratch_namo/real_buildable/pool3/h2_412/rb_00023/env.xml,obstacle_0_movable,med,easy,0.2692,0.9077,35,83,0,12,130
/common/users/dm1487/scratch_namo/real_buildable/pool3/h2_412/rb_00024/env.xml,obstacle_0_movable,easy,easy,0.8414,0.931,122,13,0,10,145
/common/users/dm1487/scratch_namo/real_buildable/pool3/h2_412/rb_00025/env.xml,obstacle_0_movable,easy,easy,0.7923,0.8538,103,8,0,19,130
/common/users/dm1487/scratch_namo/real_buildable/pool3/h2_412/rb_00030/env.xml,obstacle_0_movable,easy,easy,0.664,0.832,83,21,0,21,125
/common/users/dm1487/scratch_namo/real_buildable/pool3/h2_412/rb_00033/env.xml,obstacle_0_movable,easy,easy,0.84,0.9667,126,19,0,5,150
/common/users/dm1487/scratch_namo/real_buildable/pool3/h2_412/rb_00035/env.xml,obstacle_0_movable,easy,easy,0.8207,0.869,119,7,0,19,145
/common/users/dm1487/scratch_namo/real_buildable/pool3/h2_412/rb_00042/env.xml,obstacle_0_movable,easy,easy,0.8214,0.8929,115,10,0,15,140
/common/users/dm1487/scratch_namo/real_buildable/pool3/h2_412/rb_00043/env.xml,obstacle_0_movable,easy,easy,0.725,0.875,87,18,0,15,120
/common/users/dm1487/scratch_namo/real_buildable/pool3/h2_412/rb_00044/env.xml,obstacle_0_movable,easy,easy,0.8593,0.9481,116,12,0,7,135
/common/users/dm1487/scratch_namo/real_buildable/pool3/h2_412/rb_00049/env.xml,obstacle_0_movable,easy,easy,0.88,0.9933,132,17,0,1,150
/common/users/dm1487/scratch_namo/real_buildable/pool3/h2_412/rb_00056/env.xml,obstacle_0_movable,easy,easy,0.8667,0.88,130,2,0,18,150
/common/users/dm1487/scratch_namo/real_buildable/pool3/h2_412/rb_00062/env.xml,obstacle_0_movable,easy,easy,0.704,0.776,88,9,0,28,125
/common/users/dm1487/scratch_namo/real_buildable/pool3/h2_412/rb_00066/env.xml,obstacle_0_movable,easy,easy,0.7931,0.9241,115,19,0,11,145
/common/users/dm1487/scratch_namo/real_buildable/pool3/h2_412/rb_00068/env.xml,obstacle_0_movable,easy,easy,0.8867,0.9933,133,16,0,1,150
/common/users/dm1487/scratch_namo/real_buildable/pool3/h2_412/rb_00073/env.xml,obstacle_0_movable,easy,easy,0.6889,0.8148,93,17,0,25,135
/common/users/dm1487/scratch_namo/real_buildable/pool3/h2_412/rb_00075/env.xml,obstacle_0_movable,easy,easy,0.6741,0.8889,91,29,0,15,135
/common/users/dm1487/scratch_namo/real_buildable/pool3/h2_412/rb_00078/env.xml,obstacle_0_movable,easy,easy,0.88,0.8867,132,1,0,17,150
/common/users/dm1487/scratch_namo/real_buildable/pool3/h2_412/rb_00079/env.xml,obstacle_0_movable,easy,easy,0.8214,0.8786,115,8,0,17,140
/common/users/dm1487/scratch_namo/real_buildable/pool4/j_501/rb_00000/env.xml,obstacle_0_movable,unsolvable,easy,0.0,0.3077,0,40,62,28,130
/common/users/dm1487/scratch_namo/real_buildable/pool4/j_501/rb_00002/env.xml,obstacle_0_movable,unsolvable,easy,0.0,0.6583,0,79,29,12,120
/common/users/dm1487/scratch_namo/real_buildable/pool4/j_501/rb_00004/env.xml,obstacle_0_movable,unsolvable,hard,0.0,0.0385,0,5,71,54,130
/common/users/dm1487/scratch_namo/real_buildable/pool4/j_501/rb_00005/env.xml,obstacle_0_movable,hard,easy,0.0462,0.5923,6,71,35,18,130
/common/users/dm1487/scratch_namo/real_buildable/pool4/j_501/rb_00009/env.xml,obstacle_0_movable,unsolvable,hard,0.0,0.016,0,2,110,13,125
/common/users/dm1487/scratch_namo/real_buildable/pool4/j_501/rb_00011/env.xml,obstacle_0_movable,unsolvable,med,0.0,0.14,0,21,105,24,150
/common/users/dm1487/scratch_namo/real_buildable/pool4/j_501/rb_00013/env.xml,obstacle_0_movable,unsolvable,med,0.0,0.1833,0,22,84,14,120
/common/users/dm1487/scratch_namo/real_buildable/pool4/j_501/rb_00014/env.xml,obstacle_0_movable,unsolvable,med,0.0,0.072,0,9,88,28,125
/common/users/dm1487/scratch_namo/real_buildable/pool4/j_501/rb_00015/env.xml,obstacle_0_movable,unsolvable,hard,0.0,0.025,0,3,103,14,120
/common/users/dm1487/scratch_namo/real_buildable/pool4/j_501/rb_00019/env.xml,obstacle_0_movable,med,easy,0.2,0.95,24,90,0,6,120
/common/users/dm1487/scratch_namo/real_buildable/pool4/j_502/rb_00007/env.xml,obstacle_0_movable,unsolvable,hard,0.0,0.0067,0,1,149,0,150
/common/users/dm1487/scratch_namo/real_buildable/pool4/j_502/rb_00008/env.xml,obstacle_0_movable,unsolvable,unsolvable,0.0,0.0,0,0,106,14,120
/common/users/dm1487/scratch_namo/real_buildable/pool4/j_502/rb_00009/env.xml,obstacle_0_movable,unsolvable,unsolvable,0.0,0.0,0,0,110,10,120
/common/users/dm1487/scratch_namo/real_buildable/pool4/j_502/rb_00010/env.xml,obstacle_0_movable,unsolvable,med,0.0,0.05,0,6,103,11,120
/common/users/dm1487/scratch_namo/real_buildable/pool4/j_503/rb_00001/env.xml,obstacle_0_movable,unsolvable,easy,0.0,0.5083,0,61,45,14,120
/common/users/dm1487/scratch_namo/real_buildable/pool4/j_503/rb_00004/env.xml,obstacle_0_movable,unsolvable,unsolvable,0.0,0.0,0,0,108,22,130
/common/users/dm1487/scratch_namo/real_buildable/pool4/j_504/rb_00002/env.xml,obstacle_0_movable,unsolvable,easy,0.0,0.328,0,41,79,5,125
/common/users/dm1487/scratch_namo/real_buildable/pool4/j_504/rb_00003/env.xml,obstacle_0_movable,unsolvable,unsolvable,0.0,0.0,0,0,114,6,120
/common/users/dm1487/scratch_namo/real_buildable/pool4/j_504/rb_00004/env.xml,obstacle_0_movable,unsolvable,hard,0.0,0.04,0,5,105,15,125
/common/users/dm1487/scratch_namo/real_buildable/pool4/j_504/rb_00007/env.xml,obstacle_0_movable,med,easy,0.1852,0.8519,25,90,0,20,135
/common/users/dm1487/scratch_namo/real_buildable/pool4/j_504/rb_00009/env.xml,obstacle_0_movable,unsolvable,easy,0.0,0.4333,0,52,50,18,120
/common/users/dm1487/scratch_namo/real_buildable/pool4/j_504/rb_00010/env.xml,obstacle_0_movable,unsolvable,med,0.0,0.104,0,13,102,10,125
/common/users/dm1487/scratch_namo/real_buildable/pool4/j_504/rb_00011/env.xml,obstacle_0_movable,unsolvable,med,0.0,0.0667,0,8,76,36,120
/common/users/dm1487/scratch_namo/real_buildable/pool4/j_505/rb_00001/env.xml,obstacle_0_movable,unsolvable,hard,0.0,0.016,0,2,104,19,125
/common/users/dm1487/scratch_namo/real_buildable/pool4/j_505/rb_00005/env.xml,obstacle_0_movable,unsolvable,med,0.0,0.136,0,17,72,36,125
/common/users/dm1487/scratch_namo/real_buildable/pool4/j_506/rb_00002/env.xml,obstacle_0_movable,med,easy,0.192,0.944,24,94,0,7,125
/common/users/dm1487/scratch_namo/real_buildable/pool4/j_506/rb_00004/env.xml,obstacle_0_movable,unsolvable,easy,0.0,0.4296,0,58,61,16,135
/common/users/dm1487/scratch_namo/real_buildable/pool4/j_506/rb_00006/env.xml,obstacle_0_movable,unsolvable,med,0.0,0.0522,0,6,73,36,115
/common/users/dm1487/scratch_namo/real_buildable/pool4/j_506/rb_00007/env.xml,obstacle_0_movable,med,easy,0.096,0.592,12,62,30,21,125
/common/users/dm1487/scratch_namo/real_buildable/pool4/j_506/rb_00012/env.xml,obstacle_0_movable,unsolvable,hard,0.0,0.0133,0,2,116,32,150
/common/users/dm1487/scratch_namo/real_buildable/pool4/j_506/rb_00014/env.xml,obstacle_0_movable,unsolvable,unsolvable,0.0,0.0,0,0,120,0,120
/common/users/dm1487/scratch_namo/real_buildable/pool4/j_507/rb_00000/env.xml,obstacle_0_movable,med,easy,0.05,0.6083,6,67,9,38,120
/common/users/dm1487/scratch_namo/real_buildable/pool4/j_507/rb_00003/env.xml,obstacle_0_movable,unsolvable,easy,0.0,0.3667,0,44,37,39,120
/common/users/dm1487/scratch_namo/real_buildable/pool4/j_507/rb_00004/env.xml,obstacle_0_movable,unsolvable,easy,0.0,0.552,0,69,24,32,125
/common/users/dm1487/scratch_namo/real_buildable/pool4/j_507/rb_00005/env.xml,obstacle_0_movable,med,easy,0.152,0.792,19,80,1,25,125
/common/users/dm1487/scratch_namo/real_buildable/pool4/j_507/rb_00007/env.xml,obstacle_0_movable,unsolvable,med,0.0,0.0593,0,8,96,31,135
/common/users/dm1487/scratch_namo/real_buildable/pool4/j_507/rb_00008/env.xml,obstacle_0_movable,unsolvable,hard,0.0,0.025,0,3,104,13,120
/common/users/dm1487/scratch_namo/real_buildable/pool4/j_508/rb_00002/env.xml,obstacle_0_movable,unsolvable,med,0.0,0.0769,0,10,82,38,130
/common/users/dm1487/scratch_namo/real_buildable/pool4/j_508/rb_00003/env.xml,obstacle_0_movable,unsolvable,hard,0.0,0.0435,0,5,96,14,115
/common/users/dm1487/scratch_namo/real_buildable/pool4/j_508/rb_00005/env.xml,obstacle_0_movable,med,easy,0.2077,0.9615,27,98,0,5,130
/common/users/dm1487/scratch_namo/real_buildable/pool4/j_508/rb_00006/env.xml,obstacle_0_movable,unsolvable,med,0.0,0.128,0,16,93,16,125
/common/users/dm1487/scratch_namo/real_buildable/pool4/j_508/rb_00007/env.xml,obstacle_0_movable,unsolvable,med,0.0,0.152,0,19,77,29,125
/common/users/dm1487/scratch_namo/real_buildable/pool4/j_508/rb_00010/env.xml,obstacle_0_movable,unsolvable,easy,0.0,0.432,0,54,40,31,125
/common/users/dm1487/scratch_namo/real_buildable/pool4/j_508/rb_00011/env.xml,obstacle_0_movable,unsolvable,unsolvable,0.0,0.0,0,0,116,4,120
/common/users/dm1487/scratch_namo/real_buildable/pool4/j_508/rb_00012/env.xml,obstacle_0_movable,unsolvable,med,0.0,0.1478,0,17,88,10,115
/common/users/dm1487/scratch_namo/real_buildable/pool4/j_508/rb_00013/env.xml,obstacle_0_movable,unsolvable,easy,0.0,0.6333,0,76,34,10,120
/common/users/dm1487/scratch_namo/real_buildable/pool4/j_508/rb_00015/env.xml,obstacle_0_movable,unsolvable,unsolvable,0.0,0.0,0,0,121,9,130
/common/users/dm1487/scratch_namo/real_buildable/pool4/j_508/rb_00016/env.xml,obstacle_0_movable,unsolvable,unsolvable,0.0,0.0,0,0,104,21,125
/common/users/dm1487/scratch_namo/real_buildable/pool4/j_508/rb_00017/env.xml,obstacle_0_movable,med,easy,0.1391,0.6,16,53,19,27,115
/common/users/dm1487/scratch_namo/real_buildable/pool4/j_508/rb_00018/env.xml,obstacle_0_movable,unsolvable,unsolvable,0.0,0.0,0,0,118,12,130
/common/users/dm1487/scratch_namo/real_buildable/pool4/j_509/rb_00010/env.xml,obstacle_0_movable,unsolvable,easy,0.0,0.5667,0,68,32,20,120
/common/users/dm1487/scratch_namo/real_buildable/pool4/j_509/rb_00014/env.xml,obstacle_0_movable,hard,easy,0.0261,0.8957,3,100,5,7,115
/common/users/dm1487/scratch_namo/real_buildable/pool4/j_510/rb_00000/env.xml,obstacle_0_movable,hard,easy,0.016,0.552,2,67,12,44,125
/common/users/dm1487/scratch_namo/real_buildable/pool4/j_510/rb_00002/env.xml,obstacle_0_movable,med,easy,0.0957,0.4957,11,46,50,8,115
/common/users/dm1487/scratch_namo/real_buildable/pool4/j_510/rb_00007/env.xml,obstacle_0_movable,unsolvable,med,0.0,0.16,0,20,87,18,125
/common/users/dm1487/scratch_namo/real_buildable/pool4/j_511/rb_00004/env.xml,obstacle_0_movable,unsolvable,easy,0.0,0.8667,0,104,9,7,120
/common/users/dm1487/scratch_namo/real_buildable/pool4/j_511/rb_00005/env.xml,obstacle_0_movable,unsolvable,easy,0.0,0.6083,0,73,31,16,120
/common/users/dm1487/scratch_namo/real_buildable/pool4/j_511/rb_00006/env.xml,obstacle_0_movable,unsolvable,unsolvable,0.0,0.0,0,0,99,31,130
/common/users/dm1487/scratch_namo/real_buildable/pool4/j_512/rb_00001/env.xml,obstacle_0_movable,med,easy,0.0621,0.7103,9,94,25,17,145
/common/users/dm1487/scratch_namo/real_buildable/pool4/j_512/rb_00003/env.xml,obstacle_0_movable,unsolvable,unsolvable,0.0,0.0,0,0,118,12,130
/common/users/dm1487/scratch_namo/real_buildable/pool4/j_512/rb_00004/env.xml,obstacle_0_movable,unsolvable,med,0.0,0.05,0,6,104,10,120
/common/users/dm1487/scratch_namo/real_buildable/pool4/j_512/rb_00008/env.xml,obstacle_0_movable,unsolvable,easy,0.0,0.4667,0,56,55,9,120
/common/users/dm1487/scratch_namo/real_buildable/pool4/j_512/rb_00013/env.xml,obstacle_0_movable,easy,easy,0.5,0.9167,60,50,0,10,120
/common/users/dm1487/scratch_namo/real_buildable/pool4/j_512/rb_00015/env.xml,obstacle_0_movable,med,easy,0.0538,0.7385,7,89,23,11,130
/common/users/dm1487/scratch_namo/real_buildable/pool4/j_512/rb_00016/env.xml,obstacle_0_movable,unsolvable,med,0.0,0.2741,0,37,92,6,135
/common/users/dm1487/scratch_namo/real_buildable/pool4/j_512/rb_00017/env.xml,obstacle_0_movable,unsolvable,easy,0.0,0.832,0,104,12,9,125
/common/users/dm1487/scratch_namo/real_buildable/pool4/j_512/rb_00019/env.xml,obstacle_0_movable,unsolvable,med,0.0,0.216,0,27,95,3,125
/common/users/dm1487/scratch_namo/real_buildable/pool4/j_512/rb_00020/env.xml,obstacle_0_movable,unsolvable,med,0.0,0.1417,0,17,71,32,120
/common/users/dm1487/scratch_namo/real_buildable/pool4/j_513/rb_00002/env.xml,obstacle_0_movable,unsolvable,med,0.0,0.0917,0,11,80,29,120
/common/users/dm1487/scratch_namo/real_buildable/pool4/j_513/rb_00003/env.xml,obstacle_0_movable,unsolvable,unsolvable,0.0,0.0,0,0,86,44,130
/common/users/dm1487/scratch_namo/real_buildable/pool4/j_513/rb_00009/env.xml,obstacle_0_movable,unsolvable,med,0.0,0.0833,0,10,87,23,120
/common/users/dm1487/scratch_namo/real_buildable/pool4/j_513/rb_00011/env.xml,obstacle_0_movable,unsolvable,unsolvable,0.0,0.0,0,0,98,32,130
/common/users/dm1487/scratch_namo/real_buildable/pool4/j_513/rb_00015/env.xml,obstacle_0_movable,unsolvable,unsolvable,0.0,0.0,0,0,105,25,130
/common/users/dm1487/scratch_namo/real_buildable/pool4/j_513/rb_00018/env.xml,obstacle_0_movable,unsolvable,unsolvable,0.0,0.0,0,0,103,22,125
/common/users/dm1487/scratch_namo/real_buildable/pool4/j_514/rb_00003/env.xml,obstacle_0_movable,unsolvable,easy,0.0,0.3667,0,44,66,10,120
/common/users/dm1487/scratch_namo/real_buildable/pool4/j_514/rb_00006/env.xml,obstacle_0_movable,unsolvable,unsolvable,0.0,0.0,0,0,82,43,125
/common/users/dm1487/scratch_namo/real_buildable/pool4/j_514/rb_00011/env.xml,obstacle_0_movable,unsolvable,med,0.0,0.0786,0,11,110,19,140
/common/users/dm1487/scratch_namo/real_buildable/pool4/j_515/rb_00002/env.xml,obstacle_0_movable,unsolvable,unsolvable,0.0,0.0,0,0,98,27,125
/common/users/dm1487/scratch_namo/real_buildable/pool4/j_515/rb_00010/env.xml,obstacle_0_movable,hard,easy,0.0222,0.5185,3,67,38,27,135
/common/users/dm1487/scratch_namo/real_buildable/pool4/j_515/rb_00012/env.xml,obstacle_0_movable,unsolvable,hard,0.0,0.0154,0,2,121,7,130
/common/users/dm1487/scratch_namo/real_buildable/pool4/j_515/rb_00014/env.xml,obstacle_0_movable,unsolvable,hard,0.0,0.0417,0,5,100,15,120
/common/users/dm1487/scratch_namo/real_buildable/pool4/j_515/rb_00016/env.xml,obstacle_0_movable,unsolvable,unsolvable,0.0,0.0,0,0,90,20,110
/common/users/dm1487/scratch_namo/real_buildable/pool4/j_516/rb_00001/env.xml,obstacle_0_movable,unsolvable,unsolvable,0.0,0.0,0,0,122,3,125
/common/users/dm1487/scratch_namo/real_buildable/pool4/j_516/rb_00004/env.xml,obstacle_0_movable,med,easy,0.1043,0.8957,12,91,0,12,115
/common/users/dm1487/scratch_namo/real_buildable/pool4/j_516/rb_00005/env.xml,obstacle_0_movable,unsolvable,unsolvable,0.0,0.0,0,0,118,17,135
/common/users/dm1487/scratch_namo/real_buildable/pool4/j_516/rb_00006/env.xml,obstacle_0_movable,hard,easy,0.0077,0.5308,1,68,24,37,130
/common/users/dm1487/scratch_namo/real_buildable/pool4/j_516/rb_00008/env.xml,obstacle_0_movable,unsolvable,hard,0.0,0.0308,0,4,90,36,130
/common/users/dm1487/scratch_namo/real_buildable/pool4/j_517/rb_00000/env.xml,obstacle_0_movable,unsolvable,unsolvable,0.0,0.0,0,0,108,12,120
/common/users/dm1487/scratch_namo/real_buildable/pool4/j_517/rb_00002/env.xml,obstacle_0_movable,unsolvable,med,0.0,0.0538,0,7,118,5,130
/common/users/dm1487/scratch_namo/real_buildable/pool4/j_517/rb_00003/env.xml,obstacle_0_movable,unsolvable,hard,0.0,0.0231,0,3,127,0,130
/common/users/dm1487/scratch_namo/real_buildable/pool4/j_517/rb_00005/env.xml,obstacle_0_movable,unsolvable,unsolvable,0.0,0.0,0,0,120,0,120
/common/users/dm1487/scratch_namo/real_buildable/pool4/j_517/rb_00006/env.xml,obstacle_0_movable,med,easy,0.1448,0.8483,21,102,3,19,145
/common/users/dm1487/scratch_namo/real_buildable/pool4/j_517/rb_00008/env.xml,obstacle_0_movable,unsolvable,hard,0.0,0.025,0,3,112,5,120
/common/users/dm1487/scratch_namo/real_buildable/pool4/j_517/rb_00009/env.xml,obstacle_0_movable,unsolvable,easy,0.0,0.3385,0,44,57,29,130
/common/users/dm1487/scratch_namo/real_buildable/pool4/j_517/rb_00012/env.xml,obstacle_0_movable,med,easy,0.0615,0.7231,8,86,10,26,130
/common/users/dm1487/scratch_namo/real_buildable/pool4/j_517/rb_00013/env.xml,obstacle_0_movable,unsolvable,hard,0.0,0.016,0,2,104,19,125
/common/users/dm1487/scratch_namo/real_buildable/pool4/j_517/rb_00014/env.xml,obstacle_0_movable,unsolvable,hard,0.0,0.0231,0,3,106,21,130
/common/users/dm1487/scratch_namo/real_buildable/pool4/j_517/rb_00015/env.xml,obstacle_0_movable,unsolvable,med,0.0,0.2148,0,29,89,17,135
/common/users/dm1487/scratch_namo/real_buildable/pool4/j_517/rb_00017/env.xml,obstacle_0_movable,hard,easy,0.0261,0.713,3,79,14,19,115
/common/users/dm1487/scratch_namo/real_buildable/pool4/j_517/rb_00018/env.xml,obstacle_0_movable,unsolvable,hard,0.0,0.008,0,1,124,0,125
/common/users/dm1487/scratch_namo/real_buildable/pool4/j_517/rb_00019/env.xml,obstacle_0_movable,easy,easy,0.3769,0.9462,49,74,0,7,130
/common/users/dm1487/scratch_namo/real_buildable/pool4/j_518/rb_00001/env.xml,obstacle_0_movable,unsolvable,med,0.0,0.2296,0,31,82,22,135
/common/users/dm1487/scratch_namo/real_buildable/pool4/j_518/rb_00003/env.xml,obstacle_0_movable,unsolvable,unsolvable,0.0,0.0,0,0,113,7,120
/common/users/dm1487/scratch_namo/real_buildable/pool4/j_518/rb_00004/env.xml,obstacle_0_movable,unsolvable,easy,0.0,0.4,0,46,42,27,115
/common/users/dm1487/scratch_namo/real_buildable/pool4/j_518/rb_00005/env.xml,obstacle_0_movable,med,easy,0.1167,0.6417,14,63,5,38,120
/common/users/dm1487/scratch_namo/real_buildable/pool4/j_518/rb_00009/env.xml,obstacle_0_movable,unsolvable,hard,0.0,0.0296,0,4,98,33,135
/common/users/dm1487/scratch_namo/real_buildable/pool4/j_518/rb_00010/env.xml,obstacle_0_movable,unsolvable,easy,0.0,0.6074,0,82,43,10,135
/common/users/dm1487/scratch_namo/real_buildable/pool4/j_519/rb_00000/env.xml,obstacle_0_movable,unsolvable,med,0.0,0.28,0,35,77,13,125
/common/users/dm1487/scratch_namo/real_buildable/pool4/j_519/rb_00002/env.xml,obstacle_0_movable,unsolvable,med,0.0,0.2,0,27,61,47,135
/common/users/dm1487/scratch_namo/real_buildable/pool4/j_519/rb_00005/env.xml,obstacle_0_movable,med,easy,0.2154,0.6692,28,59,1,42,130
/common/users/dm1487/scratch_namo/real_buildable/pool4/j_519/rb_00007/env.xml,obstacle_0_movable,unsolvable,med,0.0,0.1333,0,16,63,41,120
/common/users/dm1487/scratch_namo/real_buildable/pool4/j_519/rb_00008/env.xml,obstacle_0_movable,unsolvable,unsolvable,0.0,0.0,0,0,95,55,150
/common/users/dm1487/scratch_namo/real_buildable/pool4/j_519/rb_00009/env.xml,obstacle_0_movable,med,easy,0.05,0.7583,6,85,22,7,120
/common/users/dm1487/scratch_namo/real_buildable/pool4/j_520/rb_00000/env.xml,obstacle_0_movable,unsolvable,unsolvable,0.0,0.0,0,0,119,1,120
/common/users/dm1487/scratch_namo/real_buildable/pool4/j_520/rb_00003/env.xml,obstacle_0_movable,unsolvable,med,0.0,0.0583,0,7,83,30,120
/common/users/dm1487/scratch_namo/real_buildable/pool4/j_520/rb_00004/env.xml,obstacle_0_movable,med,easy,0.075,0.6667,9,71,18,22,120
/common/users/dm1487/scratch_namo/real_buildable/pool4/j_520/rb_00011/env.xml,obstacle_0_movable,med,easy,0.072,0.416,9,43,44,29,125
/common/users/dm1487/scratch_namo/real_buildable/pool4/j_520/rb_00012/env.xml,obstacle_0_movable,unsolvable,unsolvable,0.0,0.0,0,0,121,14,135
/common/users/dm1487/scratch_namo/real_buildable/pool4/j_520/rb_00013/env.xml,obstacle_0_movable,unsolvable,easy,0.0,0.512,0,64,52,9,125
/common/users/dm1487/scratch_namo/real_buildable/pool4/j_520/rb_00014/env.xml,obstacle_0_movable,hard,easy,0.0154,0.4,2,50,46,32,130
/common/users/dm1487/scratch_namo/real_buildable/pool4/j_521/rb_00001/env.xml,obstacle_0_movable,unsolvable,hard,0.0,0.032,0,4,119,2,125
/common/users/dm1487/scratch_namo/real_buildable/pool4/j_521/rb_00006/env.xml,obstacle_0_movable,unsolvable,easy,0.0,0.472,0,59,35,31,125
/common/users/dm1487/scratch_namo/real_buildable/pool4/j_521/rb_00008/env.xml,obstacle_0_movable,unsolvable,med,0.0,0.1704,0,23,101,11,135
/common/users/dm1487/scratch_namo/real_buildable/pool4/j_521/rb_00009/env.xml,obstacle_0_movable,unsolvable,easy,0.0,0.4087,0,47,63,5,115
/common/users/dm1487/scratch_namo/real_buildable/pool4/j_521/rb_00010/env.xml,obstacle_0_movable,unsolvable,hard,0.0,0.04,0,5,95,25,125
/common/users/dm1487/scratch_namo/real_buildable/pool4/j_522/rb_00000/env.xml,obstacle_0_movable,unsolvable,hard,0.0,0.037,0,5,115,15,135
/common/users/dm1487/scratch_namo/real_buildable/pool4/j_522/rb_00004/env.xml,obstacle_0_movable,med,easy,0.05,0.4667,6,50,53,11,120
/common/users/dm1487/scratch_namo/real_buildable/pool4/j_522/rb_00005/env.xml,obstacle_0_movable,unsolvable,unsolvable,0.0,0.0,0,0,91,54,145
/common/users/dm1487/scratch_namo/real_buildable/pool4/j_522/rb_00006/env.xml,obstacle_0_movable,unsolvable,unsolvable,0.0,0.0,0,0,103,22,125
/common/users/dm1487/scratch_namo/real_buildable/pool4/j_522/rb_00008/env.xml,obstacle_0_movable,unsolvable,hard,0.0,0.008,0,1,114,10,125
/common/users/dm1487/scratch_namo/real_buildable/pool4/j_522/rb_00010/env.xml,obstacle_0_movable,unsolvable,med,0.0,0.1154,0,15,70,45,130
/common/users/dm1487/scratch_namo/real_buildable/pool4/j_522/rb_00012/env.xml,obstacle_0_movable,unsolvable,hard,0.0,0.0167,0,2,103,15,120
/common/users/dm1487/scratch_namo/real_buildable/pool4/j_522/rb_00017/env.xml,obstacle_0_movable,hard,easy,0.0087,0.5478,1,62,30,22,115
/common/users/dm1487/scratch_namo/real_buildable/pool4/j_523/rb_00000/env.xml,obstacle_0_movable,unsolvable,hard,0.0,0.0077,0,1,102,27,130
/common/users/dm1487/scratch_namo/real_buildable/pool4/j_523/rb_00004/env.xml,obstacle_0_movable,unsolvable,med,0.0,0.075,0,9,74,37,120
/common/users/dm1487/scratch_namo/real_buildable/pool4/j_523/rb_00008/env.xml,obstacle_0_movable,unsolvable,easy,0.0,0.375,0,45,41,34,120
/common/users/dm1487/scratch_namo/real_buildable/pool4/j_523/rb_00009/env.xml,obstacle_0_movable,unsolvable,easy,0.0,0.3704,0,50,54,31,135
/common/users/dm1487/scratch_namo/real_buildable/pool4/j_523/rb_00010/env.xml,obstacle_0_movable,unsolvable,med,0.0,0.288,0,36,65,24,125
/common/users/dm1487/scratch_namo/real_buildable/pool4/j_523/rb_00013/env.xml,obstacle_0_movable,unsolvable,med,0.0,0.1071,0,15,124,1,140
/common/users/dm1487/scratch_namo/real_buildable/pool4/j_523/rb_00015/env.xml,obstacle_0_movable,unsolvable,easy,0.0,0.5615,0,73,45,12,130
/common/users/dm1487/scratch_namo/real_buildable/pool4/j_524/rb_00005/env.xml,obstacle_0_movable,unsolvable,med,0.0,0.1667,0,20,95,5,120
/common/users/dm1487/scratch_namo/real_buildable/pool4/j_524/rb_00006/env.xml,obstacle_0_movable,unsolvable,unsolvable,0.0,0.0,0,0,87,33,120
/common/users/dm1487/scratch_namo/real_buildable/pool4/j_524/rb_00009/env.xml,obstacle_0_movable,unsolvable,hard,0.0,0.025,0,3,113,4,120
/common/users/dm1487/scratch_namo/real_buildable/pool4/j_524/rb_00010/env.xml,obstacle_0_movable,unsolvable,unsolvable,0.0,0.0,0,0,105,15,120
/common/users/dm1487/scratch_namo/real_buildable/pool4/j_524/rb_00012/env.xml,obstacle_0_movable,med,easy,0.2833,0.8167,34,64,3,19,120
/common/users/dm1487/scratch_namo/real_buildable/pool4b/j_601/rb_00000/env.xml,obstacle_0_movable,unsolvable,unsolvable,0.0,0.0,0,0,129,1,130
/common/users/dm1487/scratch_namo/real_buildable/pool4b/j_601/rb_00002/env.xml,obstacle_0_movable,unsolvable,unsolvable,0.0,0.0,0,0,81,44,125
/common/users/dm1487/scratch_namo/real_buildable/pool4b/j_601/rb_00006/env.xml,obstacle_0_movable,unsolvable,easy,0.0,0.4609,0,53,29,33,115
/common/users/dm1487/scratch_namo/real_buildable/pool4b/j_601/rb_00008/env.xml,obstacle_0_movable,unsolvable,unsolvable,0.0,0.0,0,0,117,13,130
/common/users/dm1487/scratch_namo/real_buildable/pool4b/j_601/rb_00010/env.xml,obstacle_0_movable,hard,med,0.025,0.2417,3,26,70,21,120
/common/users/dm1487/scratch_namo/real_buildable/pool4b/j_601/rb_00013/env.xml,obstacle_0_movable,unsolvable,med,0.0,0.0583,0,7,70,43,120
/common/users/dm1487/scratch_namo/real_buildable/pool4b/j_601/rb_00018/env.xml,obstacle_0_movable,unsolvable,hard,0.0,0.0074,0,1,109,25,135
/common/users/dm1487/scratch_namo/real_buildable/pool4b/j_601/rb_00020/env.xml,obstacle_0_movable,unsolvable,unsolvable,0.0,0.0,0,0,110,15,125
/common/users/dm1487/scratch_namo/real_buildable/pool4b/j_602/rb_00001/env.xml,obstacle_0_movable,unsolvable,med,0.0,0.2333,0,28,64,28,120
/common/users/dm1487/scratch_namo/real_buildable/pool4b/j_602/rb_00007/env.xml,obstacle_0_movable,unsolvable,easy,0.0,0.36,0,45,57,23,125
/common/users/dm1487/scratch_namo/real_buildable/pool4b/j_602/rb_00008/env.xml,obstacle_0_movable,hard,easy,0.024,0.376,3,44,40,38,125
/common/users/dm1487/scratch_namo/real_buildable/pool4b/j_602/rb_00011/env.xml,obstacle_0_movable,unsolvable,med,0.0,0.15,0,18,91,11,120
/common/users/dm1487/scratch_namo/real_buildable/pool4b/j_602/rb_00014/env.xml,obstacle_0_movable,unsolvable,hard,0.0,0.016,0,2,94,29,125
/common/users/dm1487/scratch_namo/real_buildable/pool4b/j_603/rb_00008/env.xml,obstacle_0_movable,unsolvable,hard,0.0,0.008,0,1,124,0,125
/common/users/dm1487/scratch_namo/real_buildable/pool4b/j_603/rb_00009/env.xml,obstacle_0_movable,med,easy,0.0615,0.6846,8,81,9,32,130
/common/users/dm1487/scratch_namo/real_buildable/pool4b/j_603/rb_00010/env.xml,obstacle_0_movable,med,easy,0.12,0.8,15,85,5,20,125
/common/users/dm1487/scratch_namo/real_buildable/pool4b/j_603/rb_00012/env.xml,obstacle_0_movable,easy,easy,0.304,0.856,38,69,0,18,125
/common/users/dm1487/scratch_namo/real_buildable/pool4b/j_603/rb_00013/env.xml,obstacle_0_movable,unsolvable,hard,0.0,0.0333,0,4,104,12,120
/common/users/dm1487/scratch_namo/real_buildable/pool4b/j_604/rb_00003/env.xml,obstacle_0_movable,unsolvable,med,0.0,0.1923,0,25,85,20,130
/common/users/dm1487/scratch_namo/real_buildable/pool4b/j_604/rb_00004/env.xml,obstacle_0_movable,med,easy,0.08,0.496,10,52,36,27,125
/common/users/dm1487/scratch_namo/real_buildable/pool4b/j_604/rb_00005/env.xml,obstacle_0_movable,unsolvable,easy,0.0,0.3333,0,40,49,31,120
/common/users/dm1487/scratch_namo/real_buildable/pool4b/j_604/rb_00006/env.xml,obstacle_0_movable,unsolvable,med,0.0,0.113,0,13,97,5,115
/common/users/dm1487/scratch_namo/real_buildable/pool4b/j_604/rb_00008/env.xml,obstacle_0_movable,med,easy,0.184,0.872,23,86,0,16,125
/common/users/dm1487/scratch_namo/real_buildable/pool4b/j_604/rb_00009/env.xml,obstacle_0_movable,unsolvable,hard,0.0,0.025,0,3,82,35,120
/common/users/dm1487/scratch_namo/real_buildable/pool4b/j_605/rb_00000/env.xml,obstacle_0_movable,unsolvable,unsolvable,0.0,0.0,0,0,86,44,130
/common/users/dm1487/scratch_namo/real_buildable/pool4b/j_605/rb_00001/env.xml,obstacle_0_movable,unsolvable,easy,0.0,0.3857,0,54,81,5,140
/common/users/dm1487/scratch_namo/real_buildable/pool4b/j_605/rb_00007/env.xml,obstacle_0_movable,unsolvable,easy,0.0,0.4083,0,49,52,19,120
/common/users/dm1487/scratch_namo/real_buildable/pool4b/j_605/rb_00009/env.xml,obstacle_0_movable,unsolvable,med,0.0,0.224,0,28,82,15,125
/common/users/dm1487/scratch_namo/real_buildable/pool4b/j_605/rb_00016/env.xml,obstacle_0_movable,med,easy,0.08,0.76,10,85,21,9,125
/common/users/dm1487/scratch_namo/real_buildable/pool4b/j_606/rb_00002/env.xml,obstacle_0_movable,unsolvable,hard,0.0,0.0174,0,2,85,28,115
/common/users/dm1487/scratch_namo/real_buildable/pool4b/j_606/rb_00003/env.xml,obstacle_0_movable,unsolvable,med,0.0,0.0917,0,11,85,24,120
/common/users/dm1487/scratch_namo/real_buildable/pool4b/j_606/rb_00008/env.xml,obstacle_0_movable,unsolvable,unsolvable,0.0,0.0,0,0,130,10,140
/common/users/dm1487/scratch_namo/real_buildable/pool4b/j_606/rb_00009/env.xml,obstacle_0_movable,hard,easy,0.032,0.456,4,53,30,38,125
/common/users/dm1487/scratch_namo/real_buildable/pool4b/j_606/rb_00011/env.xml,obstacle_0_movable,unsolvable,hard,0.0,0.0417,0,5,107,8,120
/common/users/dm1487/scratch_namo/real_buildable/pool4b/j_606/rb_00012/env.xml,obstacle_0_movable,unsolvable,unsolvable,0.0,0.0,0,0,111,9,120
/common/users/dm1487/scratch_namo/real_buildable/pool4b/j_606/rb_00013/env.xml,obstacle_0_movable,med,easy,0.0522,0.5565,6,58,24,27,115
/common/users/dm1487/scratch_namo/real_buildable/pool4b/j_606/rb_00014/env.xml,obstacle_0_movable,unsolvable,easy,0.0,0.5391,0,62,36,17,115
/common/users/dm1487/scratch_namo/real_buildable/pool4b/j_606/rb_00015/env.xml,obstacle_0_movable,unsolvable,unsolvable,0.0,0.0,0,0,89,31,120
/common/users/dm1487/scratch_namo/real_buildable/pool4b/j_606/rb_00016/env.xml,obstacle_0_movable,unsolvable,unsolvable,0.0,0.0,0,0,113,17,130
/common/users/dm1487/scratch_namo/real_buildable/pool4b/j_607/rb_00003/env.xml,obstacle_0_movable,med,easy,0.1391,0.8435,16,81,0,18,115
/common/users/dm1487/scratch_namo/real_buildable/pool4b/j_607/rb_00007/env.xml,obstacle_0_movable,unsolvable,unsolvable,0.0,0.0,0,0,114,11,125
/common/users/dm1487/scratch_namo/real_buildable/pool4b/j_607/rb_00008/env.xml,obstacle_0_movable,unsolvable,med,0.0,0.0538,0,7,94,29,130
/common/users/dm1487/scratch_namo/real_buildable/pool4b/j_608/rb_00000/env.xml,obstacle_0_movable,unsolvable,unsolvable,0.0,0.0,0,0,117,8,125
/common/users/dm1487/scratch_namo/real_buildable/pool4b/j_608/rb_00002/env.xml,obstacle_0_movable,unsolvable,med,0.0,0.1407,0,19,87,29,135
/common/users/dm1487/scratch_namo/real_buildable/pool4b/j_608/rb_00003/env.xml,obstacle_0_movable,hard,easy,0.037,0.6444,5,82,19,29,135
/common/users/dm1487/scratch_namo/real_buildable/pool4b/j_608/rb_00006/env.xml,obstacle_0_movable,med,easy,0.2071,0.7929,29,82,8,21,140
/common/users/dm1487/scratch_namo/real_buildable/pool4b/j_608/rb_00008/env.xml,obstacle_0_movable,unsolvable,easy,0.0,0.4,0,48,40,32,120
/common/users/dm1487/scratch_namo/real_buildable/pool4b/j_608/rb_00009/env.xml,obstacle_0_movable,med,easy,0.2,0.925,24,87,0,9,120
/common/users/dm1487/scratch_namo/real_buildable/pool4b/j_608/rb_00010/env.xml,obstacle_0_movable,med,easy,0.1833,0.7583,22,69,0,29,120
/common/users/dm1487/scratch_namo/real_buildable/pool4b/j_608/rb_00015/env.xml,obstacle_0_movable,unsolvable,easy,0.0,0.3385,0,44,49,37,130
/common/users/dm1487/scratch_namo/real_buildable/pool4b/j_609/rb_00003/env.xml,obstacle_0_movable,unsolvable,med,0.0,0.2583,0,31,66,23,120
/common/users/dm1487/scratch_namo/real_buildable/pool4b/j_609/rb_00006/env.xml,obstacle_0_movable,unsolvable,unsolvable,0.0,0.0,0,0,142,3,145
/common/users/dm1487/scratch_namo/real_buildable/pool4b/j_609/rb_00009/env.xml,obstacle_0_movable,unsolvable,unsolvable,0.0,0.0,0,0,118,22,140
/common/users/dm1487/scratch_namo/real_buildable/pool4b/j_610/rb_00004/env.xml,obstacle_0_movable,unsolvable,med,0.0,0.1417,0,17,84,19,120
/common/users/dm1487/scratch_namo/real_buildable/pool4b/j_610/rb_00005/env.xml,obstacle_0_movable,unsolvable,easy,0.0,0.675,0,81,21,18,120
/common/users/dm1487/scratch_namo/real_buildable/pool4b/j_610/rb_00006/env.xml,obstacle_0_movable,med,easy,0.1,0.9583,12,103,0,5,120
/common/users/dm1487/scratch_namo/real_buildable/pool4b/j_610/rb_00009/env.xml,obstacle_0_movable,unsolvable,easy,0.0,0.4167,0,50,60,10,120
/common/users/dm1487/scratch_namo/real_buildable/pool4b/j_610/rb_00018/env.xml,obstacle_0_movable,unsolvable,med,0.0,0.2333,0,35,89,26,150
/common/users/dm1487/scratch_namo/real_buildable/pool4b/j_610/rb_00019/env.xml,obstacle_0_movable,unsolvable,unsolvable,0.0,0.0,0,0,105,15,120
/common/users/dm1487/scratch_namo/real_buildable/pool4b/j_610/rb_00022/env.xml,obstacle_0_movable,unsolvable,unsolvable,0.0,0.0,0,0,108,22,130
/common/users/dm1487/scratch_namo/real_buildable/pool4b/j_610/rb_00023/env.xml,obstacle_0_movable,med,easy,0.175,0.9,21,87,0,12,120
/common/users/dm1487/scratch_namo/real_buildable/pool4b/j_611/rb_00000/env.xml,obstacle_0_movable,unsolvable,med,0.0,0.2077,0,27,83,20,130
/common/users/dm1487/scratch_namo/real_buildable/pool4b/j_611/rb_00001/env.xml,obstacle_0_movable,unsolvable,unsolvable,0.0,0.0,0,0,120,5,125
/common/users/dm1487/scratch_namo/real_buildable/pool4b/j_611/rb_00006/env.xml,obstacle_0_movable,unsolvable,easy,0.0,0.3481,0,47,68,20,135
/common/users/dm1487/scratch_namo/real_buildable/pool4b/j_611/rb_00009/env.xml,obstacle_0_movable,med,easy,0.1462,0.7846,19,83,1,27,130
/common/users/dm1487/scratch_namo/real_buildable/pool4b/j_611/rb_00012/env.xml,obstacle_0_movable,unsolvable,unsolvable,0.0,0.0,0,0,102,18,120
/common/users/dm1487/scratch_namo/real_buildable/pool4b/j_611/rb_00013/env.xml,obstacle_0_movable,med,easy,0.1333,0.7733,20,96,27,7,150
/common/users/dm1487/scratch_namo/real_buildable/pool4b/j_612/rb_00000/env.xml,obstacle_0_movable,med,easy,0.1083,0.625,13,62,5,40,120
/common/users/dm1487/scratch_namo/real_buildable/pool4b/j_612/rb_00007/env.xml,obstacle_0_movable,med,easy,0.0643,0.55,9,68,30,33,140
/common/users/dm1487/scratch_namo/real_buildable/pool4b/j_612/rb_00008/env.xml,obstacle_0_movable,unsolvable,easy,0.0,0.632,0,79,26,20,125
/common/users/dm1487/scratch_namo/real_buildable/pool4b/j_612/rb_00009/env.xml,obstacle_0_movable,unsolvable,unsolvable,0.0,0.0,0,0,111,9,120
/common/users/dm1487/scratch_namo/real_buildable/pool4b/j_613/rb_00003/env.xml,obstacle_0_movable,hard,easy,0.0267,0.4067,4,57,79,10,150
/common/users/dm1487/scratch_namo/real_buildable/pool4b/j_613/rb_00005/env.xml,obstacle_0_movable,unsolvable,med,0.0,0.1545,0,17,85,8,110
/common/users/dm1487/scratch_namo/real_buildable/pool4b/j_613/rb_00007/env.xml,obstacle_0_movable,unsolvable,easy,0.0,0.8,0,112,13,15,140
/common/users/dm1487/scratch_namo/real_buildable/pool4b/j_613/rb_00013/env.xml,obstacle_0_movable,unsolvable,hard,0.0,0.0276,0,4,126,15,145
/common/users/dm1487/scratch_namo/real_buildable/pool4b/j_613/rb_00016/env.xml,obstacle_0_movable,unsolvable,unsolvable,0.0,0.0,0,0,88,37,125
/common/users/dm1487/scratch_namo/real_buildable/pool4b/j_613/rb_00019/env.xml,obstacle_0_movable,unsolvable,easy,0.0,0.7667,0,92,12,16,120
/common/users/dm1487/scratch_namo/real_buildable/pool4b/j_614/rb_00001/env.xml,obstacle_0_movable,unsolvable,unsolvable,0.0,0.0,0,0,110,5,115
/common/users/dm1487/scratch_namo/real_buildable/pool4b/j_614/rb_00002/env.xml,obstacle_0_movable,unsolvable,med,0.0,0.0583,0,7,100,13,120
/common/users/dm1487/scratch_namo/real_buildable/pool4b/j_614/rb_00006/env.xml,obstacle_0_movable,unsolvable,easy,0.0,0.7478,0,86,23,6,115
/common/users/dm1487/scratch_namo/real_buildable/pool4b/j_614/rb_00009/env.xml,obstacle_0_movable,med,easy,0.0667,0.675,8,73,10,29,120
/common/users/dm1487/scratch_namo/real_buildable/pool4b/j_614/rb_00010/env.xml,obstacle_0_movable,unsolvable,unsolvable,0.0,0.0,0,0,125,5,130
/common/users/dm1487/scratch_namo/real_buildable/pool4b/j_614/rb_00013/env.xml,obstacle_0_movable,easy,easy,0.3417,0.8667,41,63,0,16,120
/common/users/dm1487/scratch_namo/real_buildable/pool4b/j_614/rb_00015/env.xml,obstacle_0_movable,med,easy,0.144,0.728,18,73,5,29,125
/common/users/dm1487/scratch_namo/real_buildable/pool4b/j_614/rb_00017/env.xml,obstacle_0_movable,unsolvable,unsolvable,0.0,0.0,0,0,112,8,120
/common/users/dm1487/scratch_namo/real_buildable/pool4b/j_614/rb_00021/env.xml,obstacle_0_movable,hard,easy,0.04,0.512,5,59,27,34,125
/common/users/dm1487/scratch_namo/real_buildable/pool4b/j_615/rb_00003/env.xml,obstacle_0_movable,unsolvable,unsolvable,0.0,0.0,0,0,124,1,125
/common/users/dm1487/scratch_namo/real_buildable/pool4b/j_615/rb_00006/env.xml,obstacle_0_movable,unsolvable,unsolvable,0.0,0.0,0,0,108,12,120
/common/users/dm1487/scratch_namo/real_buildable/pool4b/j_615/rb_00008/env.xml,obstacle_0_movable,unsolvable,easy,0.0,0.6333,0,76,16,28,120
/common/users/dm1487/scratch_namo/real_buildable/pool4b/j_615/rb_00020/env.xml,obstacle_0_movable,unsolvable,med,0.0,0.2667,0,32,73,15,120
/common/users/dm1487/scratch_namo/real_buildable/pool4b/j_616/rb_00000/env.xml,obstacle_0_movable,med,easy,0.1556,0.9037,21,101,3,10,135
/common/users/dm1487/scratch_namo/real_buildable/pool4b/j_616/rb_00001/env.xml,obstacle_0_movable,unsolvable,med,0.0,0.2759,0,40,85,20,145
/common/users/dm1487/scratch_namo/real_buildable/pool4b/j_616/rb_00006/env.xml,obstacle_0_movable,unsolvable,med,0.0,0.1667,0,20,81,19,120
/common/users/dm1487/scratch_namo/real_buildable/pool4b/j_616/rb_00007/env.xml,obstacle_0_movable,unsolvable,unsolvable,0.0,0.0,0,0,108,17,125
/common/users/dm1487/scratch_namo/real_buildable/pool4b/j_616/rb_00012/env.xml,obstacle_0_movable,unsolvable,hard,0.0,0.025,0,3,82,35,120
/common/users/dm1487/scratch_namo/real_buildable/pool4b/j_617/rb_00006/env.xml,obstacle_0_movable,med,easy,0.1154,0.7846,15,87,17,11,130
/common/users/dm1487/scratch_namo/real_buildable/pool4b/j_617/rb_00009/env.xml,obstacle_0_movable,unsolvable,med,0.0,0.248,0,31,84,10,125
/common/users/dm1487/scratch_namo/real_buildable/pool4b/j_617/rb_00010/env.xml,obstacle_0_movable,med,easy,0.0857,0.6929,12,85,21,22,140
/common/users/dm1487/scratch_namo/real_buildable/pool4b/j_618/rb_00002/env.xml,obstacle_0_movable,unsolvable,med,0.0,0.0966,0,14,116,15,145
/common/users/dm1487/scratch_namo/real_buildable/pool4b/j_618/rb_00003/env.xml,obstacle_0_movable,unsolvable,unsolvable,0.0,0.0,0,0,99,21,120
/common/users/dm1487/scratch_namo/real_buildable/pool4b/j_618/rb_00005/env.xml,obstacle_0_movable,unsolvable,unsolvable,0.0,0.0,0,0,102,38,140
/common/users/dm1487/scratch_namo/real_buildable/pool4b/j_618/rb_00006/env.xml,obstacle_0_movable,med,easy,0.0769,0.7385,10,86,0,34,130
/common/users/dm1487/scratch_namo/real_buildable/pool4b/j_618/rb_00011/env.xml,obstacle_0_movable,unsolvable,med,0.0,0.0571,0,8,100,32,140
/common/users/dm1487/scratch_namo/real_buildable/pool4b/j_618/rb_00013/env.xml,obstacle_0_movable,unsolvable,med,0.0,0.2692,0,35,61,34,130
/common/users/dm1487/scratch_namo/real_buildable/pool4b/j_618/rb_00014/env.xml,obstacle_0_movable,unsolvable,unsolvable,0.0,0.0,0,0,92,33,125
/common/users/dm1487/scratch_namo/real_buildable/pool4b/j_618/rb_00019/env.xml,obstacle_0_movable,unsolvable,hard,0.0,0.0435,0,5,84,26,115
/common/users/dm1487/scratch_namo/real_buildable/pool4b/j_618/rb_00022/env.xml,obstacle_0_movable,unsolvable,unsolvable,0.0,0.0,0,0,92,28,120
/common/users/dm1487/scratch_namo/real_buildable/pool4b/j_619/rb_00000/env.xml,obstacle_0_movable,med,easy,0.1429,0.7786,20,89,9,22,140
/common/users/dm1487/scratch_namo/real_buildable/pool4b/j_619/rb_00004/env.xml,obstacle_0_movable,unsolvable,med,0.0,0.104,0,13,101,11,125
/common/users/dm1487/scratch_namo/real_buildable/pool4b/j_619/rb_00005/env.xml,obstacle_0_movable,unsolvable,unsolvable,0.0,0.0,0,0,131,9,140
/common/users/dm1487/scratch_namo/real_buildable/pool4b/j_619/rb_00007/env.xml,obstacle_0_movable,unsolvable,unsolvable,0.0,0.0,0,0,102,28,130
/common/users/dm1487/scratch_namo/real_buildable/pool4b/j_619/rb_00008/env.xml,obstacle_0_movable,unsolvable,unsolvable,0.0,0.0,0,0,113,22,135
/common/users/dm1487/scratch_namo/real_buildable/pool4b/j_619/rb_00009/env.xml,obstacle_0_movable,unsolvable,unsolvable,0.0,0.0,0,0,87,43,130
/common/users/dm1487/scratch_namo/real_buildable/pool4b/j_619/rb_00010/env.xml,obstacle_0_movable,hard,easy,0.0143,0.5857,2,80,20,38,140
/common/users/dm1487/scratch_namo/real_buildable/pool4b/j_619/rb_00013/env.xml,obstacle_0_movable,unsolvable,med,0.0,0.1462,0,19,101,10,130
/common/users/dm1487/scratch_namo/real_buildable/pool4b/j_619/rb_00015/env.xml,obstacle_0_movable,unsolvable,med,0.0,0.1571,0,22,95,23,140
/common/users/dm1487/scratch_namo/real_buildable/pool4b/j_619/rb_00019/env.xml,obstacle_0_movable,unsolvable,med,0.0,0.0621,0,9,118,18,145
/common/users/dm1487/scratch_namo/real_buildable/pool4b/j_619/rb_00020/env.xml,obstacle_0_movable,unsolvable,med,0.0,0.1259,0,17,93,25,135
/common/users/dm1487/scratch_namo/real_buildable/pool4b/j_620/rb_00010/env.xml,obstacle_0_movable,unsolvable,easy,0.0,0.4833,0,58,50,12,120
/common/users/dm1487/scratch_namo/real_buildable/pool4b/j_620/rb_00014/env.xml,obstacle_0_movable,med,easy,0.1833,0.825,22,77,0,21,120
/common/users/dm1487/scratch_namo/real_buildable/pool4b/j_620/rb_00016/env.xml,obstacle_0_movable,unsolvable,med,0.0,0.125,0,15,105,0,120
/common/users/dm1487/scratch_namo/real_buildable/pool4b/j_620/rb_00017/env.xml,obstacle_0_movable,unsolvable,easy,0.0,0.3111,0,42,92,1,135
