build_id,tier,axis,item,marker_hint,centre_x_cm,centre_y_cm,long_axis_bearing_deg,long_cm,short_cm,height_cm,n_bricks,robot_start_x_cm,robot_start_y_cm,robot_start_bearing_deg,goal_x_cm,goal_y_cm,solve_rate,tried,valid_1push,valid_first_push,n_contacts_reachable,n_contacts_cutoff,n_contacts_collision,angle_convention,tag_convention
easy_000,easy,1push,brick,wall_10,10.1,40.6,8.8,19.5,5.5,10.0,1,33.9,16.3,0.0,30.5,60.4,0.4706,85,40,0,18,15,27,"long_axis_bearing_deg = bearing of the item's LONG side in world, counter-clockwise from +X, in [0,180). Place by this, not by yaw. yaw_deg is the MuJoCo local-frame rotation and its meaning differs between bricks (long side on local X) and blocks (long side on local Y).","every bar uses the wall_10/wall_11 ArUco mounting; wall_9 is excluded (tag rotated 90 deg, 19.0 cm not 19.5)"
easy_000,easy,1push,block,obj_1,33.4,39.8,172.7,15.0,7.0,4.0,1,33.9,16.3,0.0,30.5,60.4,0.4706,85,40,0,18,15,27,"long_axis_bearing_deg = bearing of the item's LONG side in world, counter-clockwise from +X, in [0,180). Place by this, not by yaw. yaw_deg is the MuJoCo local-frame rotation and its meaning differs between bricks (long side on local X) and blocks (long side on local Y).","every bar uses the wall_10/wall_11 ArUco mounting; wall_9 is excluded (tag rotated 90 deg, 19.0 cm not 19.5)"
easy_001,easy,1push,brick,wall_10,38.9,38.6,10.9,19.5,5.5,10.0,1,13.8,16.9,0.0,9.7,53.0,0.7547,106,80,0,25,24,11,"long_axis_bearing_deg = bearing of the item's LONG side in world, counter-clockwise from +X, in [0,180). Place by this, not by yaw. yaw_deg is the MuJoCo local-frame rotation and its meaning differs between bricks (long side on local X) and blocks (long side on local Y).","every bar uses the wall_10/wall_11 ArUco mounting; wall_9 is excluded (tag rotated 90 deg, 19.0 cm not 19.5)"
easy_001,easy,1push,block,obj_4,14.4,40.2,17.5,12.0,7.5,5.0,1,13.8,16.9,0.0,9.7,53.0,0.7547,106,80,0,25,24,11,"long_axis_bearing_deg = bearing of the item's LONG side in world, counter-clockwise from +X, in [0,180). Place by this, not by yaw. yaw_deg is the MuJoCo local-frame rotation and its meaning differs between bricks (long side on local X) and blocks (long side on local Y).","every bar uses the wall_10/wall_11 ArUco mounting; wall_9 is excluded (tag rotated 90 deg, 19.0 cm not 19.5)"
easy_002,easy,1push,brick,wall_10,10.0,43.5,8.2,19.5,5.5,10.0,2,35.5,9.0,0.0,18.5,68.7,0.3,60,18,30,16,16,28,"long_axis_bearing_deg = bearing of the item's LONG side in world, counter-clockwise from +X, in [0,180). Place by this, not by yaw. yaw_deg is the MuJoCo local-frame rotation and its meaning differs between bricks (long side on local X) and blocks (long side on local Y).","every bar uses the wall_10/wall_11 ArUco mounting; wall_9 is excluded (tag rotated 90 deg, 19.0 cm not 19.5)"
easy_002,easy,1push,brick,wall_11,35.6,55.1,107.9,19.5,5.5,10.0,2,35.5,9.0,0.0,18.5,68.7,0.3,60,18,30,16,16,28,"long_axis_bearing_deg = bearing of the item's LONG side in world, counter-clockwise from +X, in [0,180). Place by this, not by yaw. yaw_deg is the MuJoCo local-frame rotation and its meaning differs between bricks (long side on local X) and blocks (long side on local Y).","every bar uses the wall_10/wall_11 ArUco mounting; wall_9 is excluded (tag rotated 90 deg, 19.0 cm not 19.5)"
easy_002,easy,1push,block,obj_1,25.1,47.8,91.3,15.0,7.0,4.0,2,35.5,9.0,0.0,18.5,68.7,0.3,60,18,30,16,16,28,"long_axis_bearing_deg = bearing of the item's LONG side in world, counter-clockwise from +X, in [0,180). Place by this, not by yaw. yaw_deg is the MuJoCo local-frame rotation and its meaning differs between bricks (long side on local X) and blocks (long side on local Y).","every bar uses the wall_10/wall_11 ArUco mounting; wall_9 is excluded (tag rotated 90 deg, 19.0 cm not 19.5)"
easy_003,easy,1push,brick,wall_10,38.9,46.9,11.7,19.5,5.5,10.0,2,35.0,27.3,0.0,23.4,64.2,0.3,10,3,3,4,25,31,"long_axis_bearing_deg = bearing of the item's LONG side in world, counter-clockwise from +X, in [0,180). Place by this, not by yaw. yaw_deg is the MuJoCo local-frame rotation and its meaning differs between bricks (long side on local X) and blocks (long side on local Y).","every bar uses the wall_10/wall_11 ArUco mounting; wall_9 is excluded (tag rotated 90 deg, 19.0 cm not 19.5)"
easy_003,easy,1push,brick,wall_11,12.9,53.2,102.3,19.5,5.5,10.0,2,35.0,27.3,0.0,23.4,64.2,0.3,10,3,3,4,25,31,"long_axis_bearing_deg = bearing of the item's LONG side in world, counter-clockwise from +X, in [0,180). Place by this, not by yaw. yaw_deg is the MuJoCo local-frame rotation and its meaning differs between bricks (long side on local X) and blocks (long side on local Y).","every bar uses the wall_10/wall_11 ArUco mounting; wall_9 is excluded (tag rotated 90 deg, 19.0 cm not 19.5)"
easy_003,easy,1push,block,obj_4,25.0,51.7,23.9,12.0,7.5,5.0,2,35.0,27.3,0.0,23.4,64.2,0.3,10,3,3,4,25,31,"long_axis_bearing_deg = bearing of the item's LONG side in world, counter-clockwise from +X, in [0,180). Place by this, not by yaw. yaw_deg is the MuJoCo local-frame rotation and its meaning differs between bricks (long side on local X) and blocks (long side on local Y).","every bar uses the wall_10/wall_11 ArUco mounting; wall_9 is excluded (tag rotated 90 deg, 19.0 cm not 19.5)"
easy_004,easy,1push,brick,wall_10,10.0,30.1,174.3,19.5,5.5,10.0,3,12.8,17.8,0.0,29.9,66.4,0.3,40,12,21,13,18,29,"long_axis_bearing_deg = bearing of the item's LONG side in world, counter-clockwise from +X, in [0,180). Place by this, not by yaw. yaw_deg is the MuJoCo local-frame rotation and its meaning differs between bricks (long side on local X) and blocks (long side on local Y).","every bar uses the wall_10/wall_11 ArUco mounting; wall_9 is excluded (tag rotated 90 deg, 19.0 cm not 19.5)"
easy_004,easy,1push,brick,wall_11,35.5,40.7,90.5,19.5,5.5,10.0,3,12.8,17.8,0.0,29.9,66.4,0.3,40,12,21,13,18,29,"long_axis_bearing_deg = bearing of the item's LONG side in world, counter-clockwise from +X, in [0,180). Place by this, not by yaw. yaw_deg is the MuJoCo local-frame rotation and its meaning differs between bricks (long side on local X) and blocks (long side on local Y).","every bar uses the wall_10/wall_11 ArUco mounting; wall_9 is excluded (tag rotated 90 deg, 19.0 cm not 19.5)"
easy_004,easy,1push,brick,wall_12,35.5,18.5,75.0,19.5,5.5,10.0,3,12.8,17.8,0.0,29.9,66.4,0.3,40,12,21,13,18,29,"long_axis_bearing_deg = bearing of the item's LONG side in world, counter-clockwise from +X, in [0,180). Place by this, not by yaw. yaw_deg is the MuJoCo local-frame rotation and its meaning differs between bricks (long side on local X) and blocks (long side on local Y).","every bar uses the wall_10/wall_11 ArUco mounting; wall_9 is excluded (tag rotated 90 deg, 19.0 cm not 19.5)"
easy_004,easy,1push,block,obj_1,24.5,32.7,99.7,15.0,7.0,4.0,3,12.8,17.8,0.0,29.9,66.4,0.3,40,12,21,13,18,29,"long_axis_bearing_deg = bearing of the item's LONG side in world, counter-clockwise from +X, in [0,180). Place by this, not by yaw. yaw_deg is the MuJoCo local-frame rotation and its meaning differs between bricks (long side on local X) and blocks (long side on local Y).","every bar uses the wall_10/wall_11 ArUco mounting; wall_9 is excluded (tag rotated 90 deg, 19.0 cm not 19.5)"
easy_005,easy,1push,brick,wall_10,9.9,39.2,4.3,19.5,5.5,10.0,3,12.3,15.1,0.0,9.1,56.6,0.3182,44,14,22,15,17,28,"long_axis_bearing_deg = bearing of the item's LONG side in world, counter-clockwise from +X, in [0,180). Place by this, not by yaw. yaw_deg is the MuJoCo local-frame rotation and its meaning differs between bricks (long side on local X) and blocks (long side on local Y).","every bar uses the wall_10/wall_11 ArUco mounting; wall_9 is excluded (tag rotated 90 deg, 19.0 cm not 19.5)"
easy_005,easy,1push,brick,wall_11,34.9,51.5,107.0,19.5,5.5,10.0,3,12.3,15.1,0.0,9.1,56.6,0.3182,44,14,22,15,17,28,"long_axis_bearing_deg = bearing of the item's LONG side in world, counter-clockwise from +X, in [0,180). Place by this, not by yaw. yaw_deg is the MuJoCo local-frame rotation and its meaning differs between bricks (long side on local X) and blocks (long side on local Y).","every bar uses the wall_10/wall_11 ArUco mounting; wall_9 is excluded (tag rotated 90 deg, 19.0 cm not 19.5)"
easy_005,easy,1push,brick,wall_12,34.9,30.8,77.2,19.5,5.5,10.0,3,12.3,15.1,0.0,9.1,56.6,0.3182,44,14,22,15,17,28,"long_axis_bearing_deg = bearing of the item's LONG side in world, counter-clockwise from +X, in [0,180). Place by this, not by yaw. yaw_deg is the MuJoCo local-frame rotation and its meaning differs between bricks (long side on local X) and blocks (long side on local Y).","every bar uses the wall_10/wall_11 ArUco mounting; wall_9 is excluded (tag rotated 90 deg, 19.0 cm not 19.5)"
easy_005,easy,1push,block,obj_4,23.8,42.3,93.3,12.0,7.5,5.0,3,12.3,15.1,0.0,9.1,56.6,0.3182,44,14,22,15,17,28,"long_axis_bearing_deg = bearing of the item's LONG side in world, counter-clockwise from +X, in [0,180). Place by this, not by yaw. yaw_deg is the MuJoCo local-frame rotation and its meaning differs between bricks (long side on local X) and blocks (long side on local Y).","every bar uses the wall_10/wall_11 ArUco mounting; wall_9 is excluded (tag rotated 90 deg, 19.0 cm not 19.5)"
easy_006,easy,1push,brick,wall_10,39.0,40.2,172.3,19.5,5.5,10.0,1,36.8,26.5,0.0,6.4,66.4,0.5,110,55,0,22,15,23,"long_axis_bearing_deg = bearing of the item's LONG side in world, counter-clockwise from +X, in [0,180). Place by this, not by yaw. yaw_deg is the MuJoCo local-frame rotation and its meaning differs between bricks (long side on local X) and blocks (long side on local Y).","every bar uses the wall_10/wall_11 ArUco mounting; wall_9 is excluded (tag rotated 90 deg, 19.0 cm not 19.5)"
easy_006,easy,1push,block,obj_1,14.9,35.4,179.1,15.0,7.0,4.0,1,36.8,26.5,0.0,6.4,66.4,0.5,110,55,0,22,15,23,"long_axis_bearing_deg = bearing of the item's LONG side in world, counter-clockwise from +X, in [0,180). Place by this, not by yaw. yaw_deg is the MuJoCo local-frame rotation and its meaning differs between bricks (long side on local X) and blocks (long side on local Y).","every bar uses the wall_10/wall_11 ArUco mounting; wall_9 is excluded (tag rotated 90 deg, 19.0 cm not 19.5)"
easy_007,easy,1push,brick,wall_10,10.0,43.8,172.4,19.5,5.5,10.0,1,42.4,16.4,0.0,22.5,58.7,0.7863,117,92,0,26,27,7,"long_axis_bearing_deg = bearing of the item's LONG side in world, counter-clockwise from +X, in [0,180). Place by this, not by yaw. yaw_deg is the MuJoCo local-frame rotation and its meaning differs between bricks (long side on local X) and blocks (long side on local Y).","every bar uses the wall_10/wall_11 ArUco mounting; wall_9 is excluded (tag rotated 90 deg, 19.0 cm not 19.5)"
easy_007,easy,1push,block,obj_4,34.7,44.0,155.6,12.0,7.5,5.0,1,42.4,16.4,0.0,22.5,58.7,0.7863,117,92,0,26,27,7,"long_axis_bearing_deg = bearing of the item's LONG side in world, counter-clockwise from +X, in [0,180). Place by this, not by yaw. yaw_deg is the MuJoCo local-frame rotation and its meaning differs between bricks (long side on local X) and blocks (long side on local Y).","every bar uses the wall_10/wall_11 ArUco mounting; wall_9 is excluded (tag rotated 90 deg, 19.0 cm not 19.5)"
easy_008,easy,1push,brick,wall_10,38.9,41.5,170.4,19.5,5.5,10.0,2,40.3,17.8,0.0,15.2,71.3,0.3,60,18,32,15,17,28,"long_axis_bearing_deg = bearing of the item's LONG side in world, counter-clockwise from +X, in [0,180). Place by this, not by yaw. yaw_deg is the MuJoCo local-frame rotation and its meaning differs between bricks (long side on local X) and blocks (long side on local Y).","every bar uses the wall_10/wall_11 ArUco mounting; wall_9 is excluded (tag rotated 90 deg, 19.0 cm not 19.5)"
easy_008,easy,1push,brick,wall_11,14.1,49.1,70.1,19.5,5.5,10.0,2,40.3,17.8,0.0,15.2,71.3,0.3,60,18,32,15,17,28,"long_axis_bearing_deg = bearing of the item's LONG side in world, counter-clockwise from +X, in [0,180). Place by this, not by yaw. yaw_deg is the MuJoCo local-frame rotation and its meaning differs between bricks (long side on local X) and blocks (long side on local Y).","every bar uses the wall_10/wall_11 ArUco mounting; wall_9 is excluded (tag rotated 90 deg, 19.0 cm not 19.5)"
easy_008,easy,1push,block,obj_1,24.3,46.4,67.4,15.0,7.0,4.0,2,40.3,17.8,0.0,15.2,71.3,0.3,60,18,32,15,17,28,"long_axis_bearing_deg = bearing of the item's LONG side in world, counter-clockwise from +X, in [0,180). Place by this, not by yaw. yaw_deg is the MuJoCo local-frame rotation and its meaning differs between bricks (long side on local X) and blocks (long side on local Y).","every bar uses the wall_10/wall_11 ArUco mounting; wall_9 is excluded (tag rotated 90 deg, 19.0 cm not 19.5)"
easy_009,easy,1push,brick,wall_10,39.0,44.1,6.8,19.5,5.5,10.0,2,24.7,21.7,0.0,29.2,61.6,0.3,40,12,19,11,15,34,"long_axis_bearing_deg = bearing of the item's LONG side in world, counter-clockwise from +X, in [0,180). Place by this, not by yaw. yaw_deg is the MuJoCo local-frame rotation and its meaning differs between bricks (long side on local X) and blocks (long side on local Y).","every bar uses the wall_10/wall_11 ArUco mounting; wall_9 is excluded (tag rotated 90 deg, 19.0 cm not 19.5)"
easy_009,easy,1push,brick,wall_11,13.8,52.6,74.5,19.5,5.5,10.0,2,24.7,21.7,0.0,29.2,61.6,0.3,40,12,19,11,15,34,"long_axis_bearing_deg = bearing of the item's LONG side in world, counter-clockwise from +X, in [0,180). Place by this, not by yaw. yaw_deg is the MuJoCo local-frame rotation and its meaning differs between bricks (long side on local X) and blocks (long side on local Y).","every bar uses the wall_10/wall_11 ArUco mounting; wall_9 is excluded (tag rotated 90 deg, 19.0 cm not 19.5)"
easy_009,easy,1push,block,obj_4,23.0,46.3,62.0,12.0,7.5,5.0,2,24.7,21.7,0.0,29.2,61.6,0.3,40,12,19,11,15,34,"long_axis_bearing_deg = bearing of the item's LONG side in world, counter-clockwise from +X, in [0,180). Place by this, not by yaw. yaw_deg is the MuJoCo local-frame rotation and its meaning differs between bricks (long side on local X) and blocks (long side on local Y).","every bar uses the wall_10/wall_11 ArUco mounting; wall_9 is excluded (tag rotated 90 deg, 19.0 cm not 19.5)"
easy_010,easy,1push,brick,wall_10,10.0,40.4,6.6,19.5,5.5,10.0,3,14.8,25.8,0.0,18.2,57.6,0.3,30,9,13,6,11,43,"long_axis_bearing_deg = bearing of the item's LONG side in world, counter-clockwise from +X, in [0,180). Place by this, not by yaw. yaw_deg is the MuJoCo local-frame rotation and its meaning differs between bricks (long side on local X) and blocks (long side on local Y).","every bar uses the wall_10/wall_11 ArUco mounting; wall_9 is excluded (tag rotated 90 deg, 19.0 cm not 19.5)"
easy_010,easy,1push,brick,wall_11,35.1,53.0,97.1,19.5,5.5,10.0,3,14.8,25.8,0.0,18.2,57.6,0.3,30,9,13,6,11,43,"long_axis_bearing_deg = bearing of the item's LONG side in world, counter-clockwise from +X, in [0,180). Place by this, not by yaw. yaw_deg is the MuJoCo local-frame rotation and its meaning differs between bricks (long side on local X) and blocks (long side on local Y).","every bar uses the wall_10/wall_11 ArUco mounting; wall_9 is excluded (tag rotated 90 deg, 19.0 cm not 19.5)"
easy_010,easy,1push,brick,wall_12,35.1,31.9,75.2,19.5,5.5,10.0,3,14.8,25.8,0.0,18.2,57.6,0.3,30,9,13,6,11,43,"long_axis_bearing_deg = bearing of the item's LONG side in world, counter-clockwise from +X, in [0,180). Place by this, not by yaw. yaw_deg is the MuJoCo local-frame rotation and its meaning differs between bricks (long side on local X) and blocks (long side on local Y).","every bar uses the wall_10/wall_11 ArUco mounting; wall_9 is excluded (tag rotated 90 deg, 19.0 cm not 19.5)"
easy_010,easy,1push,block,obj_1,28.0,43.2,94.0,15.0,7.0,4.0,3,14.8,25.8,0.0,18.2,57.6,0.3,30,9,13,6,11,43,"long_axis_bearing_deg = bearing of the item's LONG side in world, counter-clockwise from +X, in [0,180). Place by this, not by yaw. yaw_deg is the MuJoCo local-frame rotation and its meaning differs between bricks (long side on local X) and blocks (long side on local Y).","every bar uses the wall_10/wall_11 ArUco mounting; wall_9 is excluded (tag rotated 90 deg, 19.0 cm not 19.5)"
easy_011,easy,1push,brick,wall_10,9.9,41.9,176.9,19.5,5.5,10.0,3,6.4,29.0,0.0,11.6,69.4,0.32,50,16,27,11,12,37,"long_axis_bearing_deg = bearing of the item's LONG side in world, counter-clockwise from +X, in [0,180). Place by this, not by yaw. yaw_deg is the MuJoCo local-frame rotation and its meaning differs between bricks (long side on local X) and blocks (long side on local Y).","every bar uses the wall_10/wall_11 ArUco mounting; wall_9 is excluded (tag rotated 90 deg, 19.0 cm not 19.5)"
easy_011,easy,1push,brick,wall_11,35.3,53.9,104.9,19.5,5.5,10.0,3,6.4,29.0,0.0,11.6,69.4,0.32,50,16,27,11,12,37,"long_axis_bearing_deg = bearing of the item's LONG side in world, counter-clockwise from +X, in [0,180). Place by this, not by yaw. yaw_deg is the MuJoCo local-frame rotation and its meaning differs between bricks (long side on local X) and blocks (long side on local Y).","every bar uses the wall_10/wall_11 ArUco mounting; wall_9 is excluded (tag rotated 90 deg, 19.0 cm not 19.5)"
easy_011,easy,1push,brick,wall_12,35.3,32.4,83.2,19.5,5.5,10.0,3,6.4,29.0,0.0,11.6,69.4,0.32,50,16,27,11,12,37,"long_axis_bearing_deg = bearing of the item's LONG side in world, counter-clockwise from +X, in [0,180). Place by this, not by yaw. yaw_deg is the MuJoCo local-frame rotation and its meaning differs between bricks (long side on local X) and blocks (long side on local Y).","every bar uses the wall_10/wall_11 ArUco mounting; wall_9 is excluded (tag rotated 90 deg, 19.0 cm not 19.5)"
easy_011,easy,1push,block,obj_4,27.0,43.0,88.5,12.0,7.5,5.0,3,6.4,29.0,0.0,11.6,69.4,0.32,50,16,27,11,12,37,"long_axis_bearing_deg = bearing of the item's LONG side in world, counter-clockwise from +X, in [0,180). Place by this, not by yaw. yaw_deg is the MuJoCo local-frame rotation and its meaning differs between bricks (long side on local X) and blocks (long side on local Y).","every bar uses the wall_10/wall_11 ArUco mounting; wall_9 is excluded (tag rotated 90 deg, 19.0 cm not 19.5)"
easy_012,easy,1push,brick,wall_10,39.0,39.6,5.9,19.5,5.5,10.0,1,22.1,24.3,0.0,39.1,68.4,0.5067,75,38,29,15,15,30,"long_axis_bearing_deg = bearing of the item's LONG side in world, counter-clockwise from +X, in [0,180). Place by this, not by yaw. yaw_deg is the MuJoCo local-frame rotation and its meaning differs between bricks (long side on local X) and blocks (long side on local Y).","every bar uses the wall_10/wall_11 ArUco mounting; wall_9 is excluded (tag rotated 90 deg, 19.0 cm not 19.5)"
easy_012,easy,1push,block,obj_1,15.4,39.8,178.2,15.0,7.0,4.0,1,22.1,24.3,0.0,39.1,68.4,0.5067,75,38,29,15,15,30,"long_axis_bearing_deg = bearing of the item's LONG side in world, counter-clockwise from +X, in [0,180). Place by this, not by yaw. yaw_deg is the MuJoCo local-frame rotation and its meaning differs between bricks (long side on local X) and blocks (long side on local Y).","every bar uses the wall_10/wall_11 ArUco mounting; wall_9 is excluded (tag rotated 90 deg, 19.0 cm not 19.5)"
easy_013,easy,1push,brick,wall_10,10.0,38.7,174.4,19.5,5.5,10.0,1,32.9,23.1,0.0,7.5,53.4,0.7867,150,118,0,30,18,12,"long_axis_bearing_deg = bearing of the item's LONG side in world, counter-clockwise from +X, in [0,180). Place by this, not by yaw. yaw_deg is the MuJoCo local-frame rotation and its meaning differs between bricks (long side on local X) and blocks (long side on local Y).","every bar uses the wall_10/wall_11 ArUco mounting; wall_9 is excluded (tag rotated 90 deg, 19.0 cm not 19.5)"
easy_013,easy,1push,block,obj_4,33.1,34.5,161.3,12.0,7.5,5.0,1,32.9,23.1,0.0,7.5,53.4,0.7867,150,118,0,30,18,12,"long_axis_bearing_deg = bearing of the item's LONG side in world, counter-clockwise from +X, in [0,180). Place by this, not by yaw. yaw_deg is the MuJoCo local-frame rotation and its meaning differs between bricks (long side on local X) and blocks (long side on local Y).","every bar uses the wall_10/wall_11 ArUco mounting; wall_9 is excluded (tag rotated 90 deg, 19.0 cm not 19.5)"
easy_014,easy,1push,brick,wall_10,38.9,32.7,171.3,19.5,5.5,10.0,2,18.4,16.8,0.0,35.8,68.5,0.3,60,18,33,15,14,31,"long_axis_bearing_deg = bearing of the item's LONG side in world, counter-clockwise from +X, in [0,180). Place by this, not by yaw. yaw_deg is the MuJoCo local-frame rotation and its meaning differs between bricks (long side on local X) and blocks (long side on local Y).","every bar uses the wall_10/wall_11 ArUco mounting; wall_9 is excluded (tag rotated 90 deg, 19.0 cm not 19.5)"
easy_014,easy,1push,brick,wall_11,13.2,41.4,71.3,19.5,5.5,10.0,2,18.4,16.8,0.0,35.8,68.5,0.3,60,18,33,15,14,31,"long_axis_bearing_deg = bearing of the item's LONG side in world, counter-clockwise from +X, in [0,180). Place by this, not by yaw. yaw_deg is the MuJoCo local-frame rotation and its meaning differs between bricks (long side on local X) and blocks (long side on local Y).","every bar uses the wall_10/wall_11 ArUco mounting; wall_9 is excluded (tag rotated 90 deg, 19.0 cm not 19.5)"
easy_014,easy,1push,block,obj_1,23.7,36.8,85.8,15.0,7.0,4.0,2,18.4,16.8,0.0,35.8,68.5,0.3,60,18,33,15,14,31,"long_axis_bearing_deg = bearing of the item's LONG side in world, counter-clockwise from +X, in [0,180). Place by this, not by yaw. yaw_deg is the MuJoCo local-frame rotation and its meaning differs between bricks (long side on local X) and blocks (long side on local Y).","every bar uses the wall_10/wall_11 ArUco mounting; wall_9 is excluded (tag rotated 90 deg, 19.0 cm not 19.5)"
easy_015,easy,1push,brick,wall_10,10.0,32.7,171.5,19.5,5.5,10.0,2,12.7,16.6,0.0,42.3,58.1,0.3,50,15,24,15,13,32,"long_axis_bearing_deg = bearing of the item's LONG side in world, counter-clockwise from +X, in [0,180). Place by this, not by yaw. yaw_deg is the MuJoCo local-frame rotation and its meaning differs between bricks (long side on local X) and blocks (long side on local Y).","every bar uses the wall_10/wall_11 ArUco mounting; wall_9 is excluded (tag rotated 90 deg, 19.0 cm not 19.5)"
easy_015,easy,1push,brick,wall_11,34.3,45.1,109.6,19.5,5.5,10.0,2,12.7,16.6,0.0,42.3,58.1,0.3,50,15,24,15,13,32,"long_axis_bearing_deg = bearing of the item's LONG side in world, counter-clockwise from +X, in [0,180). Place by this, not by yaw. yaw_deg is the MuJoCo local-frame rotation and its meaning differs between bricks (long side on local X) and blocks (long side on local Y).","every bar uses the wall_10/wall_11 ArUco mounting; wall_9 is excluded (tag rotated 90 deg, 19.0 cm not 19.5)"
easy_015,easy,1push,block,obj_4,27.1,34.8,26.6,12.0,7.5,5.0,2,12.7,16.6,0.0,42.3,58.1,0.3,50,15,24,15,13,32,"long_axis_bearing_deg = bearing of the item's LONG side in world, counter-clockwise from +X, in [0,180). Place by this, not by yaw. yaw_deg is the MuJoCo local-frame rotation and its meaning differs between bricks (long side on local X) and blocks (long side on local Y).","every bar uses the wall_10/wall_11 ArUco mounting; wall_9 is excluded (tag rotated 90 deg, 19.0 cm not 19.5)"
easy_016,easy,1push,brick,wall_10,10.1,39.5,170.3,19.5,5.5,10.0,3,29.5,8.2,0.0,13.0,55.5,0.3,50,15,3,10,11,39,"long_axis_bearing_deg = bearing of the item's LONG side in world, counter-clockwise from +X, in [0,180). Place by this, not by yaw. yaw_deg is the MuJoCo local-frame rotation and its meaning differs between bricks (long side on local X) and blocks (long side on local Y).","every bar uses the wall_10/wall_11 ArUco mounting; wall_9 is excluded (tag rotated 90 deg, 19.0 cm not 19.5)"
easy_016,easy,1push,brick,wall_11,36.1,52.0,98.4,19.5,5.5,10.0,3,29.5,8.2,0.0,13.0,55.5,0.3,50,15,3,10,11,39,"long_axis_bearing_deg = bearing of the item's LONG side in world, counter-clockwise from +X, in [0,180). Place by this, not by yaw. yaw_deg is the MuJoCo local-frame rotation and its meaning differs between bricks (long side on local X) and blocks (long side on local Y).","every bar uses the wall_10/wall_11 ArUco mounting; wall_9 is excluded (tag rotated 90 deg, 19.0 cm not 19.5)"
easy_016,easy,1push,brick,wall_12,36.1,30.4,77.9,19.5,5.5,10.0,3,29.5,8.2,0.0,13.0,55.5,0.3,50,15,3,10,11,39,"long_axis_bearing_deg = bearing of the item's LONG side in world, counter-clockwise from +X, in [0,180). Place by this, not by yaw. yaw_deg is the MuJoCo local-frame rotation and its meaning differs between bricks (long side on local X) and blocks (long side on local Y).","every bar uses the wall_10/wall_11 ArUco mounting; wall_9 is excluded (tag rotated 90 deg, 19.0 cm not 19.5)"
easy_016,easy,1push,block,obj_1,27.7,37.6,87.0,15.0,7.0,4.0,3,29.5,8.2,0.0,13.0,55.5,0.3,50,15,3,10,11,39,"long_axis_bearing_deg = bearing of the item's LONG side in world, counter-clockwise from +X, in [0,180). Place by this, not by yaw. yaw_deg is the MuJoCo local-frame rotation and its meaning differs between bricks (long side on local X) and blocks (long side on local Y).","every bar uses the wall_10/wall_11 ArUco mounting; wall_9 is excluded (tag rotated 90 deg, 19.0 cm not 19.5)"
easy_017,easy,1push,brick,wall_10,38.9,40.1,8.9,19.5,5.5,10.0,3,39.0,17.9,0.0,35.1,61.2,0.3529,34,12,0,11,17,32,"long_axis_bearing_deg = bearing of the item's LONG side in world, counter-clockwise from +X, in [0,180). Place by this, not by yaw. yaw_deg is the MuJoCo local-frame rotation and its meaning differs between bricks (long side on local X) and blocks (long side on local Y).","every bar uses the wall_10/wall_11 ArUco mounting; wall_9 is excluded (tag rotated 90 deg, 19.0 cm not 19.5)"
easy_017,easy,1push,brick,wall_11,13.5,53.0,80.4,19.5,5.5,10.0,3,39.0,17.9,0.0,35.1,61.2,0.3529,34,12,0,11,17,32,"long_axis_bearing_deg = bearing of the item's LONG side in world, counter-clockwise from +X, in [0,180). Place by this, not by yaw. yaw_deg is the MuJoCo local-frame rotation and its meaning differs between bricks (long side on local X) and blocks (long side on local Y).","every bar uses the wall_10/wall_11 ArUco mounting; wall_9 is excluded (tag rotated 90 deg, 19.0 cm not 19.5)"
easy_017,easy,1push,brick,wall_12,13.5,30.0,106.8,19.5,5.5,10.0,3,39.0,17.9,0.0,35.1,61.2,0.3529,34,12,0,11,17,32,"long_axis_bearing_deg = bearing of the item's LONG side in world, counter-clockwise from +X, in [0,180). Place by this, not by yaw. yaw_deg is the MuJoCo local-frame rotation and its meaning differs between bricks (long side on local X) and blocks (long side on local Y).","every bar uses the wall_10/wall_11 ArUco mounting; wall_9 is excluded (tag rotated 90 deg, 19.0 cm not 19.5)"
easy_017,easy,1push,block,obj_4,24.0,43.4,76.7,12.0,7.5,5.0,3,39.0,17.9,0.0,35.1,61.2,0.3529,34,12,0,11,17,32,"long_axis_bearing_deg = bearing of the item's LONG side in world, counter-clockwise from +X, in [0,180). Place by this, not by yaw. yaw_deg is the MuJoCo local-frame rotation and its meaning differs between bricks (long side on local X) and blocks (long side on local Y).","every bar uses the wall_10/wall_11 ArUco mounting; wall_9 is excluded (tag rotated 90 deg, 19.0 cm not 19.5)"
easy_018,easy,1push,brick,wall_10,39.0,42.5,6.5,19.5,5.5,10.0,1,26.7,13.7,0.0,38.3,63.9,0.5243,103,54,0,25,15,20,"long_axis_bearing_deg = bearing of the item's LONG side in world, counter-clockwise from +X, in [0,180). Place by this, not by yaw. yaw_deg is the MuJoCo local-frame rotation and its meaning differs between bricks (long side on local X) and blocks (long side on local Y).","every bar uses the wall_10/wall_11 ArUco mounting; wall_9 is excluded (tag rotated 90 deg, 19.0 cm not 19.5)"
easy_018,easy,1push,block,obj_1,15.8,38.1,16.6,15.0,7.0,4.0,1,26.7,13.7,0.0,38.3,63.9,0.5243,103,54,0,25,15,20,"long_axis_bearing_deg = bearing of the item's LONG side in world, counter-clockwise from +X, in [0,180). Place by this, not by yaw. yaw_deg is the MuJoCo local-frame rotation and its meaning differs between bricks (long side on local X) and blocks (long side on local Y).","every bar uses the wall_10/wall_11 ArUco mounting; wall_9 is excluded (tag rotated 90 deg, 19.0 cm not 19.5)"
easy_019,easy,1push,brick,wall_10,10.1,39.8,171.0,19.5,5.5,10.0,1,13.2,14.7,0.0,11.4,55.7,0.7874,127,100,0,28,28,4,"long_axis_bearing_deg = bearing of the item's LONG side in world, counter-clockwise from +X, in [0,180). Place by this, not by yaw. yaw_deg is the MuJoCo local-frame rotation and its meaning differs between bricks (long side on local X) and blocks (long side on local Y).","every bar uses the wall_10/wall_11 ArUco mounting; wall_9 is excluded (tag rotated 90 deg, 19.0 cm not 19.5)"
easy_019,easy,1push,block,obj_4,34.6,37.6,148.5,12.0,7.5,5.0,1,13.2,14.7,0.0,11.4,55.7,0.7874,127,100,0,28,28,4,"long_axis_bearing_deg = bearing of the item's LONG side in world, counter-clockwise from +X, in [0,180). Place by this, not by yaw. yaw_deg is the MuJoCo local-frame rotation and its meaning differs between bricks (long side on local X) and blocks (long side on local Y).","every bar uses the wall_10/wall_11 ArUco mounting; wall_9 is excluded (tag rotated 90 deg, 19.0 cm not 19.5)"
easy_020,easy,1push,brick,wall_10,39.0,35.3,6.1,19.5,5.5,10.0,2,29.2,9.8,0.0,37.7,53.3,0.3016,63,19,32,15,17,28,"long_axis_bearing_deg = bearing of the item's LONG side in world, counter-clockwise from +X, in [0,180). Place by this, not by yaw. yaw_deg is the MuJoCo local-frame rotation and its meaning differs between bricks (long side on local X) and blocks (long side on local Y).","every bar uses the wall_10/wall_11 ArUco mounting; wall_9 is excluded (tag rotated 90 deg, 19.0 cm not 19.5)"
easy_020,easy,1push,brick,wall_11,13.1,45.0,78.5,19.5,5.5,10.0,2,29.2,9.8,0.0,37.7,53.3,0.3016,63,19,32,15,17,28,"long_axis_bearing_deg = bearing of the item's LONG side in world, counter-clockwise from +X, in [0,180). Place by this, not by yaw. yaw_deg is the MuJoCo local-frame rotation and its meaning differs between bricks (long side on local X) and blocks (long side on local Y).","every bar uses the wall_10/wall_11 ArUco mounting; wall_9 is excluded (tag rotated 90 deg, 19.0 cm not 19.5)"
easy_020,easy,1push,block,obj_1,24.0,38.1,71.1,15.0,7.0,4.0,2,29.2,9.8,0.0,37.7,53.3,0.3016,63,19,32,15,17,28,"long_axis_bearing_deg = bearing of the item's LONG side in world, counter-clockwise from +X, in [0,180). Place by this, not by yaw. yaw_deg is the MuJoCo local-frame rotation and its meaning differs between bricks (long side on local X) and blocks (long side on local Y).","every bar uses the wall_10/wall_11 ArUco mounting; wall_9 is excluded (tag rotated 90 deg, 19.0 cm not 19.5)"
easy_021,easy,1push,brick,wall_10,39.2,36.6,179.2,19.5,5.5,10.0,2,20.0,18.4,0.0,33.2,68.3,0.3,60,18,34,15,15,30,"long_axis_bearing_deg = bearing of the item's LONG side in world, counter-clockwise from +X, in [0,180). Place by this, not by yaw. yaw_deg is the MuJoCo local-frame rotation and its meaning differs between bricks (long side on local X) and blocks (long side on local Y).","every bar uses the wall_10/wall_11 ArUco mounting; wall_9 is excluded (tag rotated 90 deg, 19.0 cm not 19.5)"
easy_021,easy,1push,brick,wall_11,14.0,45.2,72.8,19.5,5.5,10.0,2,20.0,18.4,0.0,33.2,68.3,0.3,60,18,34,15,15,30,"long_axis_bearing_deg = bearing of the item's LONG side in world, counter-clockwise from +X, in [0,180). Place by this, not by yaw. yaw_deg is the MuJoCo local-frame rotation and its meaning differs between bricks (long side on local X) and blocks (long side on local Y).","every bar uses the wall_10/wall_11 ArUco mounting; wall_9 is excluded (tag rotated 90 deg, 19.0 cm not 19.5)"
easy_021,easy,1push,block,obj_4,24.6,40.6,69.7,12.0,7.5,5.0,2,20.0,18.4,0.0,33.2,68.3,0.3,60,18,34,15,15,30,"long_axis_bearing_deg = bearing of the item's LONG side in world, counter-clockwise from +X, in [0,180). Place by this, not by yaw. yaw_deg is the MuJoCo local-frame rotation and its meaning differs between bricks (long side on local X) and blocks (long side on local Y).","every bar uses the wall_10/wall_11 ArUco mounting; wall_9 is excluded (tag rotated 90 deg, 19.0 cm not 19.5)"
easy_022,easy,1push,brick,wall_10,10.0,40.2,172.6,19.5,5.5,10.0,3,41.9,7.8,0.0,16.2,69.7,0.3333,6,2,3,2,17,41,"long_axis_bearing_deg = bearing of the item's LONG side in world, counter-clockwise from +X, in [0,180). Place by this, not by yaw. yaw_deg is the MuJoCo local-frame rotation and its meaning differs between bricks (long side on local X) and blocks (long side on local Y).","every bar uses the wall_10/wall_11 ArUco mounting; wall_9 is excluded (tag rotated 90 deg, 19.0 cm not 19.5)"
easy_022,easy,1push,brick,wall_11,36.0,51.7,102.2,19.5,5.5,10.0,3,41.9,7.8,0.0,16.2,69.7,0.3333,6,2,3,2,17,41,"long_axis_bearing_deg = bearing of the item's LONG side in world, counter-clockwise from +X, in [0,180). Place by this, not by yaw. yaw_deg is the MuJoCo local-frame rotation and its meaning differs between bricks (long side on local X) and blocks (long side on local Y).","every bar uses the wall_10/wall_11 ArUco mounting; wall_9 is excluded (tag rotated 90 deg, 19.0 cm not 19.5)"
easy_022,easy,1push,brick,wall_12,36.0,31.0,74.3,19.5,5.5,10.0,3,41.9,7.8,0.0,16.2,69.7,0.3333,6,2,3,2,17,41,"long_axis_bearing_deg = bearing of the item's LONG side in world, counter-clockwise from +X, in [0,180). Place by this, not by yaw. yaw_deg is the MuJoCo local-frame rotation and its meaning differs between bricks (long side on local X) and blocks (long side on local Y).","every bar uses the wall_10/wall_11 ArUco mounting; wall_9 is excluded (tag rotated 90 deg, 19.0 cm not 19.5)"
easy_022,easy,1push,block,obj_1,28.5,43.0,105.6,15.0,7.0,4.0,3,41.9,7.8,0.0,16.2,69.7,0.3333,6,2,3,2,17,41,"long_axis_bearing_deg = bearing of the item's LONG side in world, counter-clockwise from +X, in [0,180). Place by this, not by yaw. yaw_deg is the MuJoCo local-frame rotation and its meaning differs between bricks (long side on local X) and blocks (long side on local Y).","every bar uses the wall_10/wall_11 ArUco mounting; wall_9 is excluded (tag rotated 90 deg, 19.0 cm not 19.5)"
easy_023,easy,1push,brick,wall_10,38.9,46.1,12.0,19.5,5.5,10.0,3,23.1,13.5,0.0,41.9,67.5,0.36,25,9,0,8,16,36,"long_axis_bearing_deg = bearing of the item's LONG side in world, counter-clockwise from +X, in [0,180). Place by this, not by yaw. yaw_deg is the MuJoCo local-frame rotation and its meaning differs between bricks (long side on local X) and blocks (long side on local Y).","every bar uses the wall_10/wall_11 ArUco mounting; wall_9 is excluded (tag rotated 90 deg, 19.0 cm not 19.5)"
easy_023,easy,1push,brick,wall_11,13.2,56.4,70.8,19.5,5.5,10.0,3,23.1,13.5,0.0,41.9,67.5,0.36,25,9,0,8,16,36,"long_axis_bearing_deg = bearing of the item's LONG side in world, counter-clockwise from +X, in [0,180). Place by this, not by yaw. yaw_deg is the MuJoCo local-frame rotation and its meaning differs between bricks (long side on local X) and blocks (long side on local Y).","every bar uses the wall_10/wall_11 ArUco mounting; wall_9 is excluded (tag rotated 90 deg, 19.0 cm not 19.5)"
easy_023,easy,1push,brick,wall_12,13.2,35.7,104.8,19.5,5.5,10.0,3,23.1,13.5,0.0,41.9,67.5,0.36,25,9,0,8,16,36,"long_axis_bearing_deg = bearing of the item's LONG side in world, counter-clockwise from +X, in [0,180). Place by this, not by yaw. yaw_deg is the MuJoCo local-frame rotation and its meaning differs between bricks (long side on local X) and blocks (long side on local Y).","every bar uses the wall_10/wall_11 ArUco mounting; wall_9 is excluded (tag rotated 90 deg, 19.0 cm not 19.5)"
easy_023,easy,1push,block,obj_4,22.3,49.5,73.7,12.0,7.5,5.0,3,23.1,13.5,0.0,41.9,67.5,0.36,25,9,0,8,16,36,"long_axis_bearing_deg = bearing of the item's LONG side in world, counter-clockwise from +X, in [0,180). Place by this, not by yaw. yaw_deg is the MuJoCo local-frame rotation and its meaning differs between bricks (long side on local X) and blocks (long side on local Y).","every bar uses the wall_10/wall_11 ArUco mounting; wall_9 is excluded (tag rotated 90 deg, 19.0 cm not 19.5)"
easy_024,easy,1push,brick,wall_10,39.0,39.1,7.8,19.5,5.5,10.0,1,24.6,22.1,0.0,37.7,56.6,0.56,75,42,0,15,16,29,"long_axis_bearing_deg = bearing of the item's LONG side in world, counter-clockwise from +X, in [0,180). Place by this, not by yaw. yaw_deg is the MuJoCo local-frame rotation and its meaning differs between bricks (long side on local X) and blocks (long side on local Y).","every bar uses the wall_10/wall_11 ArUco mounting; wall_9 is excluded (tag rotated 90 deg, 19.0 cm not 19.5)"
easy_024,easy,1push,block,obj_1,15.2,41.1,1.8,15.0,7.0,4.0,1,24.6,22.1,0.0,37.7,56.6,0.56,75,42,0,15,16,29,"long_axis_bearing_deg = bearing of the item's LONG side in world, counter-clockwise from +X, in [0,180). Place by this, not by yaw. yaw_deg is the MuJoCo local-frame rotation and its meaning differs between bricks (long side on local X) and blocks (long side on local Y).","every bar uses the wall_10/wall_11 ArUco mounting; wall_9 is excluded (tag rotated 90 deg, 19.0 cm not 19.5)"
easy_025,easy,1push,brick,wall_10,39.0,42.2,6.9,19.5,5.5,10.0,1,40.7,12.7,0.0,14.5,60.4,0.791,134,106,0,30,18,12,"long_axis_bearing_deg = bearing of the item's LONG side in world, counter-clockwise from +X, in [0,180). Place by this, not by yaw. yaw_deg is the MuJoCo local-frame rotation and its meaning differs between bricks (long side on local X) and blocks (long side on local Y).","every bar uses the wall_10/wall_11 ArUco mounting; wall_9 is excluded (tag rotated 90 deg, 19.0 cm not 19.5)"
easy_025,easy,1push,block,obj_4,15.4,39.5,15.3,12.0,7.5,5.0,1,40.7,12.7,0.0,14.5,60.4,0.791,134,106,0,30,18,12,"long_axis_bearing_deg = bearing of the item's LONG side in world, counter-clockwise from +X, in [0,180). Place by this, not by yaw. yaw_deg is the MuJoCo local-frame rotation and its meaning differs between bricks (long side on local X) and blocks (long side on local Y).","every bar uses the wall_10/wall_11 ArUco mounting; wall_9 is excluded (tag rotated 90 deg, 19.0 cm not 19.5)"
easy_026,easy,1push,brick,wall_10,39.2,43.9,178.9,19.5,5.5,10.0,2,17.8,29.7,0.0,31.0,62.8,0.3016,63,19,37,15,10,35,"long_axis_bearing_deg = bearing of the item's LONG side in world, counter-clockwise from +X, in [0,180). Place by this, not by yaw. yaw_deg is the MuJoCo local-frame rotation and its meaning differs between bricks (long side on local X) and blocks (long side on local Y).","every bar uses the wall_10/wall_11 ArUco mounting; wall_9 is excluded (tag rotated 90 deg, 19.0 cm not 19.5)"
easy_026,easy,1push,brick,wall_11,14.1,54.4,70.3,19.5,5.5,10.0,2,17.8,29.7,0.0,31.0,62.8,0.3016,63,19,37,15,10,35,"long_axis_bearing_deg = bearing of the item's LONG side in world, counter-clockwise from +X, in [0,180). Place by this, not by yaw. yaw_deg is the MuJoCo local-frame rotation and its meaning differs between bricks (long side on local X) and blocks (long side on local Y).","every bar uses the wall_10/wall_11 ArUco mounting; wall_9 is excluded (tag rotated 90 deg, 19.0 cm not 19.5)"
easy_026,easy,1push,block,obj_1,20.4,47.1,77.4,15.0,7.0,4.0,2,17.8,29.7,0.0,31.0,62.8,0.3016,63,19,37,15,10,35,"long_axis_bearing_deg = bearing of the item's LONG side in world, counter-clockwise from +X, in [0,180). Place by this, not by yaw. yaw_deg is the MuJoCo local-frame rotation and its meaning differs between bricks (long side on local X) and blocks (long side on local Y).","every bar uses the wall_10/wall_11 ArUco mounting; wall_9 is excluded (tag rotated 90 deg, 19.0 cm not 19.5)"
easy_027,easy,1push,brick,wall_10,38.9,35.1,11.1,19.5,5.5,10.0,2,10.7,6.8,0.0,26.0,63.0,0.3,70,21,31,17,14,29,"long_axis_bearing_deg = bearing of the item's LONG side in world, counter-clockwise from +X, in [0,180). Place by this, not by yaw. yaw_deg is the MuJoCo local-frame rotation and its meaning differs between bricks (long side on local X) and blocks (long side on local Y).","every bar uses the wall_10/wall_11 ArUco mounting; wall_9 is excluded (tag rotated 90 deg, 19.0 cm not 19.5)"
easy_027,easy,1push,brick,wall_11,13.7,44.4,72.2,19.5,5.5,10.0,2,10.7,6.8,0.0,26.0,63.0,0.3,70,21,31,17,14,29,"long_axis_bearing_deg = bearing of the item's LONG side in world, counter-clockwise from +X, in [0,180). Place by this, not by yaw. yaw_deg is the MuJoCo local-frame rotation and its meaning differs between bricks (long side on local X) and blocks (long side on local Y).","every bar uses the wall_10/wall_11 ArUco mounting; wall_9 is excluded (tag rotated 90 deg, 19.0 cm not 19.5)"
easy_027,easy,1push,block,obj_4,20.3,36.1,66.4,12.0,7.5,5.0,2,10.7,6.8,0.0,26.0,63.0,0.3,70,21,31,17,14,29,"long_axis_bearing_deg = bearing of the item's LONG side in world, counter-clockwise from +X, in [0,180). Place by this, not by yaw. yaw_deg is the MuJoCo local-frame rotation and its meaning differs between bricks (long side on local X) and blocks (long side on local Y).","every bar uses the wall_10/wall_11 ArUco mounting; wall_9 is excluded (tag rotated 90 deg, 19.0 cm not 19.5)"
easy_028,easy,1push,brick,wall_10,10.0,32.2,5.7,19.5,5.5,10.0,3,21.8,16.7,0.0,10.6,64.9,0.3333,45,15,13,9,11,40,"long_axis_bearing_deg = bearing of the item's LONG side in world, counter-clockwise from +X, in [0,180). Place by this, not by yaw. yaw_deg is the MuJoCo local-frame rotation and its meaning differs between bricks (long side on local X) and blocks (long side on local Y).","every bar uses the wall_10/wall_11 ArUco mounting; wall_9 is excluded (tag rotated 90 deg, 19.0 cm not 19.5)"
easy_028,easy,1push,brick,wall_11,35.4,44.2,102.5,19.5,5.5,10.0,3,21.8,16.7,0.0,10.6,64.9,0.3333,45,15,13,9,11,40,"long_axis_bearing_deg = bearing of the item's LONG side in world, counter-clockwise from +X, in [0,180). Place by this, not by yaw. yaw_deg is the MuJoCo local-frame rotation and its meaning differs between bricks (long side on local X) and blocks (long side on local Y).","every bar uses the wall_10/wall_11 ArUco mounting; wall_9 is excluded (tag rotated 90 deg, 19.0 cm not 19.5)"
easy_028,easy,1push,brick,wall_12,35.4,23.1,85.3,19.5,5.5,10.0,3,21.8,16.7,0.0,10.6,64.9,0.3333,45,15,13,9,11,40,"long_axis_bearing_deg = bearing of the item's LONG side in world, counter-clockwise from +X, in [0,180). Place by this, not by yaw. yaw_deg is the MuJoCo local-frame rotation and its meaning differs between bricks (long side on local X) and blocks (long side on local Y).","every bar uses the wall_10/wall_11 ArUco mounting; wall_9 is excluded (tag rotated 90 deg, 19.0 cm not 19.5)"
easy_028,easy,1push,block,obj_1,27.4,34.2,90.5,15.0,7.0,4.0,3,21.8,16.7,0.0,10.6,64.9,0.3333,45,15,13,9,11,40,"long_axis_bearing_deg = bearing of the item's LONG side in world, counter-clockwise from +X, in [0,180). Place by this, not by yaw. yaw_deg is the MuJoCo local-frame rotation and its meaning differs between bricks (long side on local X) and blocks (long side on local Y).","every bar uses the wall_10/wall_11 ArUco mounting; wall_9 is excluded (tag rotated 90 deg, 19.0 cm not 19.5)"
easy_029,easy,1push,brick,wall_10,38.9,43.4,170.5,19.5,5.5,10.0,3,42.7,20.2,0.0,37.1,59.3,0.3636,11,4,6,3,14,43,"long_axis_bearing_deg = bearing of the item's LONG side in world, counter-clockwise from +X, in [0,180). Place by this, not by yaw. yaw_deg is the MuJoCo local-frame rotation and its meaning differs between bricks (long side on local X) and blocks (long side on local Y).","every bar uses the wall_10/wall_11 ArUco mounting; wall_9 is excluded (tag rotated 90 deg, 19.0 cm not 19.5)"
easy_029,easy,1push,brick,wall_11,13.2,54.6,74.2,19.5,5.5,10.0,3,42.7,20.2,0.0,37.1,59.3,0.3636,11,4,6,3,14,43,"long_axis_bearing_deg = bearing of the item's LONG side in world, counter-clockwise from +X, in [0,180). Place by this, not by yaw. yaw_deg is the MuJoCo local-frame rotation and its meaning differs between bricks (long side on local X) and blocks (long side on local Y).","every bar uses the wall_10/wall_11 ArUco mounting; wall_9 is excluded (tag rotated 90 deg, 19.0 cm not 19.5)"
easy_029,easy,1push,brick,wall_12,13.2,31.6,85.2,19.5,5.5,10.0,3,42.7,20.2,0.0,37.1,59.3,0.3636,11,4,6,3,14,43,"long_axis_bearing_deg = bearing of the item's LONG side in world, counter-clockwise from +X, in [0,180). Place by this, not by yaw. yaw_deg is the MuJoCo local-frame rotation and its meaning differs between bricks (long side on local X) and blocks (long side on local Y).","every bar uses the wall_10/wall_11 ArUco mounting; wall_9 is excluded (tag rotated 90 deg, 19.0 cm not 19.5)"
easy_029,easy,1push,block,obj_4,21.4,47.6,71.0,12.0,7.5,5.0,3,42.7,20.2,0.0,37.1,59.3,0.3636,11,4,6,3,14,43,"long_axis_bearing_deg = bearing of the item's LONG side in world, counter-clockwise from +X, in [0,180). Place by this, not by yaw. yaw_deg is the MuJoCo local-frame rotation and its meaning differs between bricks (long side on local X) and blocks (long side on local Y).","every bar uses the wall_10/wall_11 ArUco mounting; wall_9 is excluded (tag rotated 90 deg, 19.0 cm not 19.5)"
easy_030,easy,1push,brick,wall_10,38.9,34.2,169.6,19.5,5.5,10.0,1,9.3,12.6,0.0,31.1,49.7,0.5856,111,65,0,26,15,19,"long_axis_bearing_deg = bearing of the item's LONG side in world, counter-clockwise from +X, in [0,180). Place by this, not by yaw. yaw_deg is the MuJoCo local-frame rotation and its meaning differs between bricks (long side on local X) and blocks (long side on local Y).","every bar uses the wall_10/wall_11 ArUco mounting; wall_9 is excluded (tag rotated 90 deg, 19.0 cm not 19.5)"
easy_030,easy,1push,block,obj_1,15.9,30.7,18.9,15.0,7.0,4.0,1,9.3,12.6,0.0,31.1,49.7,0.5856,111,65,0,26,15,19,"long_axis_bearing_deg = bearing of the item's LONG side in world, counter-clockwise from +X, in [0,180). Place by this, not by yaw. yaw_deg is the MuJoCo local-frame rotation and its meaning differs between bricks (long side on local X) and blocks (long side on local Y).","every bar uses the wall_10/wall_11 ArUco mounting; wall_9 is excluded (tag rotated 90 deg, 19.0 cm not 19.5)"
easy_031,easy,1push,brick,wall_10,38.9,35.9,11.0,19.5,5.5,10.0,1,17.6,18.0,0.0,15.3,56.0,0.7933,150,119,0,30,20,10,"long_axis_bearing_deg = bearing of the item's LONG side in world, counter-clockwise from +X, in [0,180). Place by this, not by yaw. yaw_deg is the MuJoCo local-frame rotation and its meaning differs between bricks (long side on local X) and blocks (long side on local Y).","every bar uses the wall_10/wall_11 ArUco mounting; wall_9 is excluded (tag rotated 90 deg, 19.0 cm not 19.5)"
easy_031,easy,1push,block,obj_4,16.4,34.1,26.0,12.0,7.5,5.0,1,17.6,18.0,0.0,15.3,56.0,0.7933,150,119,0,30,20,10,"long_axis_bearing_deg = bearing of the item's LONG side in world, counter-clockwise from +X, in [0,180). Place by this, not by yaw. yaw_deg is the MuJoCo local-frame rotation and its meaning differs between bricks (long side on local X) and blocks (long side on local Y).","every bar uses the wall_10/wall_11 ArUco mounting; wall_9 is excluded (tag rotated 90 deg, 19.0 cm not 19.5)"
easy_032,easy,1push,brick,wall_10,9.9,47.2,176.1,19.5,5.5,10.0,2,40.1,32.1,0.0,9.4,65.6,0.3036,56,17,31,15,18,27,"long_axis_bearing_deg = bearing of the item's LONG side in world, counter-clockwise from +X, in [0,180). Place by this, not by yaw. yaw_deg is the MuJoCo local-frame rotation and its meaning differs between bricks (long side on local X) and blocks (long side on local Y).","every bar uses the wall_10/wall_11 ArUco mounting; wall_9 is excluded (tag rotated 90 deg, 19.0 cm not 19.5)"
easy_032,easy,1push,brick,wall_11,33.6,59.9,109.8,19.5,5.5,10.0,2,40.1,32.1,0.0,9.4,65.6,0.3036,56,17,31,15,18,27,"long_axis_bearing_deg = bearing of the item's LONG side in world, counter-clockwise from +X, in [0,180). Place by this, not by yaw. yaw_deg is the MuJoCo local-frame rotation and its meaning differs between bricks (long side on local X) and blocks (long side on local Y).","every bar uses the wall_10/wall_11 ArUco mounting; wall_9 is excluded (tag rotated 90 deg, 19.0 cm not 19.5)"
easy_032,easy,1push,block,obj_1,24.4,50.9,107.4,15.0,7.0,4.0,2,40.1,32.1,0.0,9.4,65.6,0.3036,56,17,31,15,18,27,"long_axis_bearing_deg = bearing of the item's LONG side in world, counter-clockwise from +X, in [0,180). Place by this, not by yaw. yaw_deg is the MuJoCo local-frame rotation and its meaning differs between bricks (long side on local X) and blocks (long side on local Y).","every bar uses the wall_10/wall_11 ArUco mounting; wall_9 is excluded (tag rotated 90 deg, 19.0 cm not 19.5)"
easy_033,easy,1push,brick,wall_10,10.0,34.5,172.9,19.5,5.5,10.0,2,28.8,19.7,0.0,8.5,66.5,0.3036,56,17,29,15,15,30,"long_axis_bearing_deg = bearing of the item's LONG side in world, counter-clockwise from +X, in [0,180). Place by this, not by yaw. yaw_deg is the MuJoCo local-frame rotation and its meaning differs between bricks (long side on local X) and blocks (long side on local Y).","every bar uses the wall_10/wall_11 ArUco mounting; wall_9 is excluded (tag rotated 90 deg, 19.0 cm not 19.5)"
easy_033,easy,1push,brick,wall_11,35.7,43.5,104.0,19.5,5.5,10.0,2,28.8,19.7,0.0,8.5,66.5,0.3036,56,17,29,15,15,30,"long_axis_bearing_deg = bearing of the item's LONG side in world, counter-clockwise from +X, in [0,180). Place by this, not by yaw. yaw_deg is the MuJoCo local-frame rotation and its meaning differs between bricks (long side on local X) and blocks (long side on local Y).","every bar uses the wall_10/wall_11 ArUco mounting; wall_9 is excluded (tag rotated 90 deg, 19.0 cm not 19.5)"
easy_033,easy,1push,block,obj_4,24.9,35.9,106.9,12.0,7.5,5.0,2,28.8,19.7,0.0,8.5,66.5,0.3036,56,17,29,15,15,30,"long_axis_bearing_deg = bearing of the item's LONG side in world, counter-clockwise from +X, in [0,180). Place by this, not by yaw. yaw_deg is the MuJoCo local-frame rotation and its meaning differs between bricks (long side on local X) and blocks (long side on local Y).","every bar uses the wall_10/wall_11 ArUco mounting; wall_9 is excluded (tag rotated 90 deg, 19.0 cm not 19.5)"
easy_034,easy,1push,brick,wall_10,10.0,32.1,174.0,19.5,5.5,10.0,3,6.8,19.6,0.0,22.5,52.6,0.3571,28,10,7,7,11,42,"long_axis_bearing_deg = bearing of the item's LONG side in world, counter-clockwise from +X, in [0,180). Place by this, not by yaw. yaw_deg is the MuJoCo local-frame rotation and its meaning differs between bricks (long side on local X) and blocks (long side on local Y).","every bar uses the wall_10/wall_11 ArUco mounting; wall_9 is excluded (tag rotated 90 deg, 19.0 cm not 19.5)"
easy_034,easy,1push,brick,wall_11,34.5,43.3,108.8,19.5,5.5,10.0,3,6.8,19.6,0.0,22.5,52.6,0.3571,28,10,7,7,11,42,"long_axis_bearing_deg = bearing of the item's LONG side in world, counter-clockwise from +X, in [0,180). Place by this, not by yaw. yaw_deg is the MuJoCo local-frame rotation and its meaning differs between bricks (long side on local X) and blocks (long side on local Y).","every bar uses the wall_10/wall_11 ArUco mounting; wall_9 is excluded (tag rotated 90 deg, 19.0 cm not 19.5)"
easy_034,easy,1push,brick,wall_12,34.5,19.6,78.0,19.5,5.5,10.0,3,6.8,19.6,0.0,22.5,52.6,0.3571,28,10,7,7,11,42,"long_axis_bearing_deg = bearing of the item's LONG side in world, counter-clockwise from +X, in [0,180). Place by this, not by yaw. yaw_deg is the MuJoCo local-frame rotation and its meaning differs between bricks (long side on local X) and blocks (long side on local Y).","every bar uses the wall_10/wall_11 ArUco mounting; wall_9 is excluded (tag rotated 90 deg, 19.0 cm not 19.5)"
easy_034,easy,1push,block,obj_1,27.3,32.9,95.4,15.0,7.0,4.0,3,6.8,19.6,0.0,22.5,52.6,0.3571,28,10,7,7,11,42,"long_axis_bearing_deg = bearing of the item's LONG side in world, counter-clockwise from +X, in [0,180). Place by this, not by yaw. yaw_deg is the MuJoCo local-frame rotation and its meaning differs between bricks (long side on local X) and blocks (long side on local Y).","every bar uses the wall_10/wall_11 ArUco mounting; wall_9 is excluded (tag rotated 90 deg, 19.0 cm not 19.5)"
easy_035,easy,1push,brick,wall_10,9.8,44.3,178.1,19.5,5.5,10.0,3,15.1,24.7,0.0,16.5,67.2,0.3636,22,8,13,5,12,43,"long_axis_bearing_deg = bearing of the item's LONG side in world, counter-clockwise from +X, in [0,180). Place by this, not by yaw. yaw_deg is the MuJoCo local-frame rotation and its meaning differs between bricks (long side on local X) and blocks (long side on local Y).","every bar uses the wall_10/wall_11 ArUco mounting; wall_9 is excluded (tag rotated 90 deg, 19.0 cm not 19.5)"
easy_035,easy,1push,brick,wall_11,34.6,54.1,109.2,19.5,5.5,10.0,3,15.1,24.7,0.0,16.5,67.2,0.3636,22,8,13,5,12,43,"long_axis_bearing_deg = bearing of the item's LONG side in world, counter-clockwise from +X, in [0,180). Place by this, not by yaw. yaw_deg is the MuJoCo local-frame rotation and its meaning differs between bricks (long side on local X) and blocks (long side on local Y).","every bar uses the wall_10/wall_11 ArUco mounting; wall_9 is excluded (tag rotated 90 deg, 19.0 cm not 19.5)"
easy_035,easy,1push,brick,wall_12,34.6,33.1,87.2,19.5,5.5,10.0,3,15.1,24.7,0.0,16.5,67.2,0.3636,22,8,13,5,12,43,"long_axis_bearing_deg = bearing of the item's LONG side in world, counter-clockwise from +X, in [0,180). Place by this, not by yaw. yaw_deg is the MuJoCo local-frame rotation and its meaning differs between bricks (long side on local X) and blocks (long side on local Y).","every bar uses the wall_10/wall_11 ArUco mounting; wall_9 is excluded (tag rotated 90 deg, 19.0 cm not 19.5)"
easy_035,easy,1push,block,obj_4,26.7,48.7,104.9,12.0,7.5,5.0,3,15.1,24.7,0.0,16.5,67.2,0.3636,22,8,13,5,12,43,"long_axis_bearing_deg = bearing of the item's LONG side in world, counter-clockwise from +X, in [0,180). Place by this, not by yaw. yaw_deg is the MuJoCo local-frame rotation and its meaning differs between bricks (long side on local X) and blocks (long side on local Y).","every bar uses the wall_10/wall_11 ArUco mounting; wall_9 is excluded (tag rotated 90 deg, 19.0 cm not 19.5)"
easy_036,easy,1push,brick,wall_10,39.2,42.1,178.2,19.5,5.5,10.0,1,7.6,17.7,0.0,37.0,57.7,0.5882,119,70,0,28,15,17,"long_axis_bearing_deg = bearing of the item's LONG side in world, counter-clockwise from +X, in [0,180). Place by this, not by yaw. yaw_deg is the MuJoCo local-frame rotation and its meaning differs between bricks (long side on local X) and blocks (long side on local Y).","every bar uses the wall_10/wall_11 ArUco mounting; wall_9 is excluded (tag rotated 90 deg, 19.0 cm not 19.5)"
easy_036,easy,1push,block,obj_1,16.3,40.1,12.9,15.0,7.0,4.0,1,7.6,17.7,0.0,37.0,57.7,0.5882,119,70,0,28,15,17,"long_axis_bearing_deg = bearing of the item's LONG side in world, counter-clockwise from +X, in [0,180). Place by this, not by yaw. yaw_deg is the MuJoCo local-frame rotation and its meaning differs between bricks (long side on local X) and blocks (long side on local Y).","every bar uses the wall_10/wall_11 ArUco mounting; wall_9 is excluded (tag rotated 90 deg, 19.0 cm not 19.5)"
easy_037,easy,1push,brick,wall_10,39.0,33.6,7.0,19.5,5.5,10.0,1,26.6,7.0,0.0,27.8,55.3,0.797,133,106,0,30,22,8,"long_axis_bearing_deg = bearing of the item's LONG side in world, counter-clockwise from +X, in [0,180). Place by this, not by yaw. yaw_deg is the MuJoCo local-frame rotation and its meaning differs between bricks (long side on local X) and blocks (long side on local Y).","every bar uses the wall_10/wall_11 ArUco mounting; wall_9 is excluded (tag rotated 90 deg, 19.0 cm not 19.5)"
easy_037,easy,1push,block,obj_4,15.2,35.2,15.6,12.0,7.5,5.0,1,26.6,7.0,0.0,27.8,55.3,0.797,133,106,0,30,22,8,"long_axis_bearing_deg = bearing of the item's LONG side in world, counter-clockwise from +X, in [0,180). Place by this, not by yaw. yaw_deg is the MuJoCo local-frame rotation and its meaning differs between bricks (long side on local X) and blocks (long side on local Y).","every bar uses the wall_10/wall_11 ArUco mounting; wall_9 is excluded (tag rotated 90 deg, 19.0 cm not 19.5)"
easy_038,easy,1push,brick,wall_10,39.2,35.2,1.7,19.5,5.5,10.0,2,19.3,14.9,0.0,42.4,50.2,0.3049,82,25,40,17,13,30,"long_axis_bearing_deg = bearing of the item's LONG side in world, counter-clockwise from +X, in [0,180). Place by this, not by yaw. yaw_deg is the MuJoCo local-frame rotation and its meaning differs between bricks (long side on local X) and blocks (long side on local Y).","every bar uses the wall_10/wall_11 ArUco mounting; wall_9 is excluded (tag rotated 90 deg, 19.0 cm not 19.5)"
easy_038,easy,1push,brick,wall_11,14.4,47.7,71.7,19.5,5.5,10.0,2,19.3,14.9,0.0,42.4,50.2,0.3049,82,25,40,17,13,30,"long_axis_bearing_deg = bearing of the item's LONG side in world, counter-clockwise from +X, in [0,180). Place by this, not by yaw. yaw_deg is the MuJoCo local-frame rotation and its meaning differs between bricks (long side on local X) and blocks (long side on local Y).","every bar uses the wall_10/wall_11 ArUco mounting; wall_9 is excluded (tag rotated 90 deg, 19.0 cm not 19.5)"
easy_038,easy,1push,block,obj_1,21.5,37.9,77.4,15.0,7.0,4.0,2,19.3,14.9,0.0,42.4,50.2,0.3049,82,25,40,17,13,30,"long_axis_bearing_deg = bearing of the item's LONG side in world, counter-clockwise from +X, in [0,180). Place by this, not by yaw. yaw_deg is the MuJoCo local-frame rotation and its meaning differs between bricks (long side on local X) and blocks (long side on local Y).","every bar uses the wall_10/wall_11 ArUco mounting; wall_9 is excluded (tag rotated 90 deg, 19.0 cm not 19.5)"
easy_039,easy,1push,brick,wall_10,39.0,41.1,6.3,19.5,5.5,10.0,2,26.1,6.8,0.0,21.7,71.3,0.3043,46,14,26,12,10,38,"long_axis_bearing_deg = bearing of the item's LONG side in world, counter-clockwise from +X, in [0,180). Place by this, not by yaw. yaw_deg is the MuJoCo local-frame rotation and its meaning differs between bricks (long side on local X) and blocks (long side on local Y).","every bar uses the wall_10/wall_11 ArUco mounting; wall_9 is excluded (tag rotated 90 deg, 19.0 cm not 19.5)"
easy_039,easy,1push,brick,wall_11,13.0,47.7,73.0,19.5,5.5,10.0,2,26.1,6.8,0.0,21.7,71.3,0.3043,46,14,26,12,10,38,"long_axis_bearing_deg = bearing of the item's LONG side in world, counter-clockwise from +X, in [0,180). Place by this, not by yaw. yaw_deg is the MuJoCo local-frame rotation and its meaning differs between bricks (long side on local X) and blocks (long side on local Y).","every bar uses the wall_10/wall_11 ArUco mounting; wall_9 is excluded (tag rotated 90 deg, 19.0 cm not 19.5)"
easy_039,easy,1push,block,obj_4,21.9,43.2,166.8,12.0,7.5,5.0,2,26.1,6.8,0.0,21.7,71.3,0.3043,46,14,26,12,10,38,"long_axis_bearing_deg = bearing of the item's LONG side in world, counter-clockwise from +X, in [0,180). Place by this, not by yaw. yaw_deg is the MuJoCo local-frame rotation and its meaning differs between bricks (long side on local X) and blocks (long side on local Y).","every bar uses the wall_10/wall_11 ArUco mounting; wall_9 is excluded (tag rotated 90 deg, 19.0 cm not 19.5)"
easy_040,easy,1push,brick,wall_10,38.9,37.4,11.3,19.5,5.5,10.0,3,42.8,20.2,0.0,6.6,62.5,0.3636,22,8,12,6,16,38,"long_axis_bearing_deg = bearing of the item's LONG side in world, counter-clockwise from +X, in [0,180). Place by this, not by yaw. yaw_deg is the MuJoCo local-frame rotation and its meaning differs between bricks (long side on local X) and blocks (long side on local Y).","every bar uses the wall_10/wall_11 ArUco mounting; wall_9 is excluded (tag rotated 90 deg, 19.0 cm not 19.5)"
easy_040,easy,1push,brick,wall_11,13.2,46.9,80.6,19.5,5.5,10.0,3,42.8,20.2,0.0,6.6,62.5,0.3636,22,8,12,6,16,38,"long_axis_bearing_deg = bearing of the item's LONG side in world, counter-clockwise from +X, in [0,180). Place by this, not by yaw. yaw_deg is the MuJoCo local-frame rotation and its meaning differs between bricks (long side on local X) and blocks (long side on local Y).","every bar uses the wall_10/wall_11 ArUco mounting; wall_9 is excluded (tag rotated 90 deg, 19.0 cm not 19.5)"
easy_040,easy,1push,brick,wall_12,13.2,25.8,107.1,19.5,5.5,10.0,3,42.8,20.2,0.0,6.6,62.5,0.3636,22,8,12,6,16,38,"long_axis_bearing_deg = bearing of the item's LONG side in world, counter-clockwise from +X, in [0,180). Place by this, not by yaw. yaw_deg is the MuJoCo local-frame rotation and its meaning differs between bricks (long side on local X) and blocks (long side on local Y).","every bar uses the wall_10/wall_11 ArUco mounting; wall_9 is excluded (tag rotated 90 deg, 19.0 cm not 19.5)"
easy_040,easy,1push,block,obj_1,21.5,39.1,78.7,15.0,7.0,4.0,3,42.8,20.2,0.0,6.6,62.5,0.3636,22,8,12,6,16,38,"long_axis_bearing_deg = bearing of the item's LONG side in world, counter-clockwise from +X, in [0,180). Place by this, not by yaw. yaw_deg is the MuJoCo local-frame rotation and its meaning differs between bricks (long side on local X) and blocks (long side on local Y).","every bar uses the wall_10/wall_11 ArUco mounting; wall_9 is excluded (tag rotated 90 deg, 19.0 cm not 19.5)"
easy_041,easy,1push,brick,wall_10,38.9,43.6,170.8,19.5,5.5,10.0,3,40.2,24.7,0.0,28.4,59.9,0.381,21,8,12,6,11,43,"long_axis_bearing_deg = bearing of the item's LONG side in world, counter-clockwise from +X, in [0,180). Place by this, not by yaw. yaw_deg is the MuJoCo local-frame rotation and its meaning differs between bricks (long side on local X) and blocks (long side on local Y).","every bar uses the wall_10/wall_11 ArUco mounting; wall_9 is excluded (tag rotated 90 deg, 19.0 cm not 19.5)"
easy_041,easy,1push,brick,wall_11,14.4,53.7,73.7,19.5,5.5,10.0,3,40.2,24.7,0.0,28.4,59.9,0.381,21,8,12,6,11,43,"long_axis_bearing_deg = bearing of the item's LONG side in world, counter-clockwise from +X, in [0,180). Place by this, not by yaw. yaw_deg is the MuJoCo local-frame rotation and its meaning differs between bricks (long side on local X) and blocks (long side on local Y).","every bar uses the wall_10/wall_11 ArUco mounting; wall_9 is excluded (tag rotated 90 deg, 19.0 cm not 19.5)"
easy_041,easy,1push,brick,wall_12,14.4,32.3,95.7,19.5,5.5,10.0,3,40.2,24.7,0.0,28.4,59.9,0.381,21,8,12,6,11,43,"long_axis_bearing_deg = bearing of the item's LONG side in world, counter-clockwise from +X, in [0,180). Place by this, not by yaw. yaw_deg is the MuJoCo local-frame rotation and its meaning differs between bricks (long side on local X) and blocks (long side on local Y).","every bar uses the wall_10/wall_11 ArUco mounting; wall_9 is excluded (tag rotated 90 deg, 19.0 cm not 19.5)"
easy_041,easy,1push,block,obj_4,21.8,48.5,77.4,12.0,7.5,5.0,3,40.2,24.7,0.0,28.4,59.9,0.381,21,8,12,6,11,43,"long_axis_bearing_deg = bearing of the item's LONG side in world, counter-clockwise from +X, in [0,180). Place by this, not by yaw. yaw_deg is the MuJoCo local-frame rotation and its meaning differs between bricks (long side on local X) and blocks (long side on local Y).","every bar uses the wall_10/wall_11 ArUco mounting; wall_9 is excluded (tag rotated 90 deg, 19.0 cm not 19.5)"
easy_042,easy,1push,brick,wall_10,10.1,34.4,10.4,19.5,5.5,10.0,1,42.7,12.0,0.0,6.5,61.6,0.596,99,59,0,21,16,23,"long_axis_bearing_deg = bearing of the item's LONG side in world, counter-clockwise from +X, in [0,180). Place by this, not by yaw. yaw_deg is the MuJoCo local-frame rotation and its meaning differs between bricks (long side on local X) and blocks (long side on local Y).","every bar uses the wall_10/wall_11 ArUco mounting; wall_9 is excluded (tag rotated 90 deg, 19.0 cm not 19.5)"
easy_042,easy,1push,block,obj_1,33.7,32.4,162.6,15.0,7.0,4.0,1,42.7,12.0,0.0,6.5,61.6,0.596,99,59,0,21,16,23,"long_axis_bearing_deg = bearing of the item's LONG side in world, counter-clockwise from +X, in [0,180). Place by this, not by yaw. yaw_deg is the MuJoCo local-frame rotation and its meaning differs between bricks (long side on local X) and blocks (long side on local Y).","every bar uses the wall_10/wall_11 ArUco mounting; wall_9 is excluded (tag rotated 90 deg, 19.0 cm not 19.5)"
easy_043,easy,1push,brick,wall_10,39.1,35.2,2.5,19.5,5.5,10.0,1,16.1,12.9,0.0,6.5,58.7,0.7971,138,110,0,30,25,5,"long_axis_bearing_deg = bearing of the item's LONG side in world, counter-clockwise from +X, in [0,180). Place by this, not by yaw. yaw_deg is the MuJoCo local-frame rotation and its meaning differs between bricks (long side on local X) and blocks (long side on local Y).","every bar uses the wall_10/wall_11 ArUco mounting; wall_9 is excluded (tag rotated 90 deg, 19.0 cm not 19.5)"
easy_043,easy,1push,block,obj_4,15.3,34.0,31.1,12.0,7.5,5.0,1,16.1,12.9,0.0,6.5,58.7,0.7971,138,110,0,30,25,5,"long_axis_bearing_deg = bearing of the item's LONG side in world, counter-clockwise from +X, in [0,180). Place by this, not by yaw. yaw_deg is the MuJoCo local-frame rotation and its meaning differs between bricks (long side on local X) and blocks (long side on local Y).","every bar uses the wall_10/wall_11 ArUco mounting; wall_9 is excluded (tag rotated 90 deg, 19.0 cm not 19.5)"
easy_044,easy,1push,brick,wall_10,10.7,38.1,35.1,19.5,5.5,10.0,2,22.1,13.1,0.0,36.2,69.3,0.3063,111,34,4,24,9,27,"long_axis_bearing_deg = bearing of the item's LONG side in world, counter-clockwise from +X, in [0,180). Place by this, not by yaw. yaw_deg is the MuJoCo local-frame rotation and its meaning differs between bricks (long side on local X) and blocks (long side on local Y).","every bar uses the wall_10/wall_11 ArUco mounting; wall_9 is excluded (tag rotated 90 deg, 19.0 cm not 19.5)"
easy_044,easy,1push,brick,wall_11,36.0,26.1,23.5,19.5,5.5,10.0,2,22.1,13.1,0.0,36.2,69.3,0.3063,111,34,4,24,9,27,"long_axis_bearing_deg = bearing of the item's LONG side in world, counter-clockwise from +X, in [0,180). Place by this, not by yaw. yaw_deg is the MuJoCo local-frame rotation and its meaning differs between bricks (long side on local X) and blocks (long side on local Y).","every bar uses the wall_10/wall_11 ArUco mounting; wall_9 is excluded (tag rotated 90 deg, 19.0 cm not 19.5)"
easy_044,easy,1push,block,obj_1,17.9,28.0,63.1,15.0,7.0,4.0,2,22.1,13.1,0.0,36.2,69.3,0.3063,111,34,4,24,9,27,"long_axis_bearing_deg = bearing of the item's LONG side in world, counter-clockwise from +X, in [0,180). Place by this, not by yaw. yaw_deg is the MuJoCo local-frame rotation and its meaning differs between bricks (long side on local X) and blocks (long side on local Y).","every bar uses the wall_10/wall_11 ArUco mounting; wall_9 is excluded (tag rotated 90 deg, 19.0 cm not 19.5)"
easy_045,easy,1push,brick,wall_10,39.1,38.9,2.3,19.5,5.5,10.0,2,27.5,25.6,0.0,22.4,70.9,0.3056,72,22,34,15,11,34,"long_axis_bearing_deg = bearing of the item's LONG side in world, counter-clockwise from +X, in [0,180). Place by this, not by yaw. yaw_deg is the MuJoCo local-frame rotation and its meaning differs between bricks (long side on local X) and blocks (long side on local Y).","every bar uses the wall_10/wall_11 ArUco mounting; wall_9 is excluded (tag rotated 90 deg, 19.0 cm not 19.5)"
easy_045,easy,1push,brick,wall_11,13.6,47.9,71.2,19.5,5.5,10.0,2,27.5,25.6,0.0,22.4,70.9,0.3056,72,22,34,15,11,34,"long_axis_bearing_deg = bearing of the item's LONG side in world, counter-clockwise from +X, in [0,180). Place by this, not by yaw. yaw_deg is the MuJoCo local-frame rotation and its meaning differs between bricks (long side on local X) and blocks (long side on local Y).","every bar uses the wall_10/wall_11 ArUco mounting; wall_9 is excluded (tag rotated 90 deg, 19.0 cm not 19.5)"
easy_045,easy,1push,block,obj_4,21.8,39.2,80.6,12.0,7.5,5.0,2,27.5,25.6,0.0,22.4,70.9,0.3056,72,22,34,15,11,34,"long_axis_bearing_deg = bearing of the item's LONG side in world, counter-clockwise from +X, in [0,180). Place by this, not by yaw. yaw_deg is the MuJoCo local-frame rotation and its meaning differs between bricks (long side on local X) and blocks (long side on local Y).","every bar uses the wall_10/wall_11 ArUco mounting; wall_9 is excluded (tag rotated 90 deg, 19.0 cm not 19.5)"
easy_046,easy,1push,brick,wall_10,39.0,46.1,8.0,19.5,5.5,10.0,3,40.7,21.3,0.0,37.0,63.3,0.3636,33,12,19,7,12,41,"long_axis_bearing_deg = bearing of the item's LONG side in world, counter-clockwise from +X, in [0,180). Place by this, not by yaw. yaw_deg is the MuJoCo local-frame rotation and its meaning differs between bricks (long side on local X) and blocks (long side on local Y).","every bar uses the wall_10/wall_11 ArUco mounting; wall_9 is excluded (tag rotated 90 deg, 19.0 cm not 19.5)"
easy_046,easy,1push,brick,wall_11,14.9,58.8,75.2,19.5,5.5,10.0,3,40.7,21.3,0.0,37.0,63.3,0.3636,33,12,19,7,12,41,"long_axis_bearing_deg = bearing of the item's LONG side in world, counter-clockwise from +X, in [0,180). Place by this, not by yaw. yaw_deg is the MuJoCo local-frame rotation and its meaning differs between bricks (long side on local X) and blocks (long side on local Y).","every bar uses the wall_10/wall_11 ArUco mounting; wall_9 is excluded (tag rotated 90 deg, 19.0 cm not 19.5)"
easy_046,easy,1push,brick,wall_12,14.9,34.9,92.6,19.5,5.5,10.0,3,40.7,21.3,0.0,37.0,63.3,0.3636,33,12,19,7,12,41,"long_axis_bearing_deg = bearing of the item's LONG side in world, counter-clockwise from +X, in [0,180). Place by this, not by yaw. yaw_deg is the MuJoCo local-frame rotation and its meaning differs between bricks (long side on local X) and blocks (long side on local Y).","every bar uses the wall_10/wall_11 ArUco mounting; wall_9 is excluded (tag rotated 90 deg, 19.0 cm not 19.5)"
easy_046,easy,1push,block,obj_1,21.6,48.7,87.7,15.0,7.0,4.0,3,40.7,21.3,0.0,37.0,63.3,0.3636,33,12,19,7,12,41,"long_axis_bearing_deg = bearing of the item's LONG side in world, counter-clockwise from +X, in [0,180). Place by this, not by yaw. yaw_deg is the MuJoCo local-frame rotation and its meaning differs between bricks (long side on local X) and blocks (long side on local Y).","every bar uses the wall_10/wall_11 ArUco mounting; wall_9 is excluded (tag rotated 90 deg, 19.0 cm not 19.5)"
easy_047,easy,1push,brick,wall_10,39.1,47.9,175.3,19.5,5.5,10.0,3,33.6,26.2,0.0,28.8,69.7,0.3846,52,20,30,12,17,31,"long_axis_bearing_deg = bearing of the item's LONG side in world, counter-clockwise from +X, in [0,180). Place by this, not by yaw. yaw_deg is the MuJoCo local-frame rotation and its meaning differs between bricks (long side on local X) and blocks (long side on local Y).","every bar uses the wall_10/wall_11 ArUco mounting; wall_9 is excluded (tag rotated 90 deg, 19.0 cm not 19.5)"
easy_047,easy,1push,brick,wall_11,13.6,59.3,90.6,19.5,5.5,10.0,3,33.6,26.2,0.0,28.8,69.7,0.3846,52,20,30,12,17,31,"long_axis_bearing_deg = bearing of the item's LONG side in world, counter-clockwise from +X, in [0,180). Place by this, not by yaw. yaw_deg is the MuJoCo local-frame rotation and its meaning differs between bricks (long side on local X) and blocks (long side on local Y).","every bar uses the wall_10/wall_11 ArUco mounting; wall_9 is excluded (tag rotated 90 deg, 19.0 cm not 19.5)"
easy_047,easy,1push,brick,wall_12,13.6,35.2,104.7,19.5,5.5,10.0,3,33.6,26.2,0.0,28.8,69.7,0.3846,52,20,30,12,17,31,"long_axis_bearing_deg = bearing of the item's LONG side in world, counter-clockwise from +X, in [0,180). Place by this, not by yaw. yaw_deg is the MuJoCo local-frame rotation and its meaning differs between bricks (long side on local X) and blocks (long side on local Y).","every bar uses the wall_10/wall_11 ArUco mounting; wall_9 is excluded (tag rotated 90 deg, 19.0 cm not 19.5)"
easy_047,easy,1push,block,obj_4,22.9,51.6,82.6,12.0,7.5,5.0,3,33.6,26.2,0.0,28.8,69.7,0.3846,52,20,30,12,17,31,"long_axis_bearing_deg = bearing of the item's LONG side in world, counter-clockwise from +X, in [0,180). Place by this, not by yaw. yaw_deg is the MuJoCo local-frame rotation and its meaning differs between bricks (long side on local X) and blocks (long side on local Y).","every bar uses the wall_10/wall_11 ArUco mounting; wall_9 is excluded (tag rotated 90 deg, 19.0 cm not 19.5)"
easy_048,easy,1push,brick,wall_10,39.1,43.9,2.6,19.5,5.5,10.0,1,37.9,8.7,0.0,6.5,58.5,0.6095,105,64,0,25,15,20,"long_axis_bearing_deg = bearing of the item's LONG side in world, counter-clockwise from +X, in [0,180). Place by this, not by yaw. yaw_deg is the MuJoCo local-frame rotation and its meaning differs between bricks (long side on local X) and blocks (long side on local Y).","every bar uses the wall_10/wall_11 ArUco mounting; wall_9 is excluded (tag rotated 90 deg, 19.0 cm not 19.5)"
easy_048,easy,1push,block,obj_1,15.5,40.2,23.3,15.0,7.0,4.0,1,37.9,8.7,0.0,6.5,58.5,0.6095,105,64,0,25,15,20,"long_axis_bearing_deg = bearing of the item's LONG side in world, counter-clockwise from +X, in [0,180). Place by this, not by yaw. yaw_deg is the MuJoCo local-frame rotation and its meaning differs between bricks (long side on local X) and blocks (long side on local Y).","every bar uses the wall_10/wall_11 ArUco mounting; wall_9 is excluded (tag rotated 90 deg, 19.0 cm not 19.5)"
easy_049,easy,1push,brick,wall_10,38.9,43.8,10.4,19.5,5.5,10.0,1,34.5,32.2,0.0,39.7,60.7,0.7983,119,95,0,28,26,6,"long_axis_bearing_deg = bearing of the item's LONG side in world, counter-clockwise from +X, in [0,180). Place by this, not by yaw. yaw_deg is the MuJoCo local-frame rotation and its meaning differs between bricks (long side on local X) and blocks (long side on local Y).","every bar uses the wall_10/wall_11 ArUco mounting; wall_9 is excluded (tag rotated 90 deg, 19.0 cm not 19.5)"
easy_049,easy,1push,block,obj_4,14.7,45.3,23.6,12.0,7.5,5.0,1,34.5,32.2,0.0,39.7,60.7,0.7983,119,95,0,28,26,6,"long_axis_bearing_deg = bearing of the item's LONG side in world, counter-clockwise from +X, in [0,180). Place by this, not by yaw. yaw_deg is the MuJoCo local-frame rotation and its meaning differs between bricks (long side on local X) and blocks (long side on local Y).","every bar uses the wall_10/wall_11 ArUco mounting; wall_9 is excluded (tag rotated 90 deg, 19.0 cm not 19.5)"
easy_050,easy,1push,brick,wall_10,39.2,30.0,179.6,19.5,5.5,10.0,2,31.2,11.8,0.0,20.2,64.4,0.3099,71,22,41,15,15,30,"long_axis_bearing_deg = bearing of the item's LONG side in world, counter-clockwise from +X, in [0,180). Place by this, not by yaw. yaw_deg is the MuJoCo local-frame rotation and its meaning differs between bricks (long side on local X) and blocks (long side on local Y).","every bar uses the wall_10/wall_11 ArUco mounting; wall_9 is excluded (tag rotated 90 deg, 19.0 cm not 19.5)"
easy_050,easy,1push,brick,wall_11,14.0,38.5,73.6,19.5,5.5,10.0,2,31.2,11.8,0.0,20.2,64.4,0.3099,71,22,41,15,15,30,"long_axis_bearing_deg = bearing of the item's LONG side in world, counter-clockwise from +X, in [0,180). Place by this, not by yaw. yaw_deg is the MuJoCo local-frame rotation and its meaning differs between bricks (long side on local X) and blocks (long side on local Y).","every bar uses the wall_10/wall_11 ArUco mounting; wall_9 is excluded (tag rotated 90 deg, 19.0 cm not 19.5)"
easy_050,easy,1push,block,obj_1,23.5,33.6,82.7,15.0,7.0,4.0,2,31.2,11.8,0.0,20.2,64.4,0.3099,71,22,41,15,15,30,"long_axis_bearing_deg = bearing of the item's LONG side in world, counter-clockwise from +X, in [0,180). Place by this, not by yaw. yaw_deg is the MuJoCo local-frame rotation and its meaning differs between bricks (long side on local X) and blocks (long side on local Y).","every bar uses the wall_10/wall_11 ArUco mounting; wall_9 is excluded (tag rotated 90 deg, 19.0 cm not 19.5)"
easy_051,easy,1push,brick,wall_10,10.0,37.0,172.0,19.5,5.5,10.0,2,29.7,25.6,0.0,33.5,66.8,0.3077,65,20,32,15,12,33,"long_axis_bearing_deg = bearing of the item's LONG side in world, counter-clockwise from +X, in [0,180). Place by this, not by yaw. yaw_deg is the MuJoCo local-frame rotation and its meaning differs between bricks (long side on local X) and blocks (long side on local Y).","every bar uses the wall_10/wall_11 ArUco mounting; wall_9 is excluded (tag rotated 90 deg, 19.0 cm not 19.5)"
easy_051,easy,1push,brick,wall_11,34.3,46.0,109.1,19.5,5.5,10.0,2,29.7,25.6,0.0,33.5,66.8,0.3077,65,20,32,15,12,33,"long_axis_bearing_deg = bearing of the item's LONG side in world, counter-clockwise from +X, in [0,180). Place by this, not by yaw. yaw_deg is the MuJoCo local-frame rotation and its meaning differs between bricks (long side on local X) and blocks (long side on local Y).","every bar uses the wall_10/wall_11 ArUco mounting; wall_9 is excluded (tag rotated 90 deg, 19.0 cm not 19.5)"
easy_051,easy,1push,block,obj_4,27.7,37.0,109.0,12.0,7.5,5.0,2,29.7,25.6,0.0,33.5,66.8,0.3077,65,20,32,15,12,33,"long_axis_bearing_deg = bearing of the item's LONG side in world, counter-clockwise from +X, in [0,180). Place by this, not by yaw. yaw_deg is the MuJoCo local-frame rotation and its meaning differs between bricks (long side on local X) and blocks (long side on local Y).","every bar uses the wall_10/wall_11 ArUco mounting; wall_9 is excluded (tag rotated 90 deg, 19.0 cm not 19.5)"
easy_052,easy,1push,brick,wall_10,10.1,44.9,171.2,19.5,5.5,10.0,3,31.2,13.1,0.0,22.1,69.3,0.381,21,8,12,5,13,42,"long_axis_bearing_deg = bearing of the item's LONG side in world, counter-clockwise from +X, in [0,180). Place by this, not by yaw. yaw_deg is the MuJoCo local-frame rotation and its meaning differs between bricks (long side on local X) and blocks (long side on local Y).","every bar uses the wall_10/wall_11 ArUco mounting; wall_9 is excluded (tag rotated 90 deg, 19.0 cm not 19.5)"
easy_052,easy,1push,brick,wall_11,35.8,54.7,92.3,19.5,5.5,10.0,3,31.2,13.1,0.0,22.1,69.3,0.381,21,8,12,5,13,42,"long_axis_bearing_deg = bearing of the item's LONG side in world, counter-clockwise from +X, in [0,180). Place by this, not by yaw. yaw_deg is the MuJoCo local-frame rotation and its meaning differs between bricks (long side on local X) and blocks (long side on local Y).","every bar uses the wall_10/wall_11 ArUco mounting; wall_9 is excluded (tag rotated 90 deg, 19.0 cm not 19.5)"
easy_052,easy,1push,brick,wall_12,35.8,33.4,76.0,19.5,5.5,10.0,3,31.2,13.1,0.0,22.1,69.3,0.381,21,8,12,5,13,42,"long_axis_bearing_deg = bearing of the item's LONG side in world, counter-clockwise from +X, in [0,180). Place by this, not by yaw. yaw_deg is the MuJoCo local-frame rotation and its meaning differs between bricks (long side on local X) and blocks (long side on local Y).","every bar uses the wall_10/wall_11 ArUco mounting; wall_9 is excluded (tag rotated 90 deg, 19.0 cm not 19.5)"
easy_052,easy,1push,block,obj_1,29.0,46.4,96.7,15.0,7.0,4.0,3,31.2,13.1,0.0,22.1,69.3,0.381,21,8,12,5,13,42,"long_axis_bearing_deg = bearing of the item's LONG side in world, counter-clockwise from +X, in [0,180). Place by this, not by yaw. yaw_deg is the MuJoCo local-frame rotation and its meaning differs between bricks (long side on local X) and blocks (long side on local Y).","every bar uses the wall_10/wall_11 ArUco mounting; wall_9 is excluded (tag rotated 90 deg, 19.0 cm not 19.5)"
easy_053,easy,1push,brick,wall_10,9.9,30.9,176.1,19.5,5.5,10.0,3,17.0,14.9,0.0,21.2,68.9,0.3889,18,7,0,5,11,44,"long_axis_bearing_deg = bearing of the item's LONG side in world, counter-clockwise from +X, in [0,180). Place by this, not by yaw. yaw_deg is the MuJoCo local-frame rotation and its meaning differs between bricks (long side on local X) and blocks (long side on local Y).","every bar uses the wall_10/wall_11 ArUco mounting; wall_9 is excluded (tag rotated 90 deg, 19.0 cm not 19.5)"
easy_053,easy,1push,brick,wall_11,35.3,40.0,102.8,19.5,5.5,10.0,3,17.0,14.9,0.0,21.2,68.9,0.3889,18,7,0,5,11,44,"long_axis_bearing_deg = bearing of the item's LONG side in world, counter-clockwise from +X, in [0,180). Place by this, not by yaw. yaw_deg is the MuJoCo local-frame rotation and its meaning differs between bricks (long side on local X) and blocks (long side on local Y).","every bar uses the wall_10/wall_11 ArUco mounting; wall_9 is excluded (tag rotated 90 deg, 19.0 cm not 19.5)"
easy_053,easy,1push,brick,wall_12,35.3,18.7,94.9,19.5,5.5,10.0,3,17.0,14.9,0.0,21.2,68.9,0.3889,18,7,0,5,11,44,"long_axis_bearing_deg = bearing of the item's LONG side in world, counter-clockwise from +X, in [0,180). Place by this, not by yaw. yaw_deg is the MuJoCo local-frame rotation and its meaning differs between bricks (long side on local X) and blocks (long side on local Y).","every bar uses the wall_10/wall_11 ArUco mounting; wall_9 is excluded (tag rotated 90 deg, 19.0 cm not 19.5)"
easy_053,easy,1push,block,obj_4,27.0,34.3,15.0,12.0,7.5,5.0,3,17.0,14.9,0.0,21.2,68.9,0.3889,18,7,0,5,11,44,"long_axis_bearing_deg = bearing of the item's LONG side in world, counter-clockwise from +X, in [0,180). Place by this, not by yaw. yaw_deg is the MuJoCo local-frame rotation and its meaning differs between bricks (long side on local X) and blocks (long side on local Y).","every bar uses the wall_10/wall_11 ArUco mounting; wall_9 is excluded (tag rotated 90 deg, 19.0 cm not 19.5)"
easy_054,easy,1push,brick,wall_10,10.0,41.9,172.3,19.5,5.5,10.0,1,28.5,12.5,0.0,22.0,68.9,0.6111,108,66,0,24,15,21,"long_axis_bearing_deg = bearing of the item's LONG side in world, counter-clockwise from +X, in [0,180). Place by this, not by yaw. yaw_deg is the MuJoCo local-frame rotation and its meaning differs between bricks (long side on local X) and blocks (long side on local Y).","every bar uses the wall_10/wall_11 ArUco mounting; wall_9 is excluded (tag rotated 90 deg, 19.0 cm not 19.5)"
easy_054,easy,1push,block,obj_1,35.3,40.1,14.6,15.0,7.0,4.0,1,28.5,12.5,0.0,22.0,68.9,0.6111,108,66,0,24,15,21,"long_axis_bearing_deg = bearing of the item's LONG side in world, counter-clockwise from +X, in [0,180). Place by this, not by yaw. yaw_deg is the MuJoCo local-frame rotation and its meaning differs between bricks (long side on local X) and blocks (long side on local Y).","every bar uses the wall_10/wall_11 ArUco mounting; wall_9 is excluded (tag rotated 90 deg, 19.0 cm not 19.5)"
easy_055,easy,1push,brick,wall_10,38.9,31.4,170.8,19.5,5.5,10.0,1,37.6,11.3,0.0,23.8,46.5,0.8056,108,87,0,25,24,11,"long_axis_bearing_deg = bearing of the item's LONG side in world, counter-clockwise from +X, in [0,180). Place by this, not by yaw. yaw_deg is the MuJoCo local-frame rotation and its meaning differs between bricks (long side on local X) and blocks (long side on local Y).","every bar uses the wall_10/wall_11 ArUco mounting; wall_9 is excluded (tag rotated 90 deg, 19.0 cm not 19.5)"
easy_055,easy,1push,block,obj_4,14.4,27.7,15.7,12.0,7.5,5.0,1,37.6,11.3,0.0,23.8,46.5,0.8056,108,87,0,25,24,11,"long_axis_bearing_deg = bearing of the item's LONG side in world, counter-clockwise from +X, in [0,180). Place by this, not by yaw. yaw_deg is the MuJoCo local-frame rotation and its meaning differs between bricks (long side on local X) and blocks (long side on local Y).","every bar uses the wall_10/wall_11 ArUco mounting; wall_9 is excluded (tag rotated 90 deg, 19.0 cm not 19.5)"
easy_056,easy,1push,brick,wall_10,9.9,30.8,175.1,19.5,5.5,10.0,2,15.7,8.5,0.0,16.9,55.3,0.3099,71,22,29,15,14,31,"long_axis_bearing_deg = bearing of the item's LONG side in world, counter-clockwise from +X, in [0,180). Place by this, not by yaw. yaw_deg is the MuJoCo local-frame rotation and its meaning differs between bricks (long side on local X) and blocks (long side on local Y).","every bar uses the wall_10/wall_11 ArUco mounting; wall_9 is excluded (tag rotated 90 deg, 19.0 cm not 19.5)"
easy_056,easy,1push,brick,wall_11,35.3,37.8,107.4,19.5,5.5,10.0,2,15.7,8.5,0.0,16.9,55.3,0.3099,71,22,29,15,14,31,"long_axis_bearing_deg = bearing of the item's LONG side in world, counter-clockwise from +X, in [0,180). Place by this, not by yaw. yaw_deg is the MuJoCo local-frame rotation and its meaning differs between bricks (long side on local X) and blocks (long side on local Y).","every bar uses the wall_10/wall_11 ArUco mounting; wall_9 is excluded (tag rotated 90 deg, 19.0 cm not 19.5)"
easy_056,easy,1push,block,obj_1,26.6,32.4,105.3,15.0,7.0,4.0,2,15.7,8.5,0.0,16.9,55.3,0.3099,71,22,29,15,14,31,"long_axis_bearing_deg = bearing of the item's LONG side in world, counter-clockwise from +X, in [0,180). Place by this, not by yaw. yaw_deg is the MuJoCo local-frame rotation and its meaning differs between bricks (long side on local X) and blocks (long side on local Y).","every bar uses the wall_10/wall_11 ArUco mounting; wall_9 is excluded (tag rotated 90 deg, 19.0 cm not 19.5)"
easy_057,easy,1push,brick,wall_10,39.0,41.8,5.1,19.5,5.5,10.0,2,20.7,28.8,0.0,38.5,68.4,0.3088,68,21,32,16,15,29,"long_axis_bearing_deg = bearing of the item's LONG side in world, counter-clockwise from +X, in [0,180). Place by this, not by yaw. yaw_deg is the MuJoCo local-frame rotation and its meaning differs between bricks (long side on local X) and blocks (long side on local Y).","every bar uses the wall_10/wall_11 ArUco mounting; wall_9 is excluded (tag rotated 90 deg, 19.0 cm not 19.5)"
easy_057,easy,1push,brick,wall_11,13.4,52.4,74.3,19.5,5.5,10.0,2,20.7,28.8,0.0,38.5,68.4,0.3088,68,21,32,16,15,29,"long_axis_bearing_deg = bearing of the item's LONG side in world, counter-clockwise from +X, in [0,180). Place by this, not by yaw. yaw_deg is the MuJoCo local-frame rotation and its meaning differs between bricks (long side on local X) and blocks (long side on local Y).","every bar uses the wall_10/wall_11 ArUco mounting; wall_9 is excluded (tag rotated 90 deg, 19.0 cm not 19.5)"
easy_057,easy,1push,block,obj_4,22.4,42.2,75.4,12.0,7.5,5.0,2,20.7,28.8,0.0,38.5,68.4,0.3088,68,21,32,16,15,29,"long_axis_bearing_deg = bearing of the item's LONG side in world, counter-clockwise from +X, in [0,180). Place by this, not by yaw. yaw_deg is the MuJoCo local-frame rotation and its meaning differs between bricks (long side on local X) and blocks (long side on local Y).","every bar uses the wall_10/wall_11 ArUco mounting; wall_9 is excluded (tag rotated 90 deg, 19.0 cm not 19.5)"
easy_058,easy,1push,brick,wall_10,10.0,32.6,7.2,19.5,5.5,10.0,3,17.3,7.9,0.0,33.8,66.4,0.3913,46,18,27,10,13,37,"long_axis_bearing_deg = bearing of the item's LONG side in world, counter-clockwise from +X, in [0,180). Place by this, not by yaw. yaw_deg is the MuJoCo local-frame rotation and its meaning differs between bricks (long side on local X) and blocks (long side on local Y).","every bar uses the wall_10/wall_11 ArUco mounting; wall_9 is excluded (tag rotated 90 deg, 19.0 cm not 19.5)"
easy_058,easy,1push,brick,wall_11,35.9,43.4,85.0,19.5,5.5,10.0,3,17.3,7.9,0.0,33.8,66.4,0.3913,46,18,27,10,13,37,"long_axis_bearing_deg = bearing of the item's LONG side in world, counter-clockwise from +X, in [0,180). Place by this, not by yaw. yaw_deg is the MuJoCo local-frame rotation and its meaning differs between bricks (long side on local X) and blocks (long side on local Y).","every bar uses the wall_10/wall_11 ArUco mounting; wall_9 is excluded (tag rotated 90 deg, 19.0 cm not 19.5)"
easy_058,easy,1push,brick,wall_12,35.9,22.9,74.5,19.5,5.5,10.0,3,17.3,7.9,0.0,33.8,66.4,0.3913,46,18,27,10,13,37,"long_axis_bearing_deg = bearing of the item's LONG side in world, counter-clockwise from +X, in [0,180). Place by this, not by yaw. yaw_deg is the MuJoCo local-frame rotation and its meaning differs between bricks (long side on local X) and blocks (long side on local Y).","every bar uses the wall_10/wall_11 ArUco mounting; wall_9 is excluded (tag rotated 90 deg, 19.0 cm not 19.5)"
easy_058,easy,1push,block,obj_1,28.2,35.7,88.9,15.0,7.0,4.0,3,17.3,7.9,0.0,33.8,66.4,0.3913,46,18,27,10,13,37,"long_axis_bearing_deg = bearing of the item's LONG side in world, counter-clockwise from +X, in [0,180). Place by this, not by yaw. yaw_deg is the MuJoCo local-frame rotation and its meaning differs between bricks (long side on local X) and blocks (long side on local Y).","every bar uses the wall_10/wall_11 ArUco mounting; wall_9 is excluded (tag rotated 90 deg, 19.0 cm not 19.5)"
easy_059,easy,1push,brick,wall_10,39.2,36.0,177.9,19.5,5.5,10.0,3,33.0,8.4,0.0,38.9,67.7,0.3902,41,16,24,9,14,37,"long_axis_bearing_deg = bearing of the item's LONG side in world, counter-clockwise from +X, in [0,180). Place by this, not by yaw. yaw_deg is the MuJoCo local-frame rotation and its meaning differs between bricks (long side on local X) and blocks (long side on local Y).","every bar uses the wall_10/wall_11 ArUco mounting; wall_9 is excluded (tag rotated 90 deg, 19.0 cm not 19.5)"
easy_059,easy,1push,brick,wall_11,13.3,49.0,76.2,19.5,5.5,10.0,3,33.0,8.4,0.0,38.9,67.7,0.3902,41,16,24,9,14,37,"long_axis_bearing_deg = bearing of the item's LONG side in world, counter-clockwise from +X, in [0,180). Place by this, not by yaw. yaw_deg is the MuJoCo local-frame rotation and its meaning differs between bricks (long side on local X) and blocks (long side on local Y).","every bar uses the wall_10/wall_11 ArUco mounting; wall_9 is excluded (tag rotated 90 deg, 19.0 cm not 19.5)"
easy_059,easy,1push,brick,wall_12,13.3,27.4,88.2,19.5,5.5,10.0,3,33.0,8.4,0.0,38.9,67.7,0.3902,41,16,24,9,14,37,"long_axis_bearing_deg = bearing of the item's LONG side in world, counter-clockwise from +X, in [0,180). Place by this, not by yaw. yaw_deg is the MuJoCo local-frame rotation and its meaning differs between bricks (long side on local X) and blocks (long side on local Y).","every bar uses the wall_10/wall_11 ArUco mounting; wall_9 is excluded (tag rotated 90 deg, 19.0 cm not 19.5)"
easy_059,easy,1push,block,obj_4,22.1,38.2,82.9,12.0,7.5,5.0,3,33.0,8.4,0.0,38.9,67.7,0.3902,41,16,24,9,14,37,"long_axis_bearing_deg = bearing of the item's LONG side in world, counter-clockwise from +X, in [0,180). Place by this, not by yaw. yaw_deg is the MuJoCo local-frame rotation and its meaning differs between bricks (long side on local X) and blocks (long side on local Y).","every bar uses the wall_10/wall_11 ArUco mounting; wall_9 is excluded (tag rotated 90 deg, 19.0 cm not 19.5)"
easy_060,easy,1push,brick,wall_10,39.1,40.4,4.2,19.5,5.5,10.0,1,15.7,10.9,0.0,41.5,64.2,0.6174,115,71,0,21,15,24,"long_axis_bearing_deg = bearing of the item's LONG side in world, counter-clockwise from +X, in [0,180). Place by this, not by yaw. yaw_deg is the MuJoCo local-frame rotation and its meaning differs between bricks (long side on local X) and blocks (long side on local Y).","every bar uses the wall_10/wall_11 ArUco mounting; wall_9 is excluded (tag rotated 90 deg, 19.0 cm not 19.5)"
easy_060,easy,1push,block,obj_1,13.9,38.2,168.2,15.0,7.0,4.0,1,15.7,10.9,0.0,41.5,64.2,0.6174,115,71,0,21,15,24,"long_axis_bearing_deg = bearing of the item's LONG side in world, counter-clockwise from +X, in [0,180). Place by this, not by yaw. yaw_deg is the MuJoCo local-frame rotation and its meaning differs between bricks (long side on local X) and blocks (long side on local Y).","every bar uses the wall_10/wall_11 ArUco mounting; wall_9 is excluded (tag rotated 90 deg, 19.0 cm not 19.5)"
easy_061,easy,1push,brick,wall_10,39.0,47.6,174.5,19.5,5.5,10.0,1,23.7,17.6,0.0,21.3,71.1,0.8056,108,87,0,26,25,9,"long_axis_bearing_deg = bearing of the item's LONG side in world, counter-clockwise from +X, in [0,180). Place by this, not by yaw. yaw_deg is the MuJoCo local-frame rotation and its meaning differs between bricks (long side on local X) and blocks (long side on local Y).","every bar uses the wall_10/wall_11 ArUco mounting; wall_9 is excluded (tag rotated 90 deg, 19.0 cm not 19.5)"
easy_061,easy,1push,block,obj_4,14.6,44.5,16.9,12.0,7.5,5.0,1,23.7,17.6,0.0,21.3,71.1,0.8056,108,87,0,26,25,9,"long_axis_bearing_deg = bearing of the item's LONG side in world, counter-clockwise from +X, in [0,180). Place by this, not by yaw. yaw_deg is the MuJoCo local-frame rotation and its meaning differs between bricks (long side on local X) and blocks (long side on local Y).","every bar uses the wall_10/wall_11 ArUco mounting; wall_9 is excluded (tag rotated 90 deg, 19.0 cm not 19.5)"
easy_062,easy,1push,brick,wall_10,39.0,43.5,7.5,19.5,5.5,10.0,2,31.1,27.6,0.0,39.0,62.0,0.3103,58,18,28,16,13,31,"long_axis_bearing_deg = bearing of the item's LONG side in world, counter-clockwise from +X, in [0,180). Place by this, not by yaw. yaw_deg is the MuJoCo local-frame rotation and its meaning differs between bricks (long side on local X) and blocks (long side on local Y).","every bar uses the wall_10/wall_11 ArUco mounting; wall_9 is excluded (tag rotated 90 deg, 19.0 cm not 19.5)"
easy_062,easy,1push,brick,wall_11,13.5,53.6,73.6,19.5,5.5,10.0,2,31.1,27.6,0.0,39.0,62.0,0.3103,58,18,28,16,13,31,"long_axis_bearing_deg = bearing of the item's LONG side in world, counter-clockwise from +X, in [0,180). Place by this, not by yaw. yaw_deg is the MuJoCo local-frame rotation and its meaning differs between bricks (long side on local X) and blocks (long side on local Y).","every bar uses the wall_10/wall_11 ArUco mounting; wall_9 is excluded (tag rotated 90 deg, 19.0 cm not 19.5)"
easy_062,easy,1push,block,obj_1,19.7,47.9,73.2,15.0,7.0,4.0,2,31.1,27.6,0.0,39.0,62.0,0.3103,58,18,28,16,13,31,"long_axis_bearing_deg = bearing of the item's LONG side in world, counter-clockwise from +X, in [0,180). Place by this, not by yaw. yaw_deg is the MuJoCo local-frame rotation and its meaning differs between bricks (long side on local X) and blocks (long side on local Y).","every bar uses the wall_10/wall_11 ArUco mounting; wall_9 is excluded (tag rotated 90 deg, 19.0 cm not 19.5)"
easy_063,easy,1push,brick,wall_10,39.0,40.3,171.6,19.5,5.5,10.0,2,40.4,21.4,0.0,29.3,68.7,0.3115,61,19,25,12,12,36,"long_axis_bearing_deg = bearing of the item's LONG side in world, counter-clockwise from +X, in [0,180). Place by this, not by yaw. yaw_deg is the MuJoCo local-frame rotation and its meaning differs between bricks (long side on local X) and blocks (long side on local Y).","every bar uses the wall_10/wall_11 ArUco mounting; wall_9 is excluded (tag rotated 90 deg, 19.0 cm not 19.5)"
easy_063,easy,1push,brick,wall_11,14.3,49.3,71.6,19.5,5.5,10.0,2,40.4,21.4,0.0,29.3,68.7,0.3115,61,19,25,12,12,36,"long_axis_bearing_deg = bearing of the item's LONG side in world, counter-clockwise from +X, in [0,180). Place by this, not by yaw. yaw_deg is the MuJoCo local-frame rotation and its meaning differs between bricks (long side on local X) and blocks (long side on local Y).","every bar uses the wall_10/wall_11 ArUco mounting; wall_9 is excluded (tag rotated 90 deg, 19.0 cm not 19.5)"
easy_063,easy,1push,block,obj_4,21.4,43.5,68.7,12.0,7.5,5.0,2,40.4,21.4,0.0,29.3,68.7,0.3115,61,19,25,12,12,36,"long_axis_bearing_deg = bearing of the item's LONG side in world, counter-clockwise from +X, in [0,180). Place by this, not by yaw. yaw_deg is the MuJoCo local-frame rotation and its meaning differs between bricks (long side on local X) and blocks (long side on local Y).","every bar uses the wall_10/wall_11 ArUco mounting; wall_9 is excluded (tag rotated 90 deg, 19.0 cm not 19.5)"
easy_064,easy,1push,brick,wall_10,39.0,47.6,174.4,19.5,5.5,10.0,3,12.2,8.2,0.0,32.6,64.3,0.4,40,16,24,8,15,37,"long_axis_bearing_deg = bearing of the item's LONG side in world, counter-clockwise from +X, in [0,180). Place by this, not by yaw. yaw_deg is the MuJoCo local-frame rotation and its meaning differs between bricks (long side on local X) and blocks (long side on local Y).","every bar uses the wall_10/wall_11 ArUco mounting; wall_9 is excluded (tag rotated 90 deg, 19.0 cm not 19.5)"
easy_064,easy,1push,brick,wall_11,13.8,58.6,74.8,19.5,5.5,10.0,3,12.2,8.2,0.0,32.6,64.3,0.4,40,16,24,8,15,37,"long_axis_bearing_deg = bearing of the item's LONG side in world, counter-clockwise from +X, in [0,180). Place by this, not by yaw. yaw_deg is the MuJoCo local-frame rotation and its meaning differs between bricks (long side on local X) and blocks (long side on local Y).","every bar uses the wall_10/wall_11 ArUco mounting; wall_9 is excluded (tag rotated 90 deg, 19.0 cm not 19.5)"
easy_064,easy,1push,brick,wall_12,13.8,36.5,89.0,19.5,5.5,10.0,3,12.2,8.2,0.0,32.6,64.3,0.4,40,16,24,8,15,37,"long_axis_bearing_deg = bearing of the item's LONG side in world, counter-clockwise from +X, in [0,180). Place by this, not by yaw. yaw_deg is the MuJoCo local-frame rotation and its meaning differs between bricks (long side on local X) and blocks (long side on local Y).","every bar uses the wall_10/wall_11 ArUco mounting; wall_9 is excluded (tag rotated 90 deg, 19.0 cm not 19.5)"
easy_064,easy,1push,block,obj_1,22.6,52.6,81.6,15.0,7.0,4.0,3,12.2,8.2,0.0,32.6,64.3,0.4,40,16,24,8,15,37,"long_axis_bearing_deg = bearing of the item's LONG side in world, counter-clockwise from +X, in [0,180). Place by this, not by yaw. yaw_deg is the MuJoCo local-frame rotation and its meaning differs between bricks (long side on local X) and blocks (long side on local Y).","every bar uses the wall_10/wall_11 ArUco mounting; wall_9 is excluded (tag rotated 90 deg, 19.0 cm not 19.5)"
easy_065,easy,1push,brick,wall_10,10.1,34.1,170.3,19.5,5.5,10.0,3,12.1,16.7,0.0,19.7,49.0,0.4048,42,17,7,9,15,36,"long_axis_bearing_deg = bearing of the item's LONG side in world, counter-clockwise from +X, in [0,180). Place by this, not by yaw. yaw_deg is the MuJoCo local-frame rotation and its meaning differs between bricks (long side on local X) and blocks (long side on local Y).","every bar uses the wall_10/wall_11 ArUco mounting; wall_9 is excluded (tag rotated 90 deg, 19.0 cm not 19.5)"
easy_065,easy,1push,brick,wall_11,35.2,45.6,105.0,19.5,5.5,10.0,3,12.1,16.7,0.0,19.7,49.0,0.4048,42,17,7,9,15,36,"long_axis_bearing_deg = bearing of the item's LONG side in world, counter-clockwise from +X, in [0,180). Place by this, not by yaw. yaw_deg is the MuJoCo local-frame rotation and its meaning differs between bricks (long side on local X) and blocks (long side on local Y).","every bar uses the wall_10/wall_11 ArUco mounting; wall_9 is excluded (tag rotated 90 deg, 19.0 cm not 19.5)"
easy_065,easy,1push,brick,wall_12,35.2,21.3,88.4,19.5,5.5,10.0,3,12.1,16.7,0.0,19.7,49.0,0.4048,42,17,7,9,15,36,"long_axis_bearing_deg = bearing of the item's LONG side in world, counter-clockwise from +X, in [0,180). Place by this, not by yaw. yaw_deg is the MuJoCo local-frame rotation and its meaning differs between bricks (long side on local X) and blocks (long side on local Y).","every bar uses the wall_10/wall_11 ArUco mounting; wall_9 is excluded (tag rotated 90 deg, 19.0 cm not 19.5)"
easy_065,easy,1push,block,obj_4,25.6,37.6,81.2,12.0,7.5,5.0,3,12.1,16.7,0.0,19.7,49.0,0.4048,42,17,7,9,15,36,"long_axis_bearing_deg = bearing of the item's LONG side in world, counter-clockwise from +X, in [0,180). Place by this, not by yaw. yaw_deg is the MuJoCo local-frame rotation and its meaning differs between bricks (long side on local X) and blocks (long side on local Y).","every bar uses the wall_10/wall_11 ArUco mounting; wall_9 is excluded (tag rotated 90 deg, 19.0 cm not 19.5)"
easy_066,easy,1push,brick,wall_10,9.9,43.1,176.0,19.5,5.5,10.0,1,39.1,26.7,0.0,15.9,59.3,0.6267,75,47,0,15,17,28,"long_axis_bearing_deg = bearing of the item's LONG side in world, counter-clockwise from +X, in [0,180). Place by this, not by yaw. yaw_deg is the MuJoCo local-frame rotation and its meaning differs between bricks (long side on local X) and blocks (long side on local Y).","every bar uses the wall_10/wall_11 ArUco mounting; wall_9 is excluded (tag rotated 90 deg, 19.0 cm not 19.5)"
easy_066,easy,1push,block,obj_1,35.2,46.0,177.8,15.0,7.0,4.0,1,39.1,26.7,0.0,15.9,59.3,0.6267,75,47,0,15,17,28,"long_axis_bearing_deg = bearing of the item's LONG side in world, counter-clockwise from +X, in [0,180). Place by this, not by yaw. yaw_deg is the MuJoCo local-frame rotation and its meaning differs between bricks (long side on local X) and blocks (long side on local Y).","every bar uses the wall_10/wall_11 ArUco mounting; wall_9 is excluded (tag rotated 90 deg, 19.0 cm not 19.5)"
easy_067,easy,1push,brick,wall_10,39.0,44.3,5.3,19.5,5.5,10.0,1,27.0,24.9,0.0,32.7,65.4,0.8077,130,105,0,30,22,8,"long_axis_bearing_deg = bearing of the item's LONG side in world, counter-clockwise from +X, in [0,180). Place by this, not by yaw. yaw_deg is the MuJoCo local-frame rotation and its meaning differs between bricks (long side on local X) and blocks (long side on local Y).","every bar uses the wall_10/wall_11 ArUco mounting; wall_9 is excluded (tag rotated 90 deg, 19.0 cm not 19.5)"
easy_067,easy,1push,block,obj_4,15.2,44.2,21.3,12.0,7.5,5.0,1,27.0,24.9,0.0,32.7,65.4,0.8077,130,105,0,30,22,8,"long_axis_bearing_deg = bearing of the item's LONG side in world, counter-clockwise from +X, in [0,180). Place by this, not by yaw. yaw_deg is the MuJoCo local-frame rotation and its meaning differs between bricks (long side on local X) and blocks (long side on local Y).","every bar uses the wall_10/wall_11 ArUco mounting; wall_9 is excluded (tag rotated 90 deg, 19.0 cm not 19.5)"
easy_068,easy,1push,brick,wall_10,10.1,46.1,169.9,19.5,5.5,10.0,2,18.2,30.4,0.0,24.2,70.1,0.3111,45,14,23,15,19,26,"long_axis_bearing_deg = bearing of the item's LONG side in world, counter-clockwise from +X, in [0,180). Place by this, not by yaw. yaw_deg is the MuJoCo local-frame rotation and its meaning differs between bricks (long side on local X) and blocks (long side on local Y).","every bar uses the wall_10/wall_11 ArUco mounting; wall_9 is excluded (tag rotated 90 deg, 19.0 cm not 19.5)"
easy_068,easy,1push,brick,wall_11,35.3,53.7,107.4,19.5,5.5,10.0,2,18.2,30.4,0.0,24.2,70.1,0.3111,45,14,23,15,19,26,"long_axis_bearing_deg = bearing of the item's LONG side in world, counter-clockwise from +X, in [0,180). Place by this, not by yaw. yaw_deg is the MuJoCo local-frame rotation and its meaning differs between bricks (long side on local X) and blocks (long side on local Y).","every bar uses the wall_10/wall_11 ArUco mounting; wall_9 is excluded (tag rotated 90 deg, 19.0 cm not 19.5)"
easy_068,easy,1push,block,obj_1,23.3,50.6,105.8,15.0,7.0,4.0,2,18.2,30.4,0.0,24.2,70.1,0.3111,45,14,23,15,19,26,"long_axis_bearing_deg = bearing of the item's LONG side in world, counter-clockwise from +X, in [0,180). Place by this, not by yaw. yaw_deg is the MuJoCo local-frame rotation and its meaning differs between bricks (long side on local X) and blocks (long side on local Y).","every bar uses the wall_10/wall_11 ArUco mounting; wall_9 is excluded (tag rotated 90 deg, 19.0 cm not 19.5)"
easy_069,easy,1push,brick,wall_10,39.0,34.9,6.6,19.5,5.5,10.0,2,36.6,11.7,0.0,24.4,48.4,0.3125,64,20,38,15,14,31,"long_axis_bearing_deg = bearing of the item's LONG side in world, counter-clockwise from +X, in [0,180). Place by this, not by yaw. yaw_deg is the MuJoCo local-frame rotation and its meaning differs between bricks (long side on local X) and blocks (long side on local Y).","every bar uses the wall_10/wall_11 ArUco mounting; wall_9 is excluded (tag rotated 90 deg, 19.0 cm not 19.5)"
easy_069,easy,1push,brick,wall_11,13.1,43.3,79.7,19.5,5.5,10.0,2,36.6,11.7,0.0,24.4,48.4,0.3125,64,20,38,15,14,31,"long_axis_bearing_deg = bearing of the item's LONG side in world, counter-clockwise from +X, in [0,180). Place by this, not by yaw. yaw_deg is the MuJoCo local-frame rotation and its meaning differs between bricks (long side on local X) and blocks (long side on local Y).","every bar uses the wall_10/wall_11 ArUco mounting; wall_9 is excluded (tag rotated 90 deg, 19.0 cm not 19.5)"
easy_069,easy,1push,block,obj_4,23.2,36.1,91.0,12.0,7.5,5.0,2,36.6,11.7,0.0,24.4,48.4,0.3125,64,20,38,15,14,31,"long_axis_bearing_deg = bearing of the item's LONG side in world, counter-clockwise from +X, in [0,180). Place by this, not by yaw. yaw_deg is the MuJoCo local-frame rotation and its meaning differs between bricks (long side on local X) and blocks (long side on local Y).","every bar uses the wall_10/wall_11 ArUco mounting; wall_9 is excluded (tag rotated 90 deg, 19.0 cm not 19.5)"
easy_070,easy,1push,brick,wall_10,10.1,44.8,170.0,19.5,5.5,10.0,3,22.2,32.4,0.0,12.2,62.6,0.4182,55,23,0,11,14,35,"long_axis_bearing_deg = bearing of the item's LONG side in world, counter-clockwise from +X, in [0,180). Place by this, not by yaw. yaw_deg is the MuJoCo local-frame rotation and its meaning differs between bricks (long side on local X) and blocks (long side on local Y).","every bar uses the wall_10/wall_11 ArUco mounting; wall_9 is excluded (tag rotated 90 deg, 19.0 cm not 19.5)"
easy_070,easy,1push,brick,wall_11,35.3,57.0,93.9,19.5,5.5,10.0,3,22.2,32.4,0.0,12.2,62.6,0.4182,55,23,0,11,14,35,"long_axis_bearing_deg = bearing of the item's LONG side in world, counter-clockwise from +X, in [0,180). Place by this, not by yaw. yaw_deg is the MuJoCo local-frame rotation and its meaning differs between bricks (long side on local X) and blocks (long side on local Y).","every bar uses the wall_10/wall_11 ArUco mounting; wall_9 is excluded (tag rotated 90 deg, 19.0 cm not 19.5)"
easy_070,easy,1push,brick,wall_12,35.3,32.1,75.3,19.5,5.5,10.0,3,22.2,32.4,0.0,12.2,62.6,0.4182,55,23,0,11,14,35,"long_axis_bearing_deg = bearing of the item's LONG side in world, counter-clockwise from +X, in [0,180). Place by this, not by yaw. yaw_deg is the MuJoCo local-frame rotation and its meaning differs between bricks (long side on local X) and blocks (long side on local Y).","every bar uses the wall_10/wall_11 ArUco mounting; wall_9 is excluded (tag rotated 90 deg, 19.0 cm not 19.5)"
easy_070,easy,1push,block,obj_1,27.4,47.5,88.2,15.0,7.0,4.0,3,22.2,32.4,0.0,12.2,62.6,0.4182,55,23,0,11,14,35,"long_axis_bearing_deg = bearing of the item's LONG side in world, counter-clockwise from +X, in [0,180). Place by this, not by yaw. yaw_deg is the MuJoCo local-frame rotation and its meaning differs between bricks (long side on local X) and blocks (long side on local Y).","every bar uses the wall_10/wall_11 ArUco mounting; wall_9 is excluded (tag rotated 90 deg, 19.0 cm not 19.5)"
easy_071,easy,1push,brick,wall_10,38.9,44.5,10.5,19.5,5.5,10.0,3,29.5,31.4,0.0,20.4,69.6,0.4444,36,16,14,10,18,32,"long_axis_bearing_deg = bearing of the item's LONG side in world, counter-clockwise from +X, in [0,180). Place by this, not by yaw. yaw_deg is the MuJoCo local-frame rotation and its meaning differs between bricks (long side on local X) and blocks (long side on local Y).","every bar uses the wall_10/wall_11 ArUco mounting; wall_9 is excluded (tag rotated 90 deg, 19.0 cm not 19.5)"
easy_071,easy,1push,brick,wall_11,12.9,53.8,99.2,19.5,5.5,10.0,3,29.5,31.4,0.0,20.4,69.6,0.4444,36,16,14,10,18,32,"long_axis_bearing_deg = bearing of the item's LONG side in world, counter-clockwise from +X, in [0,180). Place by this, not by yaw. yaw_deg is the MuJoCo local-frame rotation and its meaning differs between bricks (long side on local X) and blocks (long side on local Y).","every bar uses the wall_10/wall_11 ArUco mounting; wall_9 is excluded (tag rotated 90 deg, 19.0 cm not 19.5)"
easy_071,easy,1push,brick,wall_12,12.9,31.8,90.4,19.5,5.5,10.0,3,29.5,31.4,0.0,20.4,69.6,0.4444,36,16,14,10,18,32,"long_axis_bearing_deg = bearing of the item's LONG side in world, counter-clockwise from +X, in [0,180). Place by this, not by yaw. yaw_deg is the MuJoCo local-frame rotation and its meaning differs between bricks (long side on local X) and blocks (long side on local Y).","every bar uses the wall_10/wall_11 ArUco mounting; wall_9 is excluded (tag rotated 90 deg, 19.0 cm not 19.5)"
easy_071,easy,1push,block,obj_4,22.5,48.8,102.5,12.0,7.5,5.0,3,29.5,31.4,0.0,20.4,69.6,0.4444,36,16,14,10,18,32,"long_axis_bearing_deg = bearing of the item's LONG side in world, counter-clockwise from +X, in [0,180). Place by this, not by yaw. yaw_deg is the MuJoCo local-frame rotation and its meaning differs between bricks (long side on local X) and blocks (long side on local Y).","every bar uses the wall_10/wall_11 ArUco mounting; wall_9 is excluded (tag rotated 90 deg, 19.0 cm not 19.5)"
easy_072,easy,1push,brick,wall_10,39.0,32.3,174.8,19.5,5.5,10.0,1,35.3,18.4,0.0,18.9,68.9,0.6339,112,71,0,28,19,13,"long_axis_bearing_deg = bearing of the item's LONG side in world, counter-clockwise from +X, in [0,180). Place by this, not by yaw. yaw_deg is the MuJoCo local-frame rotation and its meaning differs between bricks (long side on local X) and blocks (long side on local Y).","every bar uses the wall_10/wall_11 ArUco mounting; wall_9 is excluded (tag rotated 90 deg, 19.0 cm not 19.5)"
easy_072,easy,1push,block,obj_1,16.4,35.1,16.2,15.0,7.0,4.0,1,35.3,18.4,0.0,18.9,68.9,0.6339,112,71,0,28,19,13,"long_axis_bearing_deg = bearing of the item's LONG side in world, counter-clockwise from +X, in [0,180). Place by this, not by yaw. yaw_deg is the MuJoCo local-frame rotation and its meaning differs between bricks (long side on local X) and blocks (long side on local Y).","every bar uses the wall_10/wall_11 ArUco mounting; wall_9 is excluded (tag rotated 90 deg, 19.0 cm not 19.5)"
easy_073,easy,1push,brick,wall_10,38.9,37.0,168.0,19.5,5.5,10.0,1,26.8,8.4,0.0,11.5,67.5,0.8087,115,93,0,24,24,12,"long_axis_bearing_deg = bearing of the item's LONG side in world, counter-clockwise from +X, in [0,180). Place by this, not by yaw. yaw_deg is the MuJoCo local-frame rotation and its meaning differs between bricks (long side on local X) and blocks (long side on local Y).","every bar uses the wall_10/wall_11 ArUco mounting; wall_9 is excluded (tag rotated 90 deg, 19.0 cm not 19.5)"
easy_073,easy,1push,block,obj_4,14.5,35.5,11.5,12.0,7.5,5.0,1,26.8,8.4,0.0,11.5,67.5,0.8087,115,93,0,24,24,12,"long_axis_bearing_deg = bearing of the item's LONG side in world, counter-clockwise from +X, in [0,180). Place by this, not by yaw. yaw_deg is the MuJoCo local-frame rotation and its meaning differs between bricks (long side on local X) and blocks (long side on local Y).","every bar uses the wall_10/wall_11 ArUco mounting; wall_9 is excluded (tag rotated 90 deg, 19.0 cm not 19.5)"
easy_074,easy,1push,brick,wall_10,38.9,40.8,170.0,19.5,5.5,10.0,2,38.9,23.1,0.0,17.6,71.3,0.3125,48,15,24,15,18,27,"long_axis_bearing_deg = bearing of the item's LONG side in world, counter-clockwise from +X, in [0,180). Place by this, not by yaw. yaw_deg is the MuJoCo local-frame rotation and its meaning differs between bricks (long side on local X) and blocks (long side on local Y).","every bar uses the wall_10/wall_11 ArUco mounting; wall_9 is excluded (tag rotated 90 deg, 19.0 cm not 19.5)"
easy_074,easy,1push,brick,wall_11,13.7,50.0,76.1,19.5,5.5,10.0,2,38.9,23.1,0.0,17.6,71.3,0.3125,48,15,24,15,18,27,"long_axis_bearing_deg = bearing of the item's LONG side in world, counter-clockwise from +X, in [0,180). Place by this, not by yaw. yaw_deg is the MuJoCo local-frame rotation and its meaning differs between bricks (long side on local X) and blocks (long side on local Y).","every bar uses the wall_10/wall_11 ArUco mounting; wall_9 is excluded (tag rotated 90 deg, 19.0 cm not 19.5)"
easy_074,easy,1push,block,obj_1,25.5,45.1,82.8,15.0,7.0,4.0,2,38.9,23.1,0.0,17.6,71.3,0.3125,48,15,24,15,18,27,"long_axis_bearing_deg = bearing of the item's LONG side in world, counter-clockwise from +X, in [0,180). Place by this, not by yaw. yaw_deg is the MuJoCo local-frame rotation and its meaning differs between bricks (long side on local X) and blocks (long side on local Y).","every bar uses the wall_10/wall_11 ArUco mounting; wall_9 is excluded (tag rotated 90 deg, 19.0 cm not 19.5)"
easy_075,easy,1push,brick,wall_10,10.1,33.7,168.2,19.5,5.5,10.0,2,33.5,12.7,0.0,9.1,50.1,0.3125,64,20,34,15,9,36,"long_axis_bearing_deg = bearing of the item's LONG side in world, counter-clockwise from +X, in [0,180). Place by this, not by yaw. yaw_deg is the MuJoCo local-frame rotation and its meaning differs between bricks (long side on local X) and blocks (long side on local Y).","every bar uses the wall_10/wall_11 ArUco mounting; wall_9 is excluded (tag rotated 90 deg, 19.0 cm not 19.5)"
easy_075,easy,1push,brick,wall_11,35.6,40.9,104.3,19.5,5.5,10.0,2,33.5,12.7,0.0,9.1,50.1,0.3125,64,20,34,15,9,36,"long_axis_bearing_deg = bearing of the item's LONG side in world, counter-clockwise from +X, in [0,180). Place by this, not by yaw. yaw_deg is the MuJoCo local-frame rotation and its meaning differs between bricks (long side on local X) and blocks (long side on local Y).","every bar uses the wall_10/wall_11 ArUco mounting; wall_9 is excluded (tag rotated 90 deg, 19.0 cm not 19.5)"
easy_075,easy,1push,block,obj_4,29.2,32.3,101.2,12.0,7.5,5.0,2,33.5,12.7,0.0,9.1,50.1,0.3125,64,20,34,15,9,36,"long_axis_bearing_deg = bearing of the item's LONG side in world, counter-clockwise from +X, in [0,180). Place by this, not by yaw. yaw_deg is the MuJoCo local-frame rotation and its meaning differs between bricks (long side on local X) and blocks (long side on local Y).","every bar uses the wall_10/wall_11 ArUco mounting; wall_9 is excluded (tag rotated 90 deg, 19.0 cm not 19.5)"
easy_076,easy,1push,brick,wall_10,38.9,40.5,8.7,19.5,5.5,10.0,3,36.6,28.8,0.0,31.8,61.7,0.44,50,22,0,10,12,38,"long_axis_bearing_deg = bearing of the item's LONG side in world, counter-clockwise from +X, in [0,180). Place by this, not by yaw. yaw_deg is the MuJoCo local-frame rotation and its meaning differs between bricks (long side on local X) and blocks (long side on local Y).","every bar uses the wall_10/wall_11 ArUco mounting; wall_9 is excluded (tag rotated 90 deg, 19.0 cm not 19.5)"
easy_076,easy,1push,brick,wall_11,12.9,52.8,72.0,19.5,5.5,10.0,3,36.6,28.8,0.0,31.8,61.7,0.44,50,22,0,10,12,38,"long_axis_bearing_deg = bearing of the item's LONG side in world, counter-clockwise from +X, in [0,180). Place by this, not by yaw. yaw_deg is the MuJoCo local-frame rotation and its meaning differs between bricks (long side on local X) and blocks (long side on local Y).","every bar uses the wall_10/wall_11 ArUco mounting; wall_9 is excluded (tag rotated 90 deg, 19.0 cm not 19.5)"
easy_076,easy,1push,brick,wall_12,12.9,28.0,98.1,19.5,5.5,10.0,3,36.6,28.8,0.0,31.8,61.7,0.44,50,22,0,10,12,38,"long_axis_bearing_deg = bearing of the item's LONG side in world, counter-clockwise from +X, in [0,180). Place by this, not by yaw. yaw_deg is the MuJoCo local-frame rotation and its meaning differs between bricks (long side on local X) and blocks (long side on local Y).","every bar uses the wall_10/wall_11 ArUco mounting; wall_9 is excluded (tag rotated 90 deg, 19.0 cm not 19.5)"
easy_076,easy,1push,block,obj_1,20.6,44.9,89.2,15.0,7.0,4.0,3,36.6,28.8,0.0,31.8,61.7,0.44,50,22,0,10,12,38,"long_axis_bearing_deg = bearing of the item's LONG side in world, counter-clockwise from +X, in [0,180). Place by this, not by yaw. yaw_deg is the MuJoCo local-frame rotation and its meaning differs between bricks (long side on local X) and blocks (long side on local Y).","every bar uses the wall_10/wall_11 ArUco mounting; wall_9 is excluded (tag rotated 90 deg, 19.0 cm not 19.5)"
easy_077,easy,1push,brick,wall_10,39.0,40.6,5.9,19.5,5.5,10.0,3,7.3,6.4,0.0,6.3,62.7,0.45,20,9,0,4,12,44,"long_axis_bearing_deg = bearing of the item's LONG side in world, counter-clockwise from +X, in [0,180). Place by this, not by yaw. yaw_deg is the MuJoCo local-frame rotation and its meaning differs between bricks (long side on local X) and blocks (long side on local Y).","every bar uses the wall_10/wall_11 ArUco mounting; wall_9 is excluded (tag rotated 90 deg, 19.0 cm not 19.5)"
easy_077,easy,1push,brick,wall_11,13.7,51.7,75.0,19.5,5.5,10.0,3,7.3,6.4,0.0,6.3,62.7,0.45,20,9,0,4,12,44,"long_axis_bearing_deg = bearing of the item's LONG side in world, counter-clockwise from +X, in [0,180). Place by this, not by yaw. yaw_deg is the MuJoCo local-frame rotation and its meaning differs between bricks (long side on local X) and blocks (long side on local Y).","every bar uses the wall_10/wall_11 ArUco mounting; wall_9 is excluded (tag rotated 90 deg, 19.0 cm not 19.5)"
easy_077,easy,1push,brick,wall_12,13.7,28.5,86.8,19.5,5.5,10.0,3,7.3,6.4,0.0,6.3,62.7,0.45,20,9,0,4,12,44,"long_axis_bearing_deg = bearing of the item's LONG side in world, counter-clockwise from +X, in [0,180). Place by this, not by yaw. yaw_deg is the MuJoCo local-frame rotation and its meaning differs between bricks (long side on local X) and blocks (long side on local Y).","every bar uses the wall_10/wall_11 ArUco mounting; wall_9 is excluded (tag rotated 90 deg, 19.0 cm not 19.5)"
easy_077,easy,1push,block,obj_4,20.3,44.6,83.3,12.0,7.5,5.0,3,7.3,6.4,0.0,6.3,62.7,0.45,20,9,0,4,12,44,"long_axis_bearing_deg = bearing of the item's LONG side in world, counter-clockwise from +X, in [0,180). Place by this, not by yaw. yaw_deg is the MuJoCo local-frame rotation and its meaning differs between bricks (long side on local X) and blocks (long side on local Y).","every bar uses the wall_10/wall_11 ArUco mounting; wall_9 is excluded (tag rotated 90 deg, 19.0 cm not 19.5)"
easy_078,easy,1push,brick,wall_10,39.1,44.6,177.0,19.5,5.5,10.0,1,21.5,20.2,0.0,22.6,69.8,0.6356,118,75,0,26,15,19,"long_axis_bearing_deg = bearing of the item's LONG side in world, counter-clockwise from +X, in [0,180). Place by this, not by yaw. yaw_deg is the MuJoCo local-frame rotation and its meaning differs between bricks (long side on local X) and blocks (long side on local Y).","every bar uses the wall_10/wall_11 ArUco mounting; wall_9 is excluded (tag rotated 90 deg, 19.0 cm not 19.5)"
easy_078,easy,1push,block,obj_1,15.9,41.5,19.5,15.0,7.0,4.0,1,21.5,20.2,0.0,22.6,69.8,0.6356,118,75,0,26,15,19,"long_axis_bearing_deg = bearing of the item's LONG side in world, counter-clockwise from +X, in [0,180). Place by this, not by yaw. yaw_deg is the MuJoCo local-frame rotation and its meaning differs between bricks (long side on local X) and blocks (long side on local Y).","every bar uses the wall_10/wall_11 ArUco mounting; wall_9 is excluded (tag rotated 90 deg, 19.0 cm not 19.5)"
easy_079,easy,1push,brick,wall_10,39.0,38.7,8.3,19.5,5.5,10.0,1,41.1,26.5,0.0,41.9,60.8,0.8125,128,104,0,29,23,8,"long_axis_bearing_deg = bearing of the item's LONG side in world, counter-clockwise from +X, in [0,180). Place by this, not by yaw. yaw_deg is the MuJoCo local-frame rotation and its meaning differs between bricks (long side on local X) and blocks (long side on local Y).","every bar uses the wall_10/wall_11 ArUco mounting; wall_9 is excluded (tag rotated 90 deg, 19.0 cm not 19.5)"
easy_079,easy,1push,block,obj_4,15.0,40.6,18.0,12.0,7.5,5.0,1,41.1,26.5,0.0,41.9,60.8,0.8125,128,104,0,29,23,8,"long_axis_bearing_deg = bearing of the item's LONG side in world, counter-clockwise from +X, in [0,180). Place by this, not by yaw. yaw_deg is the MuJoCo local-frame rotation and its meaning differs between bricks (long side on local X) and blocks (long side on local Y).","every bar uses the wall_10/wall_11 ArUco mounting; wall_9 is excluded (tag rotated 90 deg, 19.0 cm not 19.5)"
easy_080,easy,1push,brick,wall_10,39.0,30.9,172.4,19.5,5.5,10.0,2,15.6,6.7,0.0,42.8,45.9,0.3125,48,15,24,15,10,35,"long_axis_bearing_deg = bearing of the item's LONG side in world, counter-clockwise from +X, in [0,180). Place by this, not by yaw. yaw_deg is the MuJoCo local-frame rotation and its meaning differs between bricks (long side on local X) and blocks (long side on local Y).","every bar uses the wall_10/wall_11 ArUco mounting; wall_9 is excluded (tag rotated 90 deg, 19.0 cm not 19.5)"
easy_080,easy,1push,brick,wall_11,14.5,41.8,72.1,19.5,5.5,10.0,2,15.6,6.7,0.0,42.8,45.9,0.3125,48,15,24,15,10,35,"long_axis_bearing_deg = bearing of the item's LONG side in world, counter-clockwise from +X, in [0,180). Place by this, not by yaw. yaw_deg is the MuJoCo local-frame rotation and its meaning differs between bricks (long side on local X) and blocks (long side on local Y).","every bar uses the wall_10/wall_11 ArUco mounting; wall_9 is excluded (tag rotated 90 deg, 19.0 cm not 19.5)"
easy_080,easy,1push,block,obj_1,20.1,35.7,72.9,15.0,7.0,4.0,2,15.6,6.7,0.0,42.8,45.9,0.3125,48,15,24,15,10,35,"long_axis_bearing_deg = bearing of the item's LONG side in world, counter-clockwise from +X, in [0,180). Place by this, not by yaw. yaw_deg is the MuJoCo local-frame rotation and its meaning differs between bricks (long side on local X) and blocks (long side on local Y).","every bar uses the wall_10/wall_11 ArUco mounting; wall_9 is excluded (tag rotated 90 deg, 19.0 cm not 19.5)"
easy_081,easy,1push,brick,wall_10,39.0,37.6,6.4,19.5,5.5,10.0,2,32.1,11.9,0.0,20.2,70.8,0.3133,83,26,40,17,15,28,"long_axis_bearing_deg = bearing of the item's LONG side in world, counter-clockwise from +X, in [0,180). Place by this, not by yaw. yaw_deg is the MuJoCo local-frame rotation and its meaning differs between bricks (long side on local X) and blocks (long side on local Y).","every bar uses the wall_10/wall_11 ArUco mounting; wall_9 is excluded (tag rotated 90 deg, 19.0 cm not 19.5)"
easy_081,easy,1push,brick,wall_11,13.2,50.1,71.3,19.5,5.5,10.0,2,32.1,11.9,0.0,20.2,70.8,0.3133,83,26,40,17,15,28,"long_axis_bearing_deg = bearing of the item's LONG side in world, counter-clockwise from +X, in [0,180). Place by this, not by yaw. yaw_deg is the MuJoCo local-frame rotation and its meaning differs between bricks (long side on local X) and blocks (long side on local Y).","every bar uses the wall_10/wall_11 ArUco mounting; wall_9 is excluded (tag rotated 90 deg, 19.0 cm not 19.5)"
easy_081,easy,1push,block,obj_4,22.1,38.0,77.4,12.0,7.5,5.0,2,32.1,11.9,0.0,20.2,70.8,0.3133,83,26,40,17,15,28,"long_axis_bearing_deg = bearing of the item's LONG side in world, counter-clockwise from +X, in [0,180). Place by this, not by yaw. yaw_deg is the MuJoCo local-frame rotation and its meaning differs between bricks (long side on local X) and blocks (long side on local Y).","every bar uses the wall_10/wall_11 ArUco mounting; wall_9 is excluded (tag rotated 90 deg, 19.0 cm not 19.5)"
easy_082,easy,1push,brick,wall_10,10.1,32.7,170.0,19.5,5.5,10.0,3,21.4,14.9,0.0,25.8,61.4,0.4634,41,19,8,9,14,37,"long_axis_bearing_deg = bearing of the item's LONG side in world, counter-clockwise from +X, in [0,180). Place by this, not by yaw. yaw_deg is the MuJoCo local-frame rotation and its meaning differs between bricks (long side on local X) and blocks (long side on local Y).","every bar uses the wall_10/wall_11 ArUco mounting; wall_9 is excluded (tag rotated 90 deg, 19.0 cm not 19.5)"
easy_082,easy,1push,brick,wall_11,34.8,42.8,104.0,19.5,5.5,10.0,3,21.4,14.9,0.0,25.8,61.4,0.4634,41,19,8,9,14,37,"long_axis_bearing_deg = bearing of the item's LONG side in world, counter-clockwise from +X, in [0,180). Place by this, not by yaw. yaw_deg is the MuJoCo local-frame rotation and its meaning differs between bricks (long side on local X) and blocks (long side on local Y).","every bar uses the wall_10/wall_11 ArUco mounting; wall_9 is excluded (tag rotated 90 deg, 19.0 cm not 19.5)"
easy_082,easy,1push,brick,wall_12,34.8,21.4,73.8,19.5,5.5,10.0,3,21.4,14.9,0.0,25.8,61.4,0.4634,41,19,8,9,14,37,"long_axis_bearing_deg = bearing of the item's LONG side in world, counter-clockwise from +X, in [0,180). Place by this, not by yaw. yaw_deg is the MuJoCo local-frame rotation and its meaning differs between bricks (long side on local X) and blocks (long side on local Y).","every bar uses the wall_10/wall_11 ArUco mounting; wall_9 is excluded (tag rotated 90 deg, 19.0 cm not 19.5)"
easy_082,easy,1push,block,obj_1,27.1,36.7,93.7,15.0,7.0,4.0,3,21.4,14.9,0.0,25.8,61.4,0.4634,41,19,8,9,14,37,"long_axis_bearing_deg = bearing of the item's LONG side in world, counter-clockwise from +X, in [0,180). Place by this, not by yaw. yaw_deg is the MuJoCo local-frame rotation and its meaning differs between bricks (long side on local X) and blocks (long side on local Y).","every bar uses the wall_10/wall_11 ArUco mounting; wall_9 is excluded (tag rotated 90 deg, 19.0 cm not 19.5)"
easy_083,easy,1push,brick,wall_10,10.0,35.3,5.8,19.5,5.5,10.0,3,12.8,13.1,0.0,33.2,65.0,0.451,51,23,0,15,18,27,"long_axis_bearing_deg = bearing of the item's LONG side in world, counter-clockwise from +X, in [0,180). Place by this, not by yaw. yaw_deg is the MuJoCo local-frame rotation and its meaning differs between bricks (long side on local X) and blocks (long side on local Y).","every bar uses the wall_10/wall_11 ArUco mounting; wall_9 is excluded (tag rotated 90 deg, 19.0 cm not 19.5)"
easy_083,easy,1push,brick,wall_11,35.0,47.2,89.6,19.5,5.5,10.0,3,12.8,13.1,0.0,33.2,65.0,0.451,51,23,0,15,18,27,"long_axis_bearing_deg = bearing of the item's LONG side in world, counter-clockwise from +X, in [0,180). Place by this, not by yaw. yaw_deg is the MuJoCo local-frame rotation and its meaning differs between bricks (long side on local X) and blocks (long side on local Y).","every bar uses the wall_10/wall_11 ArUco mounting; wall_9 is excluded (tag rotated 90 deg, 19.0 cm not 19.5)"
easy_083,easy,1push,brick,wall_12,35.0,24.1,73.8,19.5,5.5,10.0,3,12.8,13.1,0.0,33.2,65.0,0.451,51,23,0,15,18,27,"long_axis_bearing_deg = bearing of the item's LONG side in world, counter-clockwise from +X, in [0,180). Place by this, not by yaw. yaw_deg is the MuJoCo local-frame rotation and its meaning differs between bricks (long side on local X) and blocks (long side on local Y).","every bar uses the wall_10/wall_11 ArUco mounting; wall_9 is excluded (tag rotated 90 deg, 19.0 cm not 19.5)"
easy_083,easy,1push,block,obj_4,24.8,39.2,91.7,12.0,7.5,5.0,3,12.8,13.1,0.0,33.2,65.0,0.451,51,23,0,15,18,27,"long_axis_bearing_deg = bearing of the item's LONG side in world, counter-clockwise from +X, in [0,180). Place by this, not by yaw. yaw_deg is the MuJoCo local-frame rotation and its meaning differs between bricks (long side on local X) and blocks (long side on local Y).","every bar uses the wall_10/wall_11 ArUco mounting; wall_9 is excluded (tag rotated 90 deg, 19.0 cm not 19.5)"
easy_084,easy,1push,brick,wall_10,39.0,32.4,174.8,19.5,5.5,10.0,1,26.8,17.4,0.0,11.5,66.9,0.6385,130,83,0,30,15,15,"long_axis_bearing_deg = bearing of the item's LONG side in world, counter-clockwise from +X, in [0,180). Place by this, not by yaw. yaw_deg is the MuJoCo local-frame rotation and its meaning differs between bricks (long side on local X) and blocks (long side on local Y).","every bar uses the wall_10/wall_11 ArUco mounting; wall_9 is excluded (tag rotated 90 deg, 19.0 cm not 19.5)"
easy_084,easy,1push,block,obj_1,16.5,30.5,17.9,15.0,7.0,4.0,1,26.8,17.4,0.0,11.5,66.9,0.6385,130,83,0,30,15,15,"long_axis_bearing_deg = bearing of the item's LONG side in world, counter-clockwise from +X, in [0,180). Place by this, not by yaw. yaw_deg is the MuJoCo local-frame rotation and its meaning differs between bricks (long side on local X) and blocks (long side on local Y).","every bar uses the wall_10/wall_11 ArUco mounting; wall_9 is excluded (tag rotated 90 deg, 19.0 cm not 19.5)"
easy_085,easy,1push,brick,wall_10,39.0,36.0,5.9,19.5,5.5,10.0,1,20.0,19.0,0.0,41.6,55.7,0.8133,150,122,0,30,16,14,"long_axis_bearing_deg = bearing of the item's LONG side in world, counter-clockwise from +X, in [0,180). Place by this, not by yaw. yaw_deg is the MuJoCo local-frame rotation and its meaning differs between bricks (long side on local X) and blocks (long side on local Y).","every bar uses the wall_10/wall_11 ArUco mounting; wall_9 is excluded (tag rotated 90 deg, 19.0 cm not 19.5)"
easy_085,easy,1push,block,obj_4,13.2,35.8,165.2,12.0,7.5,5.0,1,20.0,19.0,0.0,41.6,55.7,0.8133,150,122,0,30,16,14,"long_axis_bearing_deg = bearing of the item's LONG side in world, counter-clockwise from +X, in [0,180). Place by this, not by yaw. yaw_deg is the MuJoCo local-frame rotation and its meaning differs between bricks (long side on local X) and blocks (long side on local Y).","every bar uses the wall_10/wall_11 ArUco mounting; wall_9 is excluded (tag rotated 90 deg, 19.0 cm not 19.5)"
easy_086,easy,1push,brick,wall_10,39.1,37.9,2.9,19.5,5.5,10.0,2,6.4,7.4,0.0,9.9,68.6,0.3151,73,23,41,15,13,32,"long_axis_bearing_deg = bearing of the item's LONG side in world, counter-clockwise from +X, in [0,180). Place by this, not by yaw. yaw_deg is the MuJoCo local-frame rotation and its meaning differs between bricks (long side on local X) and blocks (long side on local Y).","every bar uses the wall_10/wall_11 ArUco mounting; wall_9 is excluded (tag rotated 90 deg, 19.0 cm not 19.5)"
easy_086,easy,1push,brick,wall_11,14.0,47.3,72.1,19.5,5.5,10.0,2,6.4,7.4,0.0,9.9,68.6,0.3151,73,23,41,15,13,32,"long_axis_bearing_deg = bearing of the item's LONG side in world, counter-clockwise from +X, in [0,180). Place by this, not by yaw. yaw_deg is the MuJoCo local-frame rotation and its meaning differs between bricks (long side on local X) and blocks (long side on local Y).","every bar uses the wall_10/wall_11 ArUco mounting; wall_9 is excluded (tag rotated 90 deg, 19.0 cm not 19.5)"
easy_086,easy,1push,block,obj_1,22.3,40.1,80.8,15.0,7.0,4.0,2,6.4,7.4,0.0,9.9,68.6,0.3151,73,23,41,15,13,32,"long_axis_bearing_deg = bearing of the item's LONG side in world, counter-clockwise from +X, in [0,180). Place by this, not by yaw. yaw_deg is the MuJoCo local-frame rotation and its meaning differs between bricks (long side on local X) and blocks (long side on local Y).","every bar uses the wall_10/wall_11 ArUco mounting; wall_9 is excluded (tag rotated 90 deg, 19.0 cm not 19.5)"
easy_087,easy,1push,brick,wall_10,10.1,31.7,170.7,19.5,5.5,10.0,2,21.2,8.5,0.0,10.1,61.0,0.3137,51,16,26,15,13,32,"long_axis_bearing_deg = bearing of the item's LONG side in world, counter-clockwise from +X, in [0,180). Place by this, not by yaw. yaw_deg is the MuJoCo local-frame rotation and its meaning differs between bricks (long side on local X) and blocks (long side on local Y).","every bar uses the wall_10/wall_11 ArUco mounting; wall_9 is excluded (tag rotated 90 deg, 19.0 cm not 19.5)"
easy_087,easy,1push,brick,wall_11,34.9,44.3,106.0,19.5,5.5,10.0,2,21.2,8.5,0.0,10.1,61.0,0.3137,51,16,26,15,13,32,"long_axis_bearing_deg = bearing of the item's LONG side in world, counter-clockwise from +X, in [0,180). Place by this, not by yaw. yaw_deg is the MuJoCo local-frame rotation and its meaning differs between bricks (long side on local X) and blocks (long side on local Y).","every bar uses the wall_10/wall_11 ArUco mounting; wall_9 is excluded (tag rotated 90 deg, 19.0 cm not 19.5)"
easy_087,easy,1push,block,obj_4,27.3,33.2,22.4,12.0,7.5,5.0,2,21.2,8.5,0.0,10.1,61.0,0.3137,51,16,26,15,13,32,"long_axis_bearing_deg = bearing of the item's LONG side in world, counter-clockwise from +X, in [0,180). Place by this, not by yaw. yaw_deg is the MuJoCo local-frame rotation and its meaning differs between bricks (long side on local X) and blocks (long side on local Y).","every bar uses the wall_10/wall_11 ArUco mounting; wall_9 is excluded (tag rotated 90 deg, 19.0 cm not 19.5)"
easy_088,easy,1push,brick,wall_10,38.9,46.5,8.7,19.5,5.5,10.0,3,26.9,24.4,0.0,42.0,62.0,0.4839,31,15,0,7,17,36,"long_axis_bearing_deg = bearing of the item's LONG side in world, counter-clockwise from +X, in [0,180). Place by this, not by yaw. yaw_deg is the MuJoCo local-frame rotation and its meaning differs between bricks (long side on local X) and blocks (long side on local Y).","every bar uses the wall_10/wall_11 ArUco mounting; wall_9 is excluded (tag rotated 90 deg, 19.0 cm not 19.5)"
easy_088,easy,1push,brick,wall_11,13.3,59.1,81.7,19.5,5.5,10.0,3,26.9,24.4,0.0,42.0,62.0,0.4839,31,15,0,7,17,36,"long_axis_bearing_deg = bearing of the item's LONG side in world, counter-clockwise from +X, in [0,180). Place by this, not by yaw. yaw_deg is the MuJoCo local-frame rotation and its meaning differs between bricks (long side on local X) and blocks (long side on local Y).","every bar uses the wall_10/wall_11 ArUco mounting; wall_9 is excluded (tag rotated 90 deg, 19.0 cm not 19.5)"
easy_088,easy,1push,brick,wall_12,13.3,33.6,96.9,19.5,5.5,10.0,3,26.9,24.4,0.0,42.0,62.0,0.4839,31,15,0,7,17,36,"long_axis_bearing_deg = bearing of the item's LONG side in world, counter-clockwise from +X, in [0,180). Place by this, not by yaw. yaw_deg is the MuJoCo local-frame rotation and its meaning differs between bricks (long side on local X) and blocks (long side on local Y).","every bar uses the wall_10/wall_11 ArUco mounting; wall_9 is excluded (tag rotated 90 deg, 19.0 cm not 19.5)"
easy_088,easy,1push,block,obj_1,21.1,50.6,81.8,15.0,7.0,4.0,3,26.9,24.4,0.0,42.0,62.0,0.4839,31,15,0,7,17,36,"long_axis_bearing_deg = bearing of the item's LONG side in world, counter-clockwise from +X, in [0,180). Place by this, not by yaw. yaw_deg is the MuJoCo local-frame rotation and its meaning differs between bricks (long side on local X) and blocks (long side on local Y).","every bar uses the wall_10/wall_11 ArUco mounting; wall_9 is excluded (tag rotated 90 deg, 19.0 cm not 19.5)"
easy_089,easy,1push,brick,wall_10,39.1,32.3,2.6,19.5,5.5,10.0,3,36.2,14.2,0.0,36.6,55.3,0.5,42,21,7,9,17,34,"long_axis_bearing_deg = bearing of the item's LONG side in world, counter-clockwise from +X, in [0,180). Place by this, not by yaw. yaw_deg is the MuJoCo local-frame rotation and its meaning differs between bricks (long side on local X) and blocks (long side on local Y).","every bar uses the wall_10/wall_11 ArUco mounting; wall_9 is excluded (tag rotated 90 deg, 19.0 cm not 19.5)"
easy_089,easy,1push,brick,wall_11,13.3,42.4,90.9,19.5,5.5,10.0,3,36.2,14.2,0.0,36.6,55.3,0.5,42,21,7,9,17,34,"long_axis_bearing_deg = bearing of the item's LONG side in world, counter-clockwise from +X, in [0,180). Place by this, not by yaw. yaw_deg is the MuJoCo local-frame rotation and its meaning differs between bricks (long side on local X) and blocks (long side on local Y).","every bar uses the wall_10/wall_11 ArUco mounting; wall_9 is excluded (tag rotated 90 deg, 19.0 cm not 19.5)"
easy_089,easy,1push,brick,wall_12,13.3,21.1,106.7,19.5,5.5,10.0,3,36.2,14.2,0.0,36.6,55.3,0.5,42,21,7,9,17,34,"long_axis_bearing_deg = bearing of the item's LONG side in world, counter-clockwise from +X, in [0,180). Place by this, not by yaw. yaw_deg is the MuJoCo local-frame rotation and its meaning differs between bricks (long side on local X) and blocks (long side on local Y).","every bar uses the wall_10/wall_11 ArUco mounting; wall_9 is excluded (tag rotated 90 deg, 19.0 cm not 19.5)"
easy_089,easy,1push,block,obj_4,21.3,36.5,81.2,12.0,7.5,5.0,3,36.2,14.2,0.0,36.6,55.3,0.5,42,21,7,9,17,34,"long_axis_bearing_deg = bearing of the item's LONG side in world, counter-clockwise from +X, in [0,180). Place by this, not by yaw. yaw_deg is the MuJoCo local-frame rotation and its meaning differs between bricks (long side on local X) and blocks (long side on local Y).","every bar uses the wall_10/wall_11 ArUco mounting; wall_9 is excluded (tag rotated 90 deg, 19.0 cm not 19.5)"
easy_090,easy,1push,brick,wall_10,10.1,41.5,11.3,19.5,5.5,10.0,1,29.8,13.9,0.0,35.8,62.3,0.64,125,80,0,28,15,17,"long_axis_bearing_deg = bearing of the item's LONG side in world, counter-clockwise from +X, in [0,180). Place by this, not by yaw. yaw_deg is the MuJoCo local-frame rotation and its meaning differs between bricks (long side on local X) and blocks (long side on local Y).","every bar uses the wall_10/wall_11 ArUco mounting; wall_9 is excluded (tag rotated 90 deg, 19.0 cm not 19.5)"
easy_090,easy,1push,block,obj_1,32.7,39.9,168.9,15.0,7.0,4.0,1,29.8,13.9,0.0,35.8,62.3,0.64,125,80,0,28,15,17,"long_axis_bearing_deg = bearing of the item's LONG side in world, counter-clockwise from +X, in [0,180). Place by this, not by yaw. yaw_deg is the MuJoCo local-frame rotation and its meaning differs between bricks (long side on local X) and blocks (long side on local Y).","every bar uses the wall_10/wall_11 ArUco mounting; wall_9 is excluded (tag rotated 90 deg, 19.0 cm not 19.5)"
easy_091,easy,1push,brick,wall_10,38.9,31.9,10.5,19.5,5.5,10.0,1,38.6,10.4,0.0,11.9,46.9,0.8142,113,92,0,26,26,8,"long_axis_bearing_deg = bearing of the item's LONG side in world, counter-clockwise from +X, in [0,180). Place by this, not by yaw. yaw_deg is the MuJoCo local-frame rotation and its meaning differs between bricks (long side on local X) and blocks (long side on local Y).","every bar uses the wall_10/wall_11 ArUco mounting; wall_9 is excluded (tag rotated 90 deg, 19.0 cm not 19.5)"
easy_091,easy,1push,block,obj_4,14.5,34.5,18.9,12.0,7.5,5.0,1,38.6,10.4,0.0,11.9,46.9,0.8142,113,92,0,26,26,8,"long_axis_bearing_deg = bearing of the item's LONG side in world, counter-clockwise from +X, in [0,180). Place by this, not by yaw. yaw_deg is the MuJoCo local-frame rotation and its meaning differs between bricks (long side on local X) and blocks (long side on local Y).","every bar uses the wall_10/wall_11 ArUco mounting; wall_9 is excluded (tag rotated 90 deg, 19.0 cm not 19.5)"
easy_092,easy,1push,brick,wall_10,10.1,32.1,168.9,19.5,5.5,10.0,2,13.1,12.1,0.0,23.1,61.6,0.3167,60,19,34,15,17,28,"long_axis_bearing_deg = bearing of the item's LONG side in world, counter-clockwise from +X, in [0,180). Place by this, not by yaw. yaw_deg is the MuJoCo local-frame rotation and its meaning differs between bricks (long side on local X) and blocks (long side on local Y).","every bar uses the wall_10/wall_11 ArUco mounting; wall_9 is excluded (tag rotated 90 deg, 19.0 cm not 19.5)"
easy_092,easy,1push,brick,wall_11,34.5,41.5,109.7,19.5,5.5,10.0,2,13.1,12.1,0.0,23.1,61.6,0.3167,60,19,34,15,17,28,"long_axis_bearing_deg = bearing of the item's LONG side in world, counter-clockwise from +X, in [0,180). Place by this, not by yaw. yaw_deg is the MuJoCo local-frame rotation and its meaning differs between bricks (long side on local X) and blocks (long side on local Y).","every bar uses the wall_10/wall_11 ArUco mounting; wall_9 is excluded (tag rotated 90 deg, 19.0 cm not 19.5)"
easy_092,easy,1push,block,obj_1,24.5,35.5,110.0,15.0,7.0,4.0,2,13.1,12.1,0.0,23.1,61.6,0.3167,60,19,34,15,17,28,"long_axis_bearing_deg = bearing of the item's LONG side in world, counter-clockwise from +X, in [0,180). Place by this, not by yaw. yaw_deg is the MuJoCo local-frame rotation and its meaning differs between bricks (long side on local X) and blocks (long side on local Y).","every bar uses the wall_10/wall_11 ArUco mounting; wall_9 is excluded (tag rotated 90 deg, 19.0 cm not 19.5)"
easy_093,easy,1push,brick,wall_10,38.9,33.7,170.3,19.5,5.5,10.0,2,41.0,6.6,0.0,18.4,60.9,0.3137,51,16,28,15,15,30,"long_axis_bearing_deg = bearing of the item's LONG side in world, counter-clockwise from +X, in [0,180). Place by this, not by yaw. yaw_deg is the MuJoCo local-frame rotation and its meaning differs between bricks (long side on local X) and blocks (long side on local Y).","every bar uses the wall_10/wall_11 ArUco mounting; wall_9 is excluded (tag rotated 90 deg, 19.0 cm not 19.5)"
easy_093,easy,1push,brick,wall_11,14.4,40.6,71.9,19.5,5.5,10.0,2,41.0,6.6,0.0,18.4,60.9,0.3137,51,16,28,15,15,30,"long_axis_bearing_deg = bearing of the item's LONG side in world, counter-clockwise from +X, in [0,180). Place by this, not by yaw. yaw_deg is the MuJoCo local-frame rotation and its meaning differs between bricks (long side on local X) and blocks (long side on local Y).","every bar uses the wall_10/wall_11 ArUco mounting; wall_9 is excluded (tag rotated 90 deg, 19.0 cm not 19.5)"
easy_093,easy,1push,block,obj_4,25.3,38.3,77.9,12.0,7.5,5.0,2,41.0,6.6,0.0,18.4,60.9,0.3137,51,16,28,15,15,30,"long_axis_bearing_deg = bearing of the item's LONG side in world, counter-clockwise from +X, in [0,180). Place by this, not by yaw. yaw_deg is the MuJoCo local-frame rotation and its meaning differs between bricks (long side on local X) and blocks (long side on local Y).","every bar uses the wall_10/wall_11 ArUco mounting; wall_9 is excluded (tag rotated 90 deg, 19.0 cm not 19.5)"
easy_094,easy,1push,brick,wall_10,38.9,39.7,9.5,19.5,5.5,10.0,3,28.0,24.6,0.0,34.4,54.7,0.5,48,24,20,11,18,31,"long_axis_bearing_deg = bearing of the item's LONG side in world, counter-clockwise from +X, in [0,180). Place by this, not by yaw. yaw_deg is the MuJoCo local-frame rotation and its meaning differs between bricks (long side on local X) and blocks (long side on local Y).","every bar uses the wall_10/wall_11 ArUco mounting; wall_9 is excluded (tag rotated 90 deg, 19.0 cm not 19.5)"
easy_094,easy,1push,brick,wall_11,13.5,51.2,92.6,19.5,5.5,10.0,3,28.0,24.6,0.0,34.4,54.7,0.5,48,24,20,11,18,31,"long_axis_bearing_deg = bearing of the item's LONG side in world, counter-clockwise from +X, in [0,180). Place by this, not by yaw. yaw_deg is the MuJoCo local-frame rotation and its meaning differs between bricks (long side on local X) and blocks (long side on local Y).","every bar uses the wall_10/wall_11 ArUco mounting; wall_9 is excluded (tag rotated 90 deg, 19.0 cm not 19.5)"
easy_094,easy,1push,brick,wall_12,13.5,28.4,106.2,19.5,5.5,10.0,3,28.0,24.6,0.0,34.4,54.7,0.5,48,24,20,11,18,31,"long_axis_bearing_deg = bearing of the item's LONG side in world, counter-clockwise from +X, in [0,180). Place by this, not by yaw. yaw_deg is the MuJoCo local-frame rotation and its meaning differs between bricks (long side on local X) and blocks (long side on local Y).","every bar uses the wall_10/wall_11 ArUco mounting; wall_9 is excluded (tag rotated 90 deg, 19.0 cm not 19.5)"
easy_094,easy,1push,block,obj_1,23.0,44.1,96.3,15.0,7.0,4.0,3,28.0,24.6,0.0,34.4,54.7,0.5,48,24,20,11,18,31,"long_axis_bearing_deg = bearing of the item's LONG side in world, counter-clockwise from +X, in [0,180). Place by this, not by yaw. yaw_deg is the MuJoCo local-frame rotation and its meaning differs between bricks (long side on local X) and blocks (long side on local Y).","every bar uses the wall_10/wall_11 ArUco mounting; wall_9 is excluded (tag rotated 90 deg, 19.0 cm not 19.5)"
easy_095,easy,1push,brick,wall_10,38.9,31.4,9.2,19.5,5.5,10.0,3,34.7,15.5,0.0,42.9,61.2,0.5,48,24,0,10,12,38,"long_axis_bearing_deg = bearing of the item's LONG side in world, counter-clockwise from +X, in [0,180). Place by this, not by yaw. yaw_deg is the MuJoCo local-frame rotation and its meaning differs between bricks (long side on local X) and blocks (long side on local Y).","every bar uses the wall_10/wall_11 ArUco mounting; wall_9 is excluded (tag rotated 90 deg, 19.0 cm not 19.5)"
easy_095,easy,1push,brick,wall_11,12.9,44.1,94.7,19.5,5.5,10.0,3,34.7,15.5,0.0,42.9,61.2,0.5,48,24,0,10,12,38,"long_axis_bearing_deg = bearing of the item's LONG side in world, counter-clockwise from +X, in [0,180). Place by this, not by yaw. yaw_deg is the MuJoCo local-frame rotation and its meaning differs between bricks (long side on local X) and blocks (long side on local Y).","every bar uses the wall_10/wall_11 ArUco mounting; wall_9 is excluded (tag rotated 90 deg, 19.0 cm not 19.5)"
easy_095,easy,1push,brick,wall_12,12.9,22.3,99.3,19.5,5.5,10.0,3,34.7,15.5,0.0,42.9,61.2,0.5,48,24,0,10,12,38,"long_axis_bearing_deg = bearing of the item's LONG side in world, counter-clockwise from +X, in [0,180). Place by this, not by yaw. yaw_deg is the MuJoCo local-frame rotation and its meaning differs between bricks (long side on local X) and blocks (long side on local Y).","every bar uses the wall_10/wall_11 ArUco mounting; wall_9 is excluded (tag rotated 90 deg, 19.0 cm not 19.5)"
easy_095,easy,1push,block,obj_4,21.2,32.5,91.8,12.0,7.5,5.0,3,34.7,15.5,0.0,42.9,61.2,0.5,48,24,0,10,12,38,"long_axis_bearing_deg = bearing of the item's LONG side in world, counter-clockwise from +X, in [0,180). Place by this, not by yaw. yaw_deg is the MuJoCo local-frame rotation and its meaning differs between bricks (long side on local X) and blocks (long side on local Y).","every bar uses the wall_10/wall_11 ArUco mounting; wall_9 is excluded (tag rotated 90 deg, 19.0 cm not 19.5)"
easy_096,easy,1push,brick,wall_10,38.9,34.7,11.0,19.5,5.5,10.0,1,9.8,6.5,0.0,25.5,49.4,0.641,78,50,10,17,22,21,"long_axis_bearing_deg = bearing of the item's LONG side in world, counter-clockwise from +X, in [0,180). Place by this, not by yaw. yaw_deg is the MuJoCo local-frame rotation and its meaning differs between bricks (long side on local X) and blocks (long side on local Y).","every bar uses the wall_10/wall_11 ArUco mounting; wall_9 is excluded (tag rotated 90 deg, 19.0 cm not 19.5)"
easy_096,easy,1push,block,obj_1,14.8,35.3,15.6,15.0,7.0,4.0,1,9.8,6.5,0.0,25.5,49.4,0.641,78,50,10,17,22,21,"long_axis_bearing_deg = bearing of the item's LONG side in world, counter-clockwise from +X, in [0,180). Place by this, not by yaw. yaw_deg is the MuJoCo local-frame rotation and its meaning differs between bricks (long side on local X) and blocks (long side on local Y).","every bar uses the wall_10/wall_11 ArUco mounting; wall_9 is excluded (tag rotated 90 deg, 19.0 cm not 19.5)"
easy_097,easy,1push,brick,wall_10,39.2,40.6,0.5,19.5,5.5,10.0,1,19.0,6.7,0.0,23.1,54.1,0.8154,130,106,0,30,23,7,"long_axis_bearing_deg = bearing of the item's LONG side in world, counter-clockwise from +X, in [0,180). Place by this, not by yaw. yaw_deg is the MuJoCo local-frame rotation and its meaning differs between bricks (long side on local X) and blocks (long side on local Y).","every bar uses the wall_10/wall_11 ArUco mounting; wall_9 is excluded (tag rotated 90 deg, 19.0 cm not 19.5)"
easy_097,easy,1push,block,obj_4,15.1,38.6,9.3,12.0,7.5,5.0,1,19.0,6.7,0.0,23.1,54.1,0.8154,130,106,0,30,23,7,"long_axis_bearing_deg = bearing of the item's LONG side in world, counter-clockwise from +X, in [0,180). Place by this, not by yaw. yaw_deg is the MuJoCo local-frame rotation and its meaning differs between bricks (long side on local X) and blocks (long side on local Y).","every bar uses the wall_10/wall_11 ArUco mounting; wall_9 is excluded (tag rotated 90 deg, 19.0 cm not 19.5)"
easy_098,easy,1push,brick,wall_10,39.0,37.3,172.8,19.5,5.5,10.0,2,40.5,8.2,0.0,33.0,69.0,0.3175,63,20,32,15,17,28,"long_axis_bearing_deg = bearing of the item's LONG side in world, counter-clockwise from +X, in [0,180). Place by this, not by yaw. yaw_deg is the MuJoCo local-frame rotation and its meaning differs between bricks (long side on local X) and blocks (long side on local Y).","every bar uses the wall_10/wall_11 ArUco mounting; wall_9 is excluded (tag rotated 90 deg, 19.0 cm not 19.5)"
easy_098,easy,1push,brick,wall_11,14.1,48.7,70.5,19.5,5.5,10.0,2,40.5,8.2,0.0,33.0,69.0,0.3175,63,20,32,15,17,28,"long_axis_bearing_deg = bearing of the item's LONG side in world, counter-clockwise from +X, in [0,180). Place by this, not by yaw. yaw_deg is the MuJoCo local-frame rotation and its meaning differs between bricks (long side on local X) and blocks (long side on local Y).","every bar uses the wall_10/wall_11 ArUco mounting; wall_9 is excluded (tag rotated 90 deg, 19.0 cm not 19.5)"
easy_098,easy,1push,block,obj_1,24.2,41.3,75.1,15.0,7.0,4.0,2,40.5,8.2,0.0,33.0,69.0,0.3175,63,20,32,15,17,28,"long_axis_bearing_deg = bearing of the item's LONG side in world, counter-clockwise from +X, in [0,180). Place by this, not by yaw. yaw_deg is the MuJoCo local-frame rotation and its meaning differs between bricks (long side on local X) and blocks (long side on local Y).","every bar uses the wall_10/wall_11 ArUco mounting; wall_9 is excluded (tag rotated 90 deg, 19.0 cm not 19.5)"
easy_099,easy,1push,brick,wall_10,10.1,39.0,10.7,19.5,5.5,10.0,2,39.7,16.8,0.0,6.3,71.1,0.3143,35,11,20,9,15,36,"long_axis_bearing_deg = bearing of the item's LONG side in world, counter-clockwise from +X, in [0,180). Place by this, not by yaw. yaw_deg is the MuJoCo local-frame rotation and its meaning differs between bricks (long side on local X) and blocks (long side on local Y).","every bar uses the wall_10/wall_11 ArUco mounting; wall_9 is excluded (tag rotated 90 deg, 19.0 cm not 19.5)"
easy_099,easy,1push,brick,wall_11,35.7,45.2,105.9,19.5,5.5,10.0,2,39.7,16.8,0.0,6.3,71.1,0.3143,35,11,20,9,15,36,"long_axis_bearing_deg = bearing of the item's LONG side in world, counter-clockwise from +X, in [0,180). Place by this, not by yaw. yaw_deg is the MuJoCo local-frame rotation and its meaning differs between bricks (long side on local X) and blocks (long side on local Y).","every bar uses the wall_10/wall_11 ArUco mounting; wall_9 is excluded (tag rotated 90 deg, 19.0 cm not 19.5)"
easy_099,easy,1push,block,obj_4,26.5,43.6,119.0,12.0,7.5,5.0,2,39.7,16.8,0.0,6.3,71.1,0.3143,35,11,20,9,15,36,"long_axis_bearing_deg = bearing of the item's LONG side in world, counter-clockwise from +X, in [0,180). Place by this, not by yaw. yaw_deg is the MuJoCo local-frame rotation and its meaning differs between bricks (long side on local X) and blocks (long side on local Y).","every bar uses the wall_10/wall_11 ArUco mounting; wall_9 is excluded (tag rotated 90 deg, 19.0 cm not 19.5)"
