build_id,tier,axis,item,marker_hint,centre_x_cm,centre_y_cm,long_axis_bearing_deg,long_cm,short_cm,height_cm,n_bricks,robot_start_x_cm,robot_start_y_cm,robot_start_bearing_deg,goal_x_cm,goal_y_cm,solve_rate,tried,valid_1push,valid_first_push,n_contacts_reachable,n_contacts_cutoff,n_contacts_collision,angle_convention,tag_convention
med_000,med,1push,brick,wall_10,10.0,36.3,6.3,19.5,5.5,10.0,2,41.7,6.1,0.0,15.2,56.2,0.05,80,4,45,19,11,30,"long_axis_bearing_deg = bearing of the item's LONG side in world, counter-clockwise from +X, in [0,180). Place by this, not by yaw. yaw_deg is the MuJoCo local-frame rotation and its meaning differs between bricks (long side on local X) and blocks (long side on local Y).","every bar uses the wall_10/wall_11 ArUco mounting; wall_9 is excluded (tag rotated 90 deg, 19.0 cm not 19.5)"
med_000,med,1push,brick,wall_11,34.8,44.6,107.2,19.5,5.5,10.0,2,41.7,6.1,0.0,15.2,56.2,0.05,80,4,45,19,11,30,"long_axis_bearing_deg = bearing of the item's LONG side in world, counter-clockwise from +X, in [0,180). Place by this, not by yaw. yaw_deg is the MuJoCo local-frame rotation and its meaning differs between bricks (long side on local X) and blocks (long side on local Y).","every bar uses the wall_10/wall_11 ArUco mounting; wall_9 is excluded (tag rotated 90 deg, 19.0 cm not 19.5)"
med_000,med,1push,block,obj_1,25.3,35.9,90.5,15.0,7.0,4.0,2,41.7,6.1,0.0,15.2,56.2,0.05,80,4,45,19,11,30,"long_axis_bearing_deg = bearing of the item's LONG side in world, counter-clockwise from +X, in [0,180). Place by this, not by yaw. yaw_deg is the MuJoCo local-frame rotation and its meaning differs between bricks (long side on local X) and blocks (long side on local Y).","every bar uses the wall_10/wall_11 ArUco mounting; wall_9 is excluded (tag rotated 90 deg, 19.0 cm not 19.5)"
med_001,med,1push,brick,wall_10,39.0,32.9,172.3,19.5,5.5,10.0,2,17.0,13.5,0.0,29.8,48.7,0.05,100,5,27,22,7,31,"long_axis_bearing_deg = bearing of the item's LONG side in world, counter-clockwise from +X, in [0,180). Place by this, not by yaw. yaw_deg is the MuJoCo local-frame rotation and its meaning differs between bricks (long side on local X) and blocks (long side on local Y).","every bar uses the wall_10/wall_11 ArUco mounting; wall_9 is excluded (tag rotated 90 deg, 19.0 cm not 19.5)"
med_001,med,1push,brick,wall_11,13.2,41.5,71.7,19.5,5.5,10.0,2,17.0,13.5,0.0,29.8,48.7,0.05,100,5,27,22,7,31,"long_axis_bearing_deg = bearing of the item's LONG side in world, counter-clockwise from +X, in [0,180). Place by this, not by yaw. yaw_deg is the MuJoCo local-frame rotation and its meaning differs between bricks (long side on local X) and blocks (long side on local Y).","every bar uses the wall_10/wall_11 ArUco mounting; wall_9 is excluded (tag rotated 90 deg, 19.0 cm not 19.5)"
med_001,med,1push,block,obj_4,21.7,31.3,64.7,12.0,7.5,5.0,2,17.0,13.5,0.0,29.8,48.7,0.05,100,5,27,22,7,31,"long_axis_bearing_deg = bearing of the item's LONG side in world, counter-clockwise from +X, in [0,180). Place by this, not by yaw. yaw_deg is the MuJoCo local-frame rotation and its meaning differs between bricks (long side on local X) and blocks (long side on local Y).","every bar uses the wall_10/wall_11 ArUco mounting; wall_9 is excluded (tag rotated 90 deg, 19.0 cm not 19.5)"
med_002,med,1push,brick,wall_10,39.1,44.5,175.2,19.5,5.5,10.0,3,37.2,17.1,0.0,28.1,69.1,0.0556,18,1,4,5,15,40,"long_axis_bearing_deg = bearing of the item's LONG side in world, counter-clockwise from +X, in [0,180). Place by this, not by yaw. yaw_deg is the MuJoCo local-frame rotation and its meaning differs between bricks (long side on local X) and blocks (long side on local Y).","every bar uses the wall_10/wall_11 ArUco mounting; wall_9 is excluded (tag rotated 90 deg, 19.0 cm not 19.5)"
med_002,med,1push,brick,wall_11,13.2,55.6,96.0,19.5,5.5,10.0,3,37.2,17.1,0.0,28.1,69.1,0.0556,18,1,4,5,15,40,"long_axis_bearing_deg = bearing of the item's LONG side in world, counter-clockwise from +X, in [0,180). Place by this, not by yaw. yaw_deg is the MuJoCo local-frame rotation and its meaning differs between bricks (long side on local X) and blocks (long side on local Y).","every bar uses the wall_10/wall_11 ArUco mounting; wall_9 is excluded (tag rotated 90 deg, 19.0 cm not 19.5)"
med_002,med,1push,brick,wall_12,13.2,35.1,108.0,19.5,5.5,10.0,3,37.2,17.1,0.0,28.1,69.1,0.0556,18,1,4,5,15,40,"long_axis_bearing_deg = bearing of the item's LONG side in world, counter-clockwise from +X, in [0,180). Place by this, not by yaw. yaw_deg is the MuJoCo local-frame rotation and its meaning differs between bricks (long side on local X) and blocks (long side on local Y).","every bar uses the wall_10/wall_11 ArUco mounting; wall_9 is excluded (tag rotated 90 deg, 19.0 cm not 19.5)"
med_002,med,1push,block,obj_1,21.4,45.5,78.1,15.0,7.0,4.0,3,37.2,17.1,0.0,28.1,69.1,0.0556,18,1,4,5,15,40,"long_axis_bearing_deg = bearing of the item's LONG side in world, counter-clockwise from +X, in [0,180). Place by this, not by yaw. yaw_deg is the MuJoCo local-frame rotation and its meaning differs between bricks (long side on local X) and blocks (long side on local Y).","every bar uses the wall_10/wall_11 ArUco mounting; wall_9 is excluded (tag rotated 90 deg, 19.0 cm not 19.5)"
med_003,med,1push,brick,wall_10,38.9,34.0,170.3,19.5,5.5,10.0,3,42.7,11.8,0.0,9.2,65.5,0.0577,52,3,11,13,12,35,"long_axis_bearing_deg = bearing of the item's LONG side in world, counter-clockwise from +X, in [0,180). Place by this, not by yaw. yaw_deg is the MuJoCo local-frame rotation and its meaning differs between bricks (long side on local X) and blocks (long side on local Y).","every bar uses the wall_10/wall_11 ArUco mounting; wall_9 is excluded (tag rotated 90 deg, 19.0 cm not 19.5)"
med_003,med,1push,brick,wall_11,13.0,45.1,93.7,19.5,5.5,10.0,3,42.7,11.8,0.0,9.2,65.5,0.0577,52,3,11,13,12,35,"long_axis_bearing_deg = bearing of the item's LONG side in world, counter-clockwise from +X, in [0,180). Place by this, not by yaw. yaw_deg is the MuJoCo local-frame rotation and its meaning differs between bricks (long side on local X) and blocks (long side on local Y).","every bar uses the wall_10/wall_11 ArUco mounting; wall_9 is excluded (tag rotated 90 deg, 19.0 cm not 19.5)"
med_003,med,1push,brick,wall_12,13.0,21.3,103.7,19.5,5.5,10.0,3,42.7,11.8,0.0,9.2,65.5,0.0577,52,3,11,13,12,35,"long_axis_bearing_deg = bearing of the item's LONG side in world, counter-clockwise from +X, in [0,180). Place by this, not by yaw. yaw_deg is the MuJoCo local-frame rotation and its meaning differs between bricks (long side on local X) and blocks (long side on local Y).","every bar uses the wall_10/wall_11 ArUco mounting; wall_9 is excluded (tag rotated 90 deg, 19.0 cm not 19.5)"
med_003,med,1push,block,obj_4,21.2,31.4,79.0,12.0,7.5,5.0,3,42.7,11.8,0.0,9.2,65.5,0.0577,52,3,11,13,12,35,"long_axis_bearing_deg = bearing of the item's LONG side in world, counter-clockwise from +X, in [0,180). Place by this, not by yaw. yaw_deg is the MuJoCo local-frame rotation and its meaning differs between bricks (long side on local X) and blocks (long side on local Y).","every bar uses the wall_10/wall_11 ArUco mounting; wall_9 is excluded (tag rotated 90 deg, 19.0 cm not 19.5)"
med_004,med,1push,brick,wall_10,39.0,36.0,6.3,19.5,5.5,10.0,2,29.9,13.3,0.0,31.8,71.1,0.05,120,6,39,24,10,26,"long_axis_bearing_deg = bearing of the item's LONG side in world, counter-clockwise from +X, in [0,180). Place by this, not by yaw. yaw_deg is the MuJoCo local-frame rotation and its meaning differs between bricks (long side on local X) and blocks (long side on local Y).","every bar uses the wall_10/wall_11 ArUco mounting; wall_9 is excluded (tag rotated 90 deg, 19.0 cm not 19.5)"
med_004,med,1push,brick,wall_11,13.3,42.6,73.1,19.5,5.5,10.0,2,29.9,13.3,0.0,31.8,71.1,0.05,120,6,39,24,10,26,"long_axis_bearing_deg = bearing of the item's LONG side in world, counter-clockwise from +X, in [0,180). Place by this, not by yaw. yaw_deg is the MuJoCo local-frame rotation and its meaning differs between bricks (long side on local X) and blocks (long side on local Y).","every bar uses the wall_10/wall_11 ArUco mounting; wall_9 is excluded (tag rotated 90 deg, 19.0 cm not 19.5)"
med_004,med,1push,block,obj_1,21.1,31.3,86.8,15.0,7.0,4.0,2,29.9,13.3,0.0,31.8,71.1,0.05,120,6,39,24,10,26,"long_axis_bearing_deg = bearing of the item's LONG side in world, counter-clockwise from +X, in [0,180). Place by this, not by yaw. yaw_deg is the MuJoCo local-frame rotation and its meaning differs between bricks (long side on local X) and blocks (long side on local Y).","every bar uses the wall_10/wall_11 ArUco mounting; wall_9 is excluded (tag rotated 90 deg, 19.0 cm not 19.5)"
med_005,med,1push,brick,wall_10,39.1,43.8,2.3,19.5,5.5,10.0,2,11.9,16.0,0.0,26.4,69.9,0.0517,116,6,38,25,6,29,"long_axis_bearing_deg = bearing of the item's LONG side in world, counter-clockwise from +X, in [0,180). Place by this, not by yaw. yaw_deg is the MuJoCo local-frame rotation and its meaning differs between bricks (long side on local X) and blocks (long side on local Y).","every bar uses the wall_10/wall_11 ArUco mounting; wall_9 is excluded (tag rotated 90 deg, 19.0 cm not 19.5)"
med_005,med,1push,brick,wall_11,13.9,52.2,71.5,19.5,5.5,10.0,2,11.9,16.0,0.0,26.4,69.9,0.0517,116,6,38,25,6,29,"long_axis_bearing_deg = bearing of the item's LONG side in world, counter-clockwise from +X, in [0,180). Place by this, not by yaw. yaw_deg is the MuJoCo local-frame rotation and its meaning differs between bricks (long side on local X) and blocks (long side on local Y).","every bar uses the wall_10/wall_11 ArUco mounting; wall_9 is excluded (tag rotated 90 deg, 19.0 cm not 19.5)"
med_005,med,1push,block,obj_4,24.4,38.9,83.4,12.0,7.5,5.0,2,11.9,16.0,0.0,26.4,69.9,0.0517,116,6,38,25,6,29,"long_axis_bearing_deg = bearing of the item's LONG side in world, counter-clockwise from +X, in [0,180). Place by this, not by yaw. yaw_deg is the MuJoCo local-frame rotation and its meaning differs between bricks (long side on local X) and blocks (long side on local Y).","every bar uses the wall_10/wall_11 ArUco mounting; wall_9 is excluded (tag rotated 90 deg, 19.0 cm not 19.5)"
med_006,med,1push,brick,wall_10,39.1,32.5,4.8,19.5,5.5,10.0,3,25.6,14.2,0.0,42.2,49.4,0.0645,62,4,45,15,10,35,"long_axis_bearing_deg = bearing of the item's LONG side in world, counter-clockwise from +X, in [0,180). Place by this, not by yaw. yaw_deg is the MuJoCo local-frame rotation and its meaning differs between bricks (long side on local X) and blocks (long side on local Y).","every bar uses the wall_10/wall_11 ArUco mounting; wall_9 is excluded (tag rotated 90 deg, 19.0 cm not 19.5)"
med_006,med,1push,brick,wall_11,13.6,45.4,79.7,19.5,5.5,10.0,3,25.6,14.2,0.0,42.2,49.4,0.0645,62,4,45,15,10,35,"long_axis_bearing_deg = bearing of the item's LONG side in world, counter-clockwise from +X, in [0,180). Place by this, not by yaw. yaw_deg is the MuJoCo local-frame rotation and its meaning differs between bricks (long side on local X) and blocks (long side on local Y).","every bar uses the wall_10/wall_11 ArUco mounting; wall_9 is excluded (tag rotated 90 deg, 19.0 cm not 19.5)"
med_006,med,1push,brick,wall_12,13.6,20.8,104.7,19.5,5.5,10.0,3,25.6,14.2,0.0,42.2,49.4,0.0645,62,4,45,15,10,35,"long_axis_bearing_deg = bearing of the item's LONG side in world, counter-clockwise from +X, in [0,180). Place by this, not by yaw. yaw_deg is the MuJoCo local-frame rotation and its meaning differs between bricks (long side on local X) and blocks (long side on local Y).","every bar uses the wall_10/wall_11 ArUco mounting; wall_9 is excluded (tag rotated 90 deg, 19.0 cm not 19.5)"
med_006,med,1push,block,obj_1,21.9,34.8,105.8,15.0,7.0,4.0,3,25.6,14.2,0.0,42.2,49.4,0.0645,62,4,45,15,10,35,"long_axis_bearing_deg = bearing of the item's LONG side in world, counter-clockwise from +X, in [0,180). Place by this, not by yaw. yaw_deg is the MuJoCo local-frame rotation and its meaning differs between bricks (long side on local X) and blocks (long side on local Y).","every bar uses the wall_10/wall_11 ArUco mounting; wall_9 is excluded (tag rotated 90 deg, 19.0 cm not 19.5)"
med_007,med,1push,brick,wall_10,39.2,31.8,0.2,19.5,5.5,10.0,3,29.5,17.3,0.0,33.0,70.8,0.0625,32,2,6,8,8,44,"long_axis_bearing_deg = bearing of the item's LONG side in world, counter-clockwise from +X, in [0,180). Place by this, not by yaw. yaw_deg is the MuJoCo local-frame rotation and its meaning differs between bricks (long side on local X) and blocks (long side on local Y).","every bar uses the wall_10/wall_11 ArUco mounting; wall_9 is excluded (tag rotated 90 deg, 19.0 cm not 19.5)"
med_007,med,1push,brick,wall_11,14.4,41.4,71.3,19.5,5.5,10.0,3,29.5,17.3,0.0,33.0,70.8,0.0625,32,2,6,8,8,44,"long_axis_bearing_deg = bearing of the item's LONG side in world, counter-clockwise from +X, in [0,180). Place by this, not by yaw. yaw_deg is the MuJoCo local-frame rotation and its meaning differs between bricks (long side on local X) and blocks (long side on local Y).","every bar uses the wall_10/wall_11 ArUco mounting; wall_9 is excluded (tag rotated 90 deg, 19.0 cm not 19.5)"
med_007,med,1push,brick,wall_12,14.4,19.6,109.0,19.5,5.5,10.0,3,29.5,17.3,0.0,33.0,70.8,0.0625,32,2,6,8,8,44,"long_axis_bearing_deg = bearing of the item's LONG side in world, counter-clockwise from +X, in [0,180). Place by this, not by yaw. yaw_deg is the MuJoCo local-frame rotation and its meaning differs between bricks (long side on local X) and blocks (long side on local Y).","every bar uses the wall_10/wall_11 ArUco mounting; wall_9 is excluded (tag rotated 90 deg, 19.0 cm not 19.5)"
med_007,med,1push,block,obj_4,21.2,30.2,86.9,12.0,7.5,5.0,3,29.5,17.3,0.0,33.0,70.8,0.0625,32,2,6,8,8,44,"long_axis_bearing_deg = bearing of the item's LONG side in world, counter-clockwise from +X, in [0,180). Place by this, not by yaw. yaw_deg is the MuJoCo local-frame rotation and its meaning differs between bricks (long side on local X) and blocks (long side on local Y).","every bar uses the wall_10/wall_11 ArUco mounting; wall_9 is excluded (tag rotated 90 deg, 19.0 cm not 19.5)"
med_008,med,1push,brick,wall_10,10.1,32.3,168.8,19.5,5.5,10.0,2,35.0,15.8,0.0,15.1,64.6,0.05,20,1,6,8,21,31,"long_axis_bearing_deg = bearing of the item's LONG side in world, counter-clockwise from +X, in [0,180). Place by this, not by yaw. yaw_deg is the MuJoCo local-frame rotation and its meaning differs between bricks (long side on local X) and blocks (long side on local Y).","every bar uses the wall_10/wall_11 ArUco mounting; wall_9 is excluded (tag rotated 90 deg, 19.0 cm not 19.5)"
med_008,med,1push,brick,wall_11,34.8,43.6,106.1,19.5,5.5,10.0,2,35.0,15.8,0.0,15.1,64.6,0.05,20,1,6,8,21,31,"long_axis_bearing_deg = bearing of the item's LONG side in world, counter-clockwise from +X, in [0,180). Place by this, not by yaw. yaw_deg is the MuJoCo local-frame rotation and its meaning differs between bricks (long side on local X) and blocks (long side on local Y).","every bar uses the wall_10/wall_11 ArUco mounting; wall_9 is excluded (tag rotated 90 deg, 19.0 cm not 19.5)"
med_008,med,1push,block,obj_1,23.4,37.0,138.1,15.0,7.0,4.0,2,35.0,15.8,0.0,15.1,64.6,0.05,20,1,6,8,21,31,"long_axis_bearing_deg = bearing of the item's LONG side in world, counter-clockwise from +X, in [0,180). Place by this, not by yaw. yaw_deg is the MuJoCo local-frame rotation and its meaning differs between bricks (long side on local X) and blocks (long side on local Y).","every bar uses the wall_10/wall_11 ArUco mounting; wall_9 is excluded (tag rotated 90 deg, 19.0 cm not 19.5)"
med_009,med,1push,brick,wall_10,39.0,42.8,174.6,19.5,5.5,10.0,2,10.7,7.4,0.0,42.4,70.7,0.0519,135,7,50,28,10,22,"long_axis_bearing_deg = bearing of the item's LONG side in world, counter-clockwise from +X, in [0,180). Place by this, not by yaw. yaw_deg is the MuJoCo local-frame rotation and its meaning differs between bricks (long side on local X) and blocks (long side on local Y).","every bar uses the wall_10/wall_11 ArUco mounting; wall_9 is excluded (tag rotated 90 deg, 19.0 cm not 19.5)"
med_009,med,1push,brick,wall_11,13.3,53.9,72.7,19.5,5.5,10.0,2,10.7,7.4,0.0,42.4,70.7,0.0519,135,7,50,28,10,22,"long_axis_bearing_deg = bearing of the item's LONG side in world, counter-clockwise from +X, in [0,180). Place by this, not by yaw. yaw_deg is the MuJoCo local-frame rotation and its meaning differs between bricks (long side on local X) and blocks (long side on local Y).","every bar uses the wall_10/wall_11 ArUco mounting; wall_9 is excluded (tag rotated 90 deg, 19.0 cm not 19.5)"
med_009,med,1push,block,obj_4,23.7,38.4,84.2,12.0,7.5,5.0,2,10.7,7.4,0.0,42.4,70.7,0.0519,135,7,50,28,10,22,"long_axis_bearing_deg = bearing of the item's LONG side in world, counter-clockwise from +X, in [0,180). Place by this, not by yaw. yaw_deg is the MuJoCo local-frame rotation and its meaning differs between bricks (long side on local X) and blocks (long side on local Y).","every bar uses the wall_10/wall_11 ArUco mounting; wall_9 is excluded (tag rotated 90 deg, 19.0 cm not 19.5)"
med_010,med,1push,brick,wall_10,39.1,31.2,176.4,19.5,5.5,10.0,3,24.6,12.2,0.0,19.3,57.4,0.0667,75,5,22,15,13,32,"long_axis_bearing_deg = bearing of the item's LONG side in world, counter-clockwise from +X, in [0,180). Place by this, not by yaw. yaw_deg is the MuJoCo local-frame rotation and its meaning differs between bricks (long side on local X) and blocks (long side on local Y).","every bar uses the wall_10/wall_11 ArUco mounting; wall_9 is excluded (tag rotated 90 deg, 19.0 cm not 19.5)"
med_010,med,1push,brick,wall_11,13.5,42.2,74.3,19.5,5.5,10.0,3,24.6,12.2,0.0,19.3,57.4,0.0667,75,5,22,15,13,32,"long_axis_bearing_deg = bearing of the item's LONG side in world, counter-clockwise from +X, in [0,180). Place by this, not by yaw. yaw_deg is the MuJoCo local-frame rotation and its meaning differs between bricks (long side on local X) and blocks (long side on local Y).","every bar uses the wall_10/wall_11 ArUco mounting; wall_9 is excluded (tag rotated 90 deg, 19.0 cm not 19.5)"
med_010,med,1push,brick,wall_12,13.5,21.3,86.8,19.5,5.5,10.0,3,24.6,12.2,0.0,19.3,57.4,0.0667,75,5,22,15,13,32,"long_axis_bearing_deg = bearing of the item's LONG side in world, counter-clockwise from +X, in [0,180). Place by this, not by yaw. yaw_deg is the MuJoCo local-frame rotation and its meaning differs between bricks (long side on local X) and blocks (long side on local Y).","every bar uses the wall_10/wall_11 ArUco mounting; wall_9 is excluded (tag rotated 90 deg, 19.0 cm not 19.5)"
med_010,med,1push,block,obj_1,21.8,27.3,85.6,15.0,7.0,4.0,3,24.6,12.2,0.0,19.3,57.4,0.0667,75,5,22,15,13,32,"long_axis_bearing_deg = bearing of the item's LONG side in world, counter-clockwise from +X, in [0,180). Place by this, not by yaw. yaw_deg is the MuJoCo local-frame rotation and its meaning differs between bricks (long side on local X) and blocks (long side on local Y).","every bar uses the wall_10/wall_11 ArUco mounting; wall_9 is excluded (tag rotated 90 deg, 19.0 cm not 19.5)"
med_011,med,1push,brick,wall_10,39.2,32.3,1.9,19.5,5.5,10.0,3,35.4,16.7,0.0,24.4,48.3,0.075,40,3,18,7,9,44,"long_axis_bearing_deg = bearing of the item's LONG side in world, counter-clockwise from +X, in [0,180). Place by this, not by yaw. yaw_deg is the MuJoCo local-frame rotation and its meaning differs between bricks (long side on local X) and blocks (long side on local Y).","every bar uses the wall_10/wall_11 ArUco mounting; wall_9 is excluded (tag rotated 90 deg, 19.0 cm not 19.5)"
med_011,med,1push,brick,wall_11,14.0,45.0,73.3,19.5,5.5,10.0,3,35.4,16.7,0.0,24.4,48.3,0.075,40,3,18,7,9,44,"long_axis_bearing_deg = bearing of the item's LONG side in world, counter-clockwise from +X, in [0,180). Place by this, not by yaw. yaw_deg is the MuJoCo local-frame rotation and its meaning differs between bricks (long side on local X) and blocks (long side on local Y).","every bar uses the wall_10/wall_11 ArUco mounting; wall_9 is excluded (tag rotated 90 deg, 19.0 cm not 19.5)"
med_011,med,1push,brick,wall_12,14.0,22.1,92.8,19.5,5.5,10.0,3,35.4,16.7,0.0,24.4,48.3,0.075,40,3,18,7,9,44,"long_axis_bearing_deg = bearing of the item's LONG side in world, counter-clockwise from +X, in [0,180). Place by this, not by yaw. yaw_deg is the MuJoCo local-frame rotation and its meaning differs between bricks (long side on local X) and blocks (long side on local Y).","every bar uses the wall_10/wall_11 ArUco mounting; wall_9 is excluded (tag rotated 90 deg, 19.0 cm not 19.5)"
med_011,med,1push,block,obj_4,20.9,31.2,90.5,12.0,7.5,5.0,3,35.4,16.7,0.0,24.4,48.3,0.075,40,3,18,7,9,44,"long_axis_bearing_deg = bearing of the item's LONG side in world, counter-clockwise from +X, in [0,180). Place by this, not by yaw. yaw_deg is the MuJoCo local-frame rotation and its meaning differs between bricks (long side on local X) and blocks (long side on local Y).","every bar uses the wall_10/wall_11 ArUco mounting; wall_9 is excluded (tag rotated 90 deg, 19.0 cm not 19.5)"
med_012,med,1push,brick,wall_10,10.9,40.1,33.8,19.5,5.5,10.0,2,19.7,12.9,0.0,26.8,68.8,0.05,120,6,38,26,6,28,"long_axis_bearing_deg = bearing of the item's LONG side in world, counter-clockwise from +X, in [0,180). Place by this, not by yaw. yaw_deg is the MuJoCo local-frame rotation and its meaning differs between bricks (long side on local X) and blocks (long side on local Y).","every bar uses the wall_10/wall_11 ArUco mounting; wall_9 is excluded (tag rotated 90 deg, 19.0 cm not 19.5)"
med_012,med,1push,brick,wall_11,37.5,36.1,44.3,19.5,5.5,10.0,2,19.7,12.9,0.0,26.8,68.8,0.05,120,6,38,26,6,28,"long_axis_bearing_deg = bearing of the item's LONG side in world, counter-clockwise from +X, in [0,180). Place by this, not by yaw. yaw_deg is the MuJoCo local-frame rotation and its meaning differs between bricks (long side on local X) and blocks (long side on local Y).","every bar uses the wall_10/wall_11 ArUco mounting; wall_9 is excluded (tag rotated 90 deg, 19.0 cm not 19.5)"
med_012,med,1push,block,obj_1,21.0,32.1,70.9,15.0,7.0,4.0,2,19.7,12.9,0.0,26.8,68.8,0.05,120,6,38,26,6,28,"long_axis_bearing_deg = bearing of the item's LONG side in world, counter-clockwise from +X, in [0,180). Place by this, not by yaw. yaw_deg is the MuJoCo local-frame rotation and its meaning differs between bricks (long side on local X) and blocks (long side on local Y).","every bar uses the wall_10/wall_11 ArUco mounting; wall_9 is excluded (tag rotated 90 deg, 19.0 cm not 19.5)"
med_013,med,1push,brick,wall_10,38.9,45.9,10.8,19.5,5.5,10.0,2,20.0,26.4,0.0,26.6,62.3,0.0526,114,6,36,26,8,26,"long_axis_bearing_deg = bearing of the item's LONG side in world, counter-clockwise from +X, in [0,180). Place by this, not by yaw. yaw_deg is the MuJoCo local-frame rotation and its meaning differs between bricks (long side on local X) and blocks (long side on local Y).","every bar uses the wall_10/wall_11 ArUco mounting; wall_9 is excluded (tag rotated 90 deg, 19.0 cm not 19.5)"
med_013,med,1push,brick,wall_11,13.6,56.3,76.3,19.5,5.5,10.0,2,20.0,26.4,0.0,26.6,62.3,0.0526,114,6,36,26,8,26,"long_axis_bearing_deg = bearing of the item's LONG side in world, counter-clockwise from +X, in [0,180). Place by this, not by yaw. yaw_deg is the MuJoCo local-frame rotation and its meaning differs between bricks (long side on local X) and blocks (long side on local Y).","every bar uses the wall_10/wall_11 ArUco mounting; wall_9 is excluded (tag rotated 90 deg, 19.0 cm not 19.5)"
med_013,med,1push,block,obj_4,18.1,42.7,46.9,12.0,7.5,5.0,2,20.0,26.4,0.0,26.6,62.3,0.0526,114,6,36,26,8,26,"long_axis_bearing_deg = bearing of the item's LONG side in world, counter-clockwise from +X, in [0,180). Place by this, not by yaw. yaw_deg is the MuJoCo local-frame rotation and its meaning differs between bricks (long side on local X) and blocks (long side on local Y).","every bar uses the wall_10/wall_11 ArUco mounting; wall_9 is excluded (tag rotated 90 deg, 19.0 cm not 19.5)"
med_014,med,1push,brick,wall_10,38.9,40.9,170.7,19.5,5.5,10.0,3,22.0,8.1,0.0,26.9,58.4,0.0741,27,2,8,7,11,42,"long_axis_bearing_deg = bearing of the item's LONG side in world, counter-clockwise from +X, in [0,180). Place by this, not by yaw. yaw_deg is the MuJoCo local-frame rotation and its meaning differs between bricks (long side on local X) and blocks (long side on local Y).","every bar uses the wall_10/wall_11 ArUco mounting; wall_9 is excluded (tag rotated 90 deg, 19.0 cm not 19.5)"
med_014,med,1push,brick,wall_11,14.0,52.6,87.8,19.5,5.5,10.0,3,22.0,8.1,0.0,26.9,58.4,0.0741,27,2,8,7,11,42,"long_axis_bearing_deg = bearing of the item's LONG side in world, counter-clockwise from +X, in [0,180). Place by this, not by yaw. yaw_deg is the MuJoCo local-frame rotation and its meaning differs between bricks (long side on local X) and blocks (long side on local Y).","every bar uses the wall_10/wall_11 ArUco mounting; wall_9 is excluded (tag rotated 90 deg, 19.0 cm not 19.5)"
med_014,med,1push,brick,wall_12,14.0,29.0,108.1,19.5,5.5,10.0,3,22.0,8.1,0.0,26.9,58.4,0.0741,27,2,8,7,11,42,"long_axis_bearing_deg = bearing of the item's LONG side in world, counter-clockwise from +X, in [0,180). Place by this, not by yaw. yaw_deg is the MuJoCo local-frame rotation and its meaning differs between bricks (long side on local X) and blocks (long side on local Y).","every bar uses the wall_10/wall_11 ArUco mounting; wall_9 is excluded (tag rotated 90 deg, 19.0 cm not 19.5)"
med_014,med,1push,block,obj_1,21.0,42.0,81.7,15.0,7.0,4.0,3,22.0,8.1,0.0,26.9,58.4,0.0741,27,2,8,7,11,42,"long_axis_bearing_deg = bearing of the item's LONG side in world, counter-clockwise from +X, in [0,180). Place by this, not by yaw. yaw_deg is the MuJoCo local-frame rotation and its meaning differs between bricks (long side on local X) and blocks (long side on local Y).","every bar uses the wall_10/wall_11 ArUco mounting; wall_9 is excluded (tag rotated 90 deg, 19.0 cm not 19.5)"
med_015,med,1push,brick,wall_10,39.1,34.8,3.1,19.5,5.5,10.0,3,25.5,18.8,0.0,10.9,70.7,0.0877,57,5,17,13,11,36,"long_axis_bearing_deg = bearing of the item's LONG side in world, counter-clockwise from +X, in [0,180). Place by this, not by yaw. yaw_deg is the MuJoCo local-frame rotation and its meaning differs between bricks (long side on local X) and blocks (long side on local Y).","every bar uses the wall_10/wall_11 ArUco mounting; wall_9 is excluded (tag rotated 90 deg, 19.0 cm not 19.5)"
med_015,med,1push,brick,wall_11,13.6,46.6,71.6,19.5,5.5,10.0,3,25.5,18.8,0.0,10.9,70.7,0.0877,57,5,17,13,11,36,"long_axis_bearing_deg = bearing of the item's LONG side in world, counter-clockwise from +X, in [0,180). Place by this, not by yaw. yaw_deg is the MuJoCo local-frame rotation and its meaning differs between bricks (long side on local X) and blocks (long side on local Y).","every bar uses the wall_10/wall_11 ArUco mounting; wall_9 is excluded (tag rotated 90 deg, 19.0 cm not 19.5)"
med_015,med,1push,brick,wall_12,13.6,23.3,85.0,19.5,5.5,10.0,3,25.5,18.8,0.0,10.9,70.7,0.0877,57,5,17,13,11,36,"long_axis_bearing_deg = bearing of the item's LONG side in world, counter-clockwise from +X, in [0,180). Place by this, not by yaw. yaw_deg is the MuJoCo local-frame rotation and its meaning differs between bricks (long side on local X) and blocks (long side on local Y).","every bar uses the wall_10/wall_11 ArUco mounting; wall_9 is excluded (tag rotated 90 deg, 19.0 cm not 19.5)"
med_015,med,1push,block,obj_4,21.4,31.7,89.7,12.0,7.5,5.0,3,25.5,18.8,0.0,10.9,70.7,0.0877,57,5,17,13,11,36,"long_axis_bearing_deg = bearing of the item's LONG side in world, counter-clockwise from +X, in [0,180). Place by this, not by yaw. yaw_deg is the MuJoCo local-frame rotation and its meaning differs between bricks (long side on local X) and blocks (long side on local Y).","every bar uses the wall_10/wall_11 ArUco mounting; wall_9 is excluded (tag rotated 90 deg, 19.0 cm not 19.5)"
med_016,med,1push,brick,wall_10,9.9,34.4,2.7,19.5,5.5,10.0,2,34.3,8.5,0.0,18.5,66.4,0.0505,99,5,6,21,15,24,"long_axis_bearing_deg = bearing of the item's LONG side in world, counter-clockwise from +X, in [0,180). Place by this, not by yaw. yaw_deg is the MuJoCo local-frame rotation and its meaning differs between bricks (long side on local X) and blocks (long side on local Y).","every bar uses the wall_10/wall_11 ArUco mounting; wall_9 is excluded (tag rotated 90 deg, 19.0 cm not 19.5)"
med_016,med,1push,brick,wall_11,34.8,41.0,105.5,19.5,5.5,10.0,2,34.3,8.5,0.0,18.5,66.4,0.0505,99,5,6,21,15,24,"long_axis_bearing_deg = bearing of the item's LONG side in world, counter-clockwise from +X, in [0,180). Place by this, not by yaw. yaw_deg is the MuJoCo local-frame rotation and its meaning differs between bricks (long side on local X) and blocks (long side on local Y).","every bar uses the wall_10/wall_11 ArUco mounting; wall_9 is excluded (tag rotated 90 deg, 19.0 cm not 19.5)"
med_016,med,1push,block,obj_1,27.2,32.1,111.0,15.0,7.0,4.0,2,34.3,8.5,0.0,18.5,66.4,0.0505,99,5,6,21,15,24,"long_axis_bearing_deg = bearing of the item's LONG side in world, counter-clockwise from +X, in [0,180). Place by this, not by yaw. yaw_deg is the MuJoCo local-frame rotation and its meaning differs between bricks (long side on local X) and blocks (long side on local Y).","every bar uses the wall_10/wall_11 ArUco mounting; wall_9 is excluded (tag rotated 90 deg, 19.0 cm not 19.5)"
med_017,med,1push,brick,wall_10,39.2,41.4,0.0,19.5,5.5,10.0,2,36.4,18.5,0.0,26.0,63.9,0.0548,146,8,59,30,10,20,"long_axis_bearing_deg = bearing of the item's LONG side in world, counter-clockwise from +X, in [0,180). Place by this, not by yaw. yaw_deg is the MuJoCo local-frame rotation and its meaning differs between bricks (long side on local X) and blocks (long side on local Y).","every bar uses the wall_10/wall_11 ArUco mounting; wall_9 is excluded (tag rotated 90 deg, 19.0 cm not 19.5)"
med_017,med,1push,brick,wall_11,13.9,52.9,73.7,19.5,5.5,10.0,2,36.4,18.5,0.0,26.0,63.9,0.0548,146,8,59,30,10,20,"long_axis_bearing_deg = bearing of the item's LONG side in world, counter-clockwise from +X, in [0,180). Place by this, not by yaw. yaw_deg is the MuJoCo local-frame rotation and its meaning differs between bricks (long side on local X) and blocks (long side on local Y).","every bar uses the wall_10/wall_11 ArUco mounting; wall_9 is excluded (tag rotated 90 deg, 19.0 cm not 19.5)"
med_017,med,1push,block,obj_4,22.3,36.5,79.9,12.0,7.5,5.0,2,36.4,18.5,0.0,26.0,63.9,0.0548,146,8,59,30,10,20,"long_axis_bearing_deg = bearing of the item's LONG side in world, counter-clockwise from +X, in [0,180). Place by this, not by yaw. yaw_deg is the MuJoCo local-frame rotation and its meaning differs between bricks (long side on local X) and blocks (long side on local Y).","every bar uses the wall_10/wall_11 ArUco mounting; wall_9 is excluded (tag rotated 90 deg, 19.0 cm not 19.5)"
med_018,med,1push,brick,wall_10,39.0,37.9,6.5,19.5,5.5,10.0,3,40.0,20.0,0.0,31.5,66.7,0.075,40,3,26,8,7,45,"long_axis_bearing_deg = bearing of the item's LONG side in world, counter-clockwise from +X, in [0,180). Place by this, not by yaw. yaw_deg is the MuJoCo local-frame rotation and its meaning differs between bricks (long side on local X) and blocks (long side on local Y).","every bar uses the wall_10/wall_11 ArUco mounting; wall_9 is excluded (tag rotated 90 deg, 19.0 cm not 19.5)"
med_018,med,1push,brick,wall_11,13.6,47.6,79.4,19.5,5.5,10.0,3,40.0,20.0,0.0,31.5,66.7,0.075,40,3,26,8,7,45,"long_axis_bearing_deg = bearing of the item's LONG side in world, counter-clockwise from +X, in [0,180). Place by this, not by yaw. yaw_deg is the MuJoCo local-frame rotation and its meaning differs between bricks (long side on local X) and blocks (long side on local Y).","every bar uses the wall_10/wall_11 ArUco mounting; wall_9 is excluded (tag rotated 90 deg, 19.0 cm not 19.5)"
med_018,med,1push,brick,wall_12,13.6,25.2,103.8,19.5,5.5,10.0,3,40.0,20.0,0.0,31.5,66.7,0.075,40,3,26,8,7,45,"long_axis_bearing_deg = bearing of the item's LONG side in world, counter-clockwise from +X, in [0,180). Place by this, not by yaw. yaw_deg is the MuJoCo local-frame rotation and its meaning differs between bricks (long side on local X) and blocks (long side on local Y).","every bar uses the wall_10/wall_11 ArUco mounting; wall_9 is excluded (tag rotated 90 deg, 19.0 cm not 19.5)"
med_018,med,1push,block,obj_1,20.3,36.0,93.2,15.0,7.0,4.0,3,40.0,20.0,0.0,31.5,66.7,0.075,40,3,26,8,7,45,"long_axis_bearing_deg = bearing of the item's LONG side in world, counter-clockwise from +X, in [0,180). Place by this, not by yaw. yaw_deg is the MuJoCo local-frame rotation and its meaning differs between bricks (long side on local X) and blocks (long side on local Y).","every bar uses the wall_10/wall_11 ArUco mounting; wall_9 is excluded (tag rotated 90 deg, 19.0 cm not 19.5)"
med_019,med,1push,brick,wall_10,39.0,30.3,173.4,19.5,5.5,10.0,3,40.6,17.3,0.0,38.7,60.5,0.0926,54,5,23,14,12,34,"long_axis_bearing_deg = bearing of the item's LONG side in world, counter-clockwise from +X, in [0,180). Place by this, not by yaw. yaw_deg is the MuJoCo local-frame rotation and its meaning differs between bricks (long side on local X) and blocks (long side on local Y).","every bar uses the wall_10/wall_11 ArUco mounting; wall_9 is excluded (tag rotated 90 deg, 19.0 cm not 19.5)"
med_019,med,1push,brick,wall_11,13.2,41.1,70.7,19.5,5.5,10.0,3,40.6,17.3,0.0,38.7,60.5,0.0926,54,5,23,14,12,34,"long_axis_bearing_deg = bearing of the item's LONG side in world, counter-clockwise from +X, in [0,180). Place by this, not by yaw. yaw_deg is the MuJoCo local-frame rotation and its meaning differs between bricks (long side on local X) and blocks (long side on local Y).","every bar uses the wall_10/wall_11 ArUco mounting; wall_9 is excluded (tag rotated 90 deg, 19.0 cm not 19.5)"
med_019,med,1push,brick,wall_12,13.2,18.7,101.4,19.5,5.5,10.0,3,40.6,17.3,0.0,38.7,60.5,0.0926,54,5,23,14,12,34,"long_axis_bearing_deg = bearing of the item's LONG side in world, counter-clockwise from +X, in [0,180). Place by this, not by yaw. yaw_deg is the MuJoCo local-frame rotation and its meaning differs between bricks (long side on local X) and blocks (long side on local Y).","every bar uses the wall_10/wall_11 ArUco mounting; wall_9 is excluded (tag rotated 90 deg, 19.0 cm not 19.5)"
med_019,med,1push,block,obj_4,22.3,27.4,83.4,12.0,7.5,5.0,3,40.6,17.3,0.0,38.7,60.5,0.0926,54,5,23,14,12,34,"long_axis_bearing_deg = bearing of the item's LONG side in world, counter-clockwise from +X, in [0,180). Place by this, not by yaw. yaw_deg is the MuJoCo local-frame rotation and its meaning differs between bricks (long side on local X) and blocks (long side on local Y).","every bar uses the wall_10/wall_11 ArUco mounting; wall_9 is excluded (tag rotated 90 deg, 19.0 cm not 19.5)"
med_020,med,1push,brick,wall_10,10.5,40.1,164.8,19.5,5.5,10.0,2,41.4,23.0,0.0,9.1,60.9,0.0517,116,6,4,25,11,24,"long_axis_bearing_deg = bearing of the item's LONG side in world, counter-clockwise from +X, in [0,180). Place by this, not by yaw. yaw_deg is the MuJoCo local-frame rotation and its meaning differs between bricks (long side on local X) and blocks (long side on local Y).","every bar uses the wall_10/wall_11 ArUco mounting; wall_9 is excluded (tag rotated 90 deg, 19.0 cm not 19.5)"
med_020,med,1push,brick,wall_11,19.8,45.4,169.5,19.5,5.5,10.0,2,41.4,23.0,0.0,9.1,60.9,0.0517,116,6,4,25,11,24,"long_axis_bearing_deg = bearing of the item's LONG side in world, counter-clockwise from +X, in [0,180). Place by this, not by yaw. yaw_deg is the MuJoCo local-frame rotation and its meaning differs between bricks (long side on local X) and blocks (long side on local Y).","every bar uses the wall_10/wall_11 ArUco mounting; wall_9 is excluded (tag rotated 90 deg, 19.0 cm not 19.5)"
med_020,med,1push,block,obj_1,37.6,38.7,58.8,15.0,7.0,4.0,2,41.4,23.0,0.0,9.1,60.9,0.0517,116,6,4,25,11,24,"long_axis_bearing_deg = bearing of the item's LONG side in world, counter-clockwise from +X, in [0,180). Place by this, not by yaw. yaw_deg is the MuJoCo local-frame rotation and its meaning differs between bricks (long side on local X) and blocks (long side on local Y).","every bar uses the wall_10/wall_11 ArUco mounting; wall_9 is excluded (tag rotated 90 deg, 19.0 cm not 19.5)"
med_021,med,1push,brick,wall_10,9.9,42.7,4.5,19.5,5.5,10.0,2,31.8,24.2,0.0,41.7,61.4,0.0556,108,6,39,22,10,28,"long_axis_bearing_deg = bearing of the item's LONG side in world, counter-clockwise from +X, in [0,180). Place by this, not by yaw. yaw_deg is the MuJoCo local-frame rotation and its meaning differs between bricks (long side on local X) and blocks (long side on local Y).","every bar uses the wall_10/wall_11 ArUco mounting; wall_9 is excluded (tag rotated 90 deg, 19.0 cm not 19.5)"
med_021,med,1push,brick,wall_11,35.4,50.8,108.3,19.5,5.5,10.0,2,31.8,24.2,0.0,41.7,61.4,0.0556,108,6,39,22,10,28,"long_axis_bearing_deg = bearing of the item's LONG side in world, counter-clockwise from +X, in [0,180). Place by this, not by yaw. yaw_deg is the MuJoCo local-frame rotation and its meaning differs between bricks (long side on local X) and blocks (long side on local Y).","every bar uses the wall_10/wall_11 ArUco mounting; wall_9 is excluded (tag rotated 90 deg, 19.0 cm not 19.5)"
med_021,med,1push,block,obj_4,26.7,39.5,89.8,12.0,7.5,5.0,2,31.8,24.2,0.0,41.7,61.4,0.0556,108,6,39,22,10,28,"long_axis_bearing_deg = bearing of the item's LONG side in world, counter-clockwise from +X, in [0,180). Place by this, not by yaw. yaw_deg is the MuJoCo local-frame rotation and its meaning differs between bricks (long side on local X) and blocks (long side on local Y).","every bar uses the wall_10/wall_11 ArUco mounting; wall_9 is excluded (tag rotated 90 deg, 19.0 cm not 19.5)"
med_022,med,1push,brick,wall_10,39.0,42.7,6.2,19.5,5.5,10.0,3,21.7,15.4,0.0,36.1,70.0,0.0833,72,6,36,19,15,26,"long_axis_bearing_deg = bearing of the item's LONG side in world, counter-clockwise from +X, in [0,180). Place by this, not by yaw. yaw_deg is the MuJoCo local-frame rotation and its meaning differs between bricks (long side on local X) and blocks (long side on local Y).","every bar uses the wall_10/wall_11 ArUco mounting; wall_9 is excluded (tag rotated 90 deg, 19.0 cm not 19.5)"
med_022,med,1push,brick,wall_11,14.1,52.3,80.5,19.5,5.5,10.0,3,21.7,15.4,0.0,36.1,70.0,0.0833,72,6,36,19,15,26,"long_axis_bearing_deg = bearing of the item's LONG side in world, counter-clockwise from +X, in [0,180). Place by this, not by yaw. yaw_deg is the MuJoCo local-frame rotation and its meaning differs between bricks (long side on local X) and blocks (long side on local Y).","every bar uses the wall_10/wall_11 ArUco mounting; wall_9 is excluded (tag rotated 90 deg, 19.0 cm not 19.5)"
med_022,med,1push,brick,wall_12,14.1,30.3,107.3,19.5,5.5,10.0,3,21.7,15.4,0.0,36.1,70.0,0.0833,72,6,36,19,15,26,"long_axis_bearing_deg = bearing of the item's LONG side in world, counter-clockwise from +X, in [0,180). Place by this, not by yaw. yaw_deg is the MuJoCo local-frame rotation and its meaning differs between bricks (long side on local X) and blocks (long side on local Y).","every bar uses the wall_10/wall_11 ArUco mounting; wall_9 is excluded (tag rotated 90 deg, 19.0 cm not 19.5)"
med_022,med,1push,block,obj_1,25.5,38.4,94.6,15.0,7.0,4.0,3,21.7,15.4,0.0,36.1,70.0,0.0833,72,6,36,19,15,26,"long_axis_bearing_deg = bearing of the item's LONG side in world, counter-clockwise from +X, in [0,180). Place by this, not by yaw. yaw_deg is the MuJoCo local-frame rotation and its meaning differs between bricks (long side on local X) and blocks (long side on local Y).","every bar uses the wall_10/wall_11 ArUco mounting; wall_9 is excluded (tag rotated 90 deg, 19.0 cm not 19.5)"
med_023,med,1push,brick,wall_10,39.0,32.0,6.1,19.5,5.5,10.0,3,42.0,20.8,0.0,41.4,54.7,0.1071,56,6,22,12,10,38,"long_axis_bearing_deg = bearing of the item's LONG side in world, counter-clockwise from +X, in [0,180). Place by this, not by yaw. yaw_deg is the MuJoCo local-frame rotation and its meaning differs between bricks (long side on local X) and blocks (long side on local Y).","every bar uses the wall_10/wall_11 ArUco mounting; wall_9 is excluded (tag rotated 90 deg, 19.0 cm not 19.5)"
med_023,med,1push,brick,wall_11,13.3,44.9,78.6,19.5,5.5,10.0,3,42.0,20.8,0.0,41.4,54.7,0.1071,56,6,22,12,10,38,"long_axis_bearing_deg = bearing of the item's LONG side in world, counter-clockwise from +X, in [0,180). Place by this, not by yaw. yaw_deg is the MuJoCo local-frame rotation and its meaning differs between bricks (long side on local X) and blocks (long side on local Y).","every bar uses the wall_10/wall_11 ArUco mounting; wall_9 is excluded (tag rotated 90 deg, 19.0 cm not 19.5)"
med_023,med,1push,brick,wall_12,13.3,19.7,102.4,19.5,5.5,10.0,3,42.0,20.8,0.0,41.4,54.7,0.1071,56,6,22,12,10,38,"long_axis_bearing_deg = bearing of the item's LONG side in world, counter-clockwise from +X, in [0,180). Place by this, not by yaw. yaw_deg is the MuJoCo local-frame rotation and its meaning differs between bricks (long side on local X) and blocks (long side on local Y).","every bar uses the wall_10/wall_11 ArUco mounting; wall_9 is excluded (tag rotated 90 deg, 19.0 cm not 19.5)"
med_023,med,1push,block,obj_4,20.8,27.9,91.7,12.0,7.5,5.0,3,42.0,20.8,0.0,41.4,54.7,0.1071,56,6,22,12,10,38,"long_axis_bearing_deg = bearing of the item's LONG side in world, counter-clockwise from +X, in [0,180). Place by this, not by yaw. yaw_deg is the MuJoCo local-frame rotation and its meaning differs between bricks (long side on local X) and blocks (long side on local Y).","every bar uses the wall_10/wall_11 ArUco mounting; wall_9 is excluded (tag rotated 90 deg, 19.0 cm not 19.5)"
med_024,med,1push,brick,wall_10,39.0,45.4,173.8,19.5,5.5,10.0,2,6.6,6.7,0.0,24.6,69.6,0.0519,154,8,2,33,7,20,"long_axis_bearing_deg = bearing of the item's LONG side in world, counter-clockwise from +X, in [0,180). Place by this, not by yaw. yaw_deg is the MuJoCo local-frame rotation and its meaning differs between bricks (long side on local X) and blocks (long side on local Y).","every bar uses the wall_10/wall_11 ArUco mounting; wall_9 is excluded (tag rotated 90 deg, 19.0 cm not 19.5)"
med_024,med,1push,brick,wall_11,13.2,58.1,75.5,19.5,5.5,10.0,2,6.6,6.7,0.0,24.6,69.6,0.0519,154,8,2,33,7,20,"long_axis_bearing_deg = bearing of the item's LONG side in world, counter-clockwise from +X, in [0,180). Place by this, not by yaw. yaw_deg is the MuJoCo local-frame rotation and its meaning differs between bricks (long side on local X) and blocks (long side on local Y).","every bar uses the wall_10/wall_11 ArUco mounting; wall_9 is excluded (tag rotated 90 deg, 19.0 cm not 19.5)"
med_024,med,1push,block,obj_1,20.2,40.8,4.7,15.0,7.0,4.0,2,6.6,6.7,0.0,24.6,69.6,0.0519,154,8,2,33,7,20,"long_axis_bearing_deg = bearing of the item's LONG side in world, counter-clockwise from +X, in [0,180). Place by this, not by yaw. yaw_deg is the MuJoCo local-frame rotation and its meaning differs between bricks (long side on local X) and blocks (long side on local Y).","every bar uses the wall_10/wall_11 ArUco mounting; wall_9 is excluded (tag rotated 90 deg, 19.0 cm not 19.5)"
med_025,med,1push,brick,wall_10,10.1,46.1,10.9,19.5,5.5,10.0,2,18.4,7.8,0.0,8.4,61.5,0.0563,71,4,36,18,8,34,"long_axis_bearing_deg = bearing of the item's LONG side in world, counter-clockwise from +X, in [0,180). Place by this, not by yaw. yaw_deg is the MuJoCo local-frame rotation and its meaning differs between bricks (long side on local X) and blocks (long side on local Y).","every bar uses the wall_10/wall_11 ArUco mounting; wall_9 is excluded (tag rotated 90 deg, 19.0 cm not 19.5)"
med_025,med,1push,brick,wall_11,36.1,56.9,106.4,19.5,5.5,10.0,2,18.4,7.8,0.0,8.4,61.5,0.0563,71,4,36,18,8,34,"long_axis_bearing_deg = bearing of the item's LONG side in world, counter-clockwise from +X, in [0,180). Place by this, not by yaw. yaw_deg is the MuJoCo local-frame rotation and its meaning differs between bricks (long side on local X) and blocks (long side on local Y).","every bar uses the wall_10/wall_11 ArUco mounting; wall_9 is excluded (tag rotated 90 deg, 19.0 cm not 19.5)"
med_025,med,1push,block,obj_4,27.9,45.3,8.8,12.0,7.5,5.0,2,18.4,7.8,0.0,8.4,61.5,0.0563,71,4,36,18,8,34,"long_axis_bearing_deg = bearing of the item's LONG side in world, counter-clockwise from +X, in [0,180). Place by this, not by yaw. yaw_deg is the MuJoCo local-frame rotation and its meaning differs between bricks (long side on local X) and blocks (long side on local Y).","every bar uses the wall_10/wall_11 ArUco mounting; wall_9 is excluded (tag rotated 90 deg, 19.0 cm not 19.5)"
med_026,med,1push,brick,wall_10,39.2,40.9,2.2,19.5,5.5,10.0,3,30.6,21.9,0.0,6.7,69.7,0.0897,78,7,38,19,15,26,"long_axis_bearing_deg = bearing of the item's LONG side in world, counter-clockwise from +X, in [0,180). Place by this, not by yaw. yaw_deg is the MuJoCo local-frame rotation and its meaning differs between bricks (long side on local X) and blocks (long side on local Y).","every bar uses the wall_10/wall_11 ArUco mounting; wall_9 is excluded (tag rotated 90 deg, 19.0 cm not 19.5)"
med_026,med,1push,brick,wall_11,13.8,53.1,72.8,19.5,5.5,10.0,3,30.6,21.9,0.0,6.7,69.7,0.0897,78,7,38,19,15,26,"long_axis_bearing_deg = bearing of the item's LONG side in world, counter-clockwise from +X, in [0,180). Place by this, not by yaw. yaw_deg is the MuJoCo local-frame rotation and its meaning differs between bricks (long side on local X) and blocks (long side on local Y).","every bar uses the wall_10/wall_11 ArUco mounting; wall_9 is excluded (tag rotated 90 deg, 19.0 cm not 19.5)"
med_026,med,1push,brick,wall_12,13.8,32.3,100.5,19.5,5.5,10.0,3,30.6,21.9,0.0,6.7,69.7,0.0897,78,7,38,19,15,26,"long_axis_bearing_deg = bearing of the item's LONG side in world, counter-clockwise from +X, in [0,180). Place by this, not by yaw. yaw_deg is the MuJoCo local-frame rotation and its meaning differs between bricks (long side on local X) and blocks (long side on local Y).","every bar uses the wall_10/wall_11 ArUco mounting; wall_9 is excluded (tag rotated 90 deg, 19.0 cm not 19.5)"
med_026,med,1push,block,obj_1,25.1,36.9,92.4,15.0,7.0,4.0,3,30.6,21.9,0.0,6.7,69.7,0.0897,78,7,38,19,15,26,"long_axis_bearing_deg = bearing of the item's LONG side in world, counter-clockwise from +X, in [0,180). Place by this, not by yaw. yaw_deg is the MuJoCo local-frame rotation and its meaning differs between bricks (long side on local X) and blocks (long side on local Y).","every bar uses the wall_10/wall_11 ArUco mounting; wall_9 is excluded (tag rotated 90 deg, 19.0 cm not 19.5)"
med_027,med,1push,brick,wall_10,39.2,40.6,0.1,19.5,5.5,10.0,3,20.5,10.3,0.0,8.9,63.0,0.1077,65,7,33,13,11,36,"long_axis_bearing_deg = bearing of the item's LONG side in world, counter-clockwise from +X, in [0,180). Place by this, not by yaw. yaw_deg is the MuJoCo local-frame rotation and its meaning differs between bricks (long side on local X) and blocks (long side on local Y).","every bar uses the wall_10/wall_11 ArUco mounting; wall_9 is excluded (tag rotated 90 deg, 19.0 cm not 19.5)"
med_027,med,1push,brick,wall_11,14.0,49.1,72.6,19.5,5.5,10.0,3,20.5,10.3,0.0,8.9,63.0,0.1077,65,7,33,13,11,36,"long_axis_bearing_deg = bearing of the item's LONG side in world, counter-clockwise from +X, in [0,180). Place by this, not by yaw. yaw_deg is the MuJoCo local-frame rotation and its meaning differs between bricks (long side on local X) and blocks (long side on local Y).","every bar uses the wall_10/wall_11 ArUco mounting; wall_9 is excluded (tag rotated 90 deg, 19.0 cm not 19.5)"
med_027,med,1push,brick,wall_12,14.0,27.9,90.0,19.5,5.5,10.0,3,20.5,10.3,0.0,8.9,63.0,0.1077,65,7,33,13,11,36,"long_axis_bearing_deg = bearing of the item's LONG side in world, counter-clockwise from +X, in [0,180). Place by this, not by yaw. yaw_deg is the MuJoCo local-frame rotation and its meaning differs between bricks (long side on local X) and blocks (long side on local Y).","every bar uses the wall_10/wall_11 ArUco mounting; wall_9 is excluded (tag rotated 90 deg, 19.0 cm not 19.5)"
med_027,med,1push,block,obj_4,22.2,37.3,87.7,12.0,7.5,5.0,3,20.5,10.3,0.0,8.9,63.0,0.1077,65,7,33,13,11,36,"long_axis_bearing_deg = bearing of the item's LONG side in world, counter-clockwise from +X, in [0,180). Place by this, not by yaw. yaw_deg is the MuJoCo local-frame rotation and its meaning differs between bricks (long side on local X) and blocks (long side on local Y).","every bar uses the wall_10/wall_11 ArUco mounting; wall_9 is excluded (tag rotated 90 deg, 19.0 cm not 19.5)"
med_028,med,1push,brick,wall_10,10.0,31.9,7.3,19.5,5.5,10.0,2,38.2,16.4,0.0,31.3,69.0,0.0521,96,5,32,22,13,25,"long_axis_bearing_deg = bearing of the item's LONG side in world, counter-clockwise from +X, in [0,180). Place by this, not by yaw. yaw_deg is the MuJoCo local-frame rotation and its meaning differs between bricks (long side on local X) and blocks (long side on local Y).","every bar uses the wall_10/wall_11 ArUco mounting; wall_9 is excluded (tag rotated 90 deg, 19.0 cm not 19.5)"
med_028,med,1push,brick,wall_11,34.5,43.8,109.9,19.5,5.5,10.0,2,38.2,16.4,0.0,31.3,69.0,0.0521,96,5,32,22,13,25,"long_axis_bearing_deg = bearing of the item's LONG side in world, counter-clockwise from +X, in [0,180). Place by this, not by yaw. yaw_deg is the MuJoCo local-frame rotation and its meaning differs between bricks (long side on local X) and blocks (long side on local Y).","every bar uses the wall_10/wall_11 ArUco mounting; wall_9 is excluded (tag rotated 90 deg, 19.0 cm not 19.5)"
med_028,med,1push,block,obj_1,30.6,33.4,120.6,15.0,7.0,4.0,2,38.2,16.4,0.0,31.3,69.0,0.0521,96,5,32,22,13,25,"long_axis_bearing_deg = bearing of the item's LONG side in world, counter-clockwise from +X, in [0,180). Place by this, not by yaw. yaw_deg is the MuJoCo local-frame rotation and its meaning differs between bricks (long side on local X) and blocks (long side on local Y).","every bar uses the wall_10/wall_11 ArUco mounting; wall_9 is excluded (tag rotated 90 deg, 19.0 cm not 19.5)"
med_029,med,1push,brick,wall_10,10.1,33.2,170.3,19.5,5.5,10.0,2,42.6,20.8,0.0,18.1,55.8,0.0575,87,5,53,18,11,31,"long_axis_bearing_deg = bearing of the item's LONG side in world, counter-clockwise from +X, in [0,180). Place by this, not by yaw. yaw_deg is the MuJoCo local-frame rotation and its meaning differs between bricks (long side on local X) and blocks (long side on local Y).","every bar uses the wall_10/wall_11 ArUco mounting; wall_9 is excluded (tag rotated 90 deg, 19.0 cm not 19.5)"
med_029,med,1push,brick,wall_11,35.5,45.4,103.9,19.5,5.5,10.0,2,42.6,20.8,0.0,18.1,55.8,0.0575,87,5,53,18,11,31,"long_axis_bearing_deg = bearing of the item's LONG side in world, counter-clockwise from +X, in [0,180). Place by this, not by yaw. yaw_deg is the MuJoCo local-frame rotation and its meaning differs between bricks (long side on local X) and blocks (long side on local Y).","every bar uses the wall_10/wall_11 ArUco mounting; wall_9 is excluded (tag rotated 90 deg, 19.0 cm not 19.5)"
med_029,med,1push,block,obj_4,26.9,34.3,79.9,12.0,7.5,5.0,2,42.6,20.8,0.0,18.1,55.8,0.0575,87,5,53,18,11,31,"long_axis_bearing_deg = bearing of the item's LONG side in world, counter-clockwise from +X, in [0,180). Place by this, not by yaw. yaw_deg is the MuJoCo local-frame rotation and its meaning differs between bricks (long side on local X) and blocks (long side on local Y).","every bar uses the wall_10/wall_11 ArUco mounting; wall_9 is excluded (tag rotated 90 deg, 19.0 cm not 19.5)"
med_030,med,1push,brick,wall_10,39.2,40.2,0.7,19.5,5.5,10.0,3,7.8,12.4,0.0,32.3,61.7,0.1,20,2,10,7,16,37,"long_axis_bearing_deg = bearing of the item's LONG side in world, counter-clockwise from +X, in [0,180). Place by this, not by yaw. yaw_deg is the MuJoCo local-frame rotation and its meaning differs between bricks (long side on local X) and blocks (long side on local Y).","every bar uses the wall_10/wall_11 ArUco mounting; wall_9 is excluded (tag rotated 90 deg, 19.0 cm not 19.5)"
med_030,med,1push,brick,wall_11,14.2,52.8,78.5,19.5,5.5,10.0,3,7.8,12.4,0.0,32.3,61.7,0.1,20,2,10,7,16,37,"long_axis_bearing_deg = bearing of the item's LONG side in world, counter-clockwise from +X, in [0,180). Place by this, not by yaw. yaw_deg is the MuJoCo local-frame rotation and its meaning differs between bricks (long side on local X) and blocks (long side on local Y).","every bar uses the wall_10/wall_11 ArUco mounting; wall_9 is excluded (tag rotated 90 deg, 19.0 cm not 19.5)"
med_030,med,1push,brick,wall_12,14.2,28.6,107.0,19.5,5.5,10.0,3,7.8,12.4,0.0,32.3,61.7,0.1,20,2,10,7,16,37,"long_axis_bearing_deg = bearing of the item's LONG side in world, counter-clockwise from +X, in [0,180). Place by this, not by yaw. yaw_deg is the MuJoCo local-frame rotation and its meaning differs between bricks (long side on local X) and blocks (long side on local Y).","every bar uses the wall_10/wall_11 ArUco mounting; wall_9 is excluded (tag rotated 90 deg, 19.0 cm not 19.5)"
med_030,med,1push,block,obj_1,22.4,42.4,76.3,15.0,7.0,4.0,3,7.8,12.4,0.0,32.3,61.7,0.1,20,2,10,7,16,37,"long_axis_bearing_deg = bearing of the item's LONG side in world, counter-clockwise from +X, in [0,180). Place by this, not by yaw. yaw_deg is the MuJoCo local-frame rotation and its meaning differs between bricks (long side on local X) and blocks (long side on local Y).","every bar uses the wall_10/wall_11 ArUco mounting; wall_9 is excluded (tag rotated 90 deg, 19.0 cm not 19.5)"
med_031,med,1push,brick,wall_10,9.9,42.3,3.3,19.5,5.5,10.0,3,11.0,28.9,0.0,22.0,67.5,0.1154,26,3,11,6,9,45,"long_axis_bearing_deg = bearing of the item's LONG side in world, counter-clockwise from +X, in [0,180). Place by this, not by yaw. yaw_deg is the MuJoCo local-frame rotation and its meaning differs between bricks (long side on local X) and blocks (long side on local Y).","every bar uses the wall_10/wall_11 ArUco mounting; wall_9 is excluded (tag rotated 90 deg, 19.0 cm not 19.5)"
med_031,med,1push,brick,wall_11,34.8,52.9,107.8,19.5,5.5,10.0,3,11.0,28.9,0.0,22.0,67.5,0.1154,26,3,11,6,9,45,"long_axis_bearing_deg = bearing of the item's LONG side in world, counter-clockwise from +X, in [0,180). Place by this, not by yaw. yaw_deg is the MuJoCo local-frame rotation and its meaning differs between bricks (long side on local X) and blocks (long side on local Y).","every bar uses the wall_10/wall_11 ArUco mounting; wall_9 is excluded (tag rotated 90 deg, 19.0 cm not 19.5)"
med_031,med,1push,brick,wall_12,34.8,29.5,75.3,19.5,5.5,10.0,3,11.0,28.9,0.0,22.0,67.5,0.1154,26,3,11,6,9,45,"long_axis_bearing_deg = bearing of the item's LONG side in world, counter-clockwise from +X, in [0,180). Place by this, not by yaw. yaw_deg is the MuJoCo local-frame rotation and its meaning differs between bricks (long side on local X) and blocks (long side on local Y).","every bar uses the wall_10/wall_11 ArUco mounting; wall_9 is excluded (tag rotated 90 deg, 19.0 cm not 19.5)"
med_031,med,1push,block,obj_4,28.6,42.5,97.0,12.0,7.5,5.0,3,11.0,28.9,0.0,22.0,67.5,0.1154,26,3,11,6,9,45,"long_axis_bearing_deg = bearing of the item's LONG side in world, counter-clockwise from +X, in [0,180). Place by this, not by yaw. yaw_deg is the MuJoCo local-frame rotation and its meaning differs between bricks (long side on local X) and blocks (long side on local Y).","every bar uses the wall_10/wall_11 ArUco mounting; wall_9 is excluded (tag rotated 90 deg, 19.0 cm not 19.5)"
med_032,med,1push,brick,wall_10,10.1,32.3,9.3,19.5,5.5,10.0,2,40.0,6.1,0.0,20.9,53.4,0.0523,153,8,2,33,5,22,"long_axis_bearing_deg = bearing of the item's LONG side in world, counter-clockwise from +X, in [0,180). Place by this, not by yaw. yaw_deg is the MuJoCo local-frame rotation and its meaning differs between bricks (long side on local X) and blocks (long side on local Y).","every bar uses the wall_10/wall_11 ArUco mounting; wall_9 is excluded (tag rotated 90 deg, 19.0 cm not 19.5)"
med_032,med,1push,brick,wall_11,36.1,44.4,104.9,19.5,5.5,10.0,2,40.0,6.1,0.0,20.9,53.4,0.0523,153,8,2,33,5,22,"long_axis_bearing_deg = bearing of the item's LONG side in world, counter-clockwise from +X, in [0,180). Place by this, not by yaw. yaw_deg is the MuJoCo local-frame rotation and its meaning differs between bricks (long side on local X) and blocks (long side on local Y).","every bar uses the wall_10/wall_11 ArUco mounting; wall_9 is excluded (tag rotated 90 deg, 19.0 cm not 19.5)"
med_032,med,1push,block,obj_1,29.5,27.7,62.5,15.0,7.0,4.0,2,40.0,6.1,0.0,20.9,53.4,0.0523,153,8,2,33,5,22,"long_axis_bearing_deg = bearing of the item's LONG side in world, counter-clockwise from +X, in [0,180). Place by this, not by yaw. yaw_deg is the MuJoCo local-frame rotation and its meaning differs between bricks (long side on local X) and blocks (long side on local Y).","every bar uses the wall_10/wall_11 ArUco mounting; wall_9 is excluded (tag rotated 90 deg, 19.0 cm not 19.5)"
med_033,med,1push,brick,wall_10,38.9,33.8,170.5,19.5,5.5,10.0,2,18.1,16.7,0.0,21.9,61.8,0.0583,103,6,28,22,6,32,"long_axis_bearing_deg = bearing of the item's LONG side in world, counter-clockwise from +X, in [0,180). Place by this, not by yaw. yaw_deg is the MuJoCo local-frame rotation and its meaning differs between bricks (long side on local X) and blocks (long side on local Y).","every bar uses the wall_10/wall_11 ArUco mounting; wall_9 is excluded (tag rotated 90 deg, 19.0 cm not 19.5)"
med_033,med,1push,brick,wall_11,13.3,44.0,71.1,19.5,5.5,10.0,2,18.1,16.7,0.0,21.9,61.8,0.0583,103,6,28,22,6,32,"long_axis_bearing_deg = bearing of the item's LONG side in world, counter-clockwise from +X, in [0,180). Place by this, not by yaw. yaw_deg is the MuJoCo local-frame rotation and its meaning differs between bricks (long side on local X) and blocks (long side on local Y).","every bar uses the wall_10/wall_11 ArUco mounting; wall_9 is excluded (tag rotated 90 deg, 19.0 cm not 19.5)"
med_033,med,1push,block,obj_4,21.4,33.1,57.5,12.0,7.5,5.0,2,18.1,16.7,0.0,21.9,61.8,0.0583,103,6,28,22,6,32,"long_axis_bearing_deg = bearing of the item's LONG side in world, counter-clockwise from +X, in [0,180). Place by this, not by yaw. yaw_deg is the MuJoCo local-frame rotation and its meaning differs between bricks (long side on local X) and blocks (long side on local Y).","every bar uses the wall_10/wall_11 ArUco mounting; wall_9 is excluded (tag rotated 90 deg, 19.0 cm not 19.5)"
med_034,med,1push,brick,wall_10,10.7,29.7,159.9,19.5,5.5,10.0,3,37.3,12.5,0.0,21.9,63.3,0.1,20,2,11,4,14,42,"long_axis_bearing_deg = bearing of the item's LONG side in world, counter-clockwise from +X, in [0,180). Place by this, not by yaw. yaw_deg is the MuJoCo local-frame rotation and its meaning differs between bricks (long side on local X) and blocks (long side on local Y).","every bar uses the wall_10/wall_11 ArUco mounting; wall_9 is excluded (tag rotated 90 deg, 19.0 cm not 19.5)"
med_034,med,1push,brick,wall_11,13.7,40.9,7.4,19.5,5.5,10.0,3,37.3,12.5,0.0,21.9,63.3,0.1,20,2,11,4,14,42,"long_axis_bearing_deg = bearing of the item's LONG side in world, counter-clockwise from +X, in [0,180). Place by this, not by yaw. yaw_deg is the MuJoCo local-frame rotation and its meaning differs between bricks (long side on local X) and blocks (long side on local Y).","every bar uses the wall_10/wall_11 ArUco mounting; wall_9 is excluded (tag rotated 90 deg, 19.0 cm not 19.5)"
med_034,med,1push,brick,wall_12,25.9,30.2,157.0,19.5,5.5,10.0,3,37.3,12.5,0.0,21.9,63.3,0.1,20,2,11,4,14,42,"long_axis_bearing_deg = bearing of the item's LONG side in world, counter-clockwise from +X, in [0,180). Place by this, not by yaw. yaw_deg is the MuJoCo local-frame rotation and its meaning differs between bricks (long side on local X) and blocks (long side on local Y).","every bar uses the wall_10/wall_11 ArUco mounting; wall_9 is excluded (tag rotated 90 deg, 19.0 cm not 19.5)"
med_034,med,1push,block,obj_1,37.8,36.7,178.0,15.0,7.0,4.0,3,37.3,12.5,0.0,21.9,63.3,0.1,20,2,11,4,14,42,"long_axis_bearing_deg = bearing of the item's LONG side in world, counter-clockwise from +X, in [0,180). Place by this, not by yaw. yaw_deg is the MuJoCo local-frame rotation and its meaning differs between bricks (long side on local X) and blocks (long side on local Y).","every bar uses the wall_10/wall_11 ArUco mounting; wall_9 is excluded (tag rotated 90 deg, 19.0 cm not 19.5)"
med_035,med,1push,brick,wall_10,10.0,34.3,6.5,19.5,5.5,10.0,3,34.8,6.4,0.0,31.6,66.6,0.1154,52,6,0,15,15,30,"long_axis_bearing_deg = bearing of the item's LONG side in world, counter-clockwise from +X, in [0,180). Place by this, not by yaw. yaw_deg is the MuJoCo local-frame rotation and its meaning differs between bricks (long side on local X) and blocks (long side on local Y).","every bar uses the wall_10/wall_11 ArUco mounting; wall_9 is excluded (tag rotated 90 deg, 19.0 cm not 19.5)"
med_035,med,1push,brick,wall_11,35.6,45.2,92.7,19.5,5.5,10.0,3,34.8,6.4,0.0,31.6,66.6,0.1154,52,6,0,15,15,30,"long_axis_bearing_deg = bearing of the item's LONG side in world, counter-clockwise from +X, in [0,180). Place by this, not by yaw. yaw_deg is the MuJoCo local-frame rotation and its meaning differs between bricks (long side on local X) and blocks (long side on local Y).","every bar uses the wall_10/wall_11 ArUco mounting; wall_9 is excluded (tag rotated 90 deg, 19.0 cm not 19.5)"
med_035,med,1push,brick,wall_12,35.6,24.2,71.7,19.5,5.5,10.0,3,34.8,6.4,0.0,31.6,66.6,0.1154,52,6,0,15,15,30,"long_axis_bearing_deg = bearing of the item's LONG side in world, counter-clockwise from +X, in [0,180). Place by this, not by yaw. yaw_deg is the MuJoCo local-frame rotation and its meaning differs between bricks (long side on local X) and blocks (long side on local Y).","every bar uses the wall_10/wall_11 ArUco mounting; wall_9 is excluded (tag rotated 90 deg, 19.0 cm not 19.5)"
med_035,med,1push,block,obj_4,25.5,32.7,91.9,12.0,7.5,5.0,3,34.8,6.4,0.0,31.6,66.6,0.1154,52,6,0,15,15,30,"long_axis_bearing_deg = bearing of the item's LONG side in world, counter-clockwise from +X, in [0,180). Place by this, not by yaw. yaw_deg is the MuJoCo local-frame rotation and its meaning differs between bricks (long side on local X) and blocks (long side on local Y).","every bar uses the wall_10/wall_11 ArUco mounting; wall_9 is excluded (tag rotated 90 deg, 19.0 cm not 19.5)"
med_036,med,1push,brick,wall_10,10.1,47.9,169.3,19.5,5.5,10.0,2,14.4,7.8,0.0,23.8,67.3,0.0526,76,4,28,21,15,24,"long_axis_bearing_deg = bearing of the item's LONG side in world, counter-clockwise from +X, in [0,180). Place by this, not by yaw. yaw_deg is the MuJoCo local-frame rotation and its meaning differs between bricks (long side on local X) and blocks (long side on local Y).","every bar uses the wall_10/wall_11 ArUco mounting; wall_9 is excluded (tag rotated 90 deg, 19.0 cm not 19.5)"
med_036,med,1push,brick,wall_11,36.1,54.0,103.6,19.5,5.5,10.0,2,14.4,7.8,0.0,23.8,67.3,0.0526,76,4,28,21,15,24,"long_axis_bearing_deg = bearing of the item's LONG side in world, counter-clockwise from +X, in [0,180). Place by this, not by yaw. yaw_deg is the MuJoCo local-frame rotation and its meaning differs between bricks (long side on local X) and blocks (long side on local Y).","every bar uses the wall_10/wall_11 ArUco mounting; wall_9 is excluded (tag rotated 90 deg, 19.0 cm not 19.5)"
med_036,med,1push,block,obj_1,27.7,46.8,127.5,15.0,7.0,4.0,2,14.4,7.8,0.0,23.8,67.3,0.0526,76,4,28,21,15,24,"long_axis_bearing_deg = bearing of the item's LONG side in world, counter-clockwise from +X, in [0,180). Place by this, not by yaw. yaw_deg is the MuJoCo local-frame rotation and its meaning differs between bricks (long side on local X) and blocks (long side on local Y).","every bar uses the wall_10/wall_11 ArUco mounting; wall_9 is excluded (tag rotated 90 deg, 19.0 cm not 19.5)"
med_037,med,1push,brick,wall_10,9.8,46.7,178.2,19.5,5.5,10.0,2,34.0,24.4,0.0,15.8,61.3,0.0584,137,8,40,28,11,21,"long_axis_bearing_deg = bearing of the item's LONG side in world, counter-clockwise from +X, in [0,180). Place by this, not by yaw. yaw_deg is the MuJoCo local-frame rotation and its meaning differs between bricks (long side on local X) and blocks (long side on local Y).","every bar uses the wall_10/wall_11 ArUco mounting; wall_9 is excluded (tag rotated 90 deg, 19.0 cm not 19.5)"
med_037,med,1push,brick,wall_11,35.1,55.8,105.5,19.5,5.5,10.0,2,34.0,24.4,0.0,15.8,61.3,0.0584,137,8,40,28,11,21,"long_axis_bearing_deg = bearing of the item's LONG side in world, counter-clockwise from +X, in [0,180). Place by this, not by yaw. yaw_deg is the MuJoCo local-frame rotation and its meaning differs between bricks (long side on local X) and blocks (long side on local Y).","every bar uses the wall_10/wall_11 ArUco mounting; wall_9 is excluded (tag rotated 90 deg, 19.0 cm not 19.5)"
med_037,med,1push,block,obj_4,29.0,41.8,103.0,12.0,7.5,5.0,2,34.0,24.4,0.0,15.8,61.3,0.0584,137,8,40,28,11,21,"long_axis_bearing_deg = bearing of the item's LONG side in world, counter-clockwise from +X, in [0,180). Place by this, not by yaw. yaw_deg is the MuJoCo local-frame rotation and its meaning differs between bricks (long side on local X) and blocks (long side on local Y).","every bar uses the wall_10/wall_11 ArUco mounting; wall_9 is excluded (tag rotated 90 deg, 19.0 cm not 19.5)"
med_038,med,1push,brick,wall_10,39.0,44.4,6.9,19.5,5.5,10.0,3,36.1,7.9,0.0,38.0,70.1,0.1132,53,6,27,13,13,34,"long_axis_bearing_deg = bearing of the item's LONG side in world, counter-clockwise from +X, in [0,180). Place by this, not by yaw. yaw_deg is the MuJoCo local-frame rotation and its meaning differs between bricks (long side on local X) and blocks (long side on local Y).","every bar uses the wall_10/wall_11 ArUco mounting; wall_9 is excluded (tag rotated 90 deg, 19.0 cm not 19.5)"
med_038,med,1push,brick,wall_11,13.0,54.7,75.8,19.5,5.5,10.0,3,36.1,7.9,0.0,38.0,70.1,0.1132,53,6,27,13,13,34,"long_axis_bearing_deg = bearing of the item's LONG side in world, counter-clockwise from +X, in [0,180). Place by this, not by yaw. yaw_deg is the MuJoCo local-frame rotation and its meaning differs between bricks (long side on local X) and blocks (long side on local Y).","every bar uses the wall_10/wall_11 ArUco mounting; wall_9 is excluded (tag rotated 90 deg, 19.0 cm not 19.5)"
med_038,med,1push,brick,wall_12,13.0,32.3,85.8,19.5,5.5,10.0,3,36.1,7.9,0.0,38.0,70.1,0.1132,53,6,27,13,13,34,"long_axis_bearing_deg = bearing of the item's LONG side in world, counter-clockwise from +X, in [0,180). Place by this, not by yaw. yaw_deg is the MuJoCo local-frame rotation and its meaning differs between bricks (long side on local X) and blocks (long side on local Y).","every bar uses the wall_10/wall_11 ArUco mounting; wall_9 is excluded (tag rotated 90 deg, 19.0 cm not 19.5)"
med_038,med,1push,block,obj_1,20.8,40.3,83.8,15.0,7.0,4.0,3,36.1,7.9,0.0,38.0,70.1,0.1132,53,6,27,13,13,34,"long_axis_bearing_deg = bearing of the item's LONG side in world, counter-clockwise from +X, in [0,180). Place by this, not by yaw. yaw_deg is the MuJoCo local-frame rotation and its meaning differs between bricks (long side on local X) and blocks (long side on local Y).","every bar uses the wall_10/wall_11 ArUco mounting; wall_9 is excluded (tag rotated 90 deg, 19.0 cm not 19.5)"
med_039,med,1push,brick,wall_10,12.0,40.1,126.1,19.5,5.5,10.0,3,22.6,23.8,0.0,13.2,70.9,0.1231,65,8,39,15,15,30,"long_axis_bearing_deg = bearing of the item's LONG side in world, counter-clockwise from +X, in [0,180). Place by this, not by yaw. yaw_deg is the MuJoCo local-frame rotation and its meaning differs between bricks (long side on local X) and blocks (long side on local Y).","every bar uses the wall_10/wall_11 ArUco mounting; wall_9 is excluded (tag rotated 90 deg, 19.0 cm not 19.5)"
med_039,med,1push,brick,wall_11,20.2,42.8,137.5,19.5,5.5,10.0,3,22.6,23.8,0.0,13.2,70.9,0.1231,65,8,39,15,15,30,"long_axis_bearing_deg = bearing of the item's LONG side in world, counter-clockwise from +X, in [0,180). Place by this, not by yaw. yaw_deg is the MuJoCo local-frame rotation and its meaning differs between bricks (long side on local X) and blocks (long side on local Y).","every bar uses the wall_10/wall_11 ArUco mounting; wall_9 is excluded (tag rotated 90 deg, 19.0 cm not 19.5)"
med_039,med,1push,brick,wall_12,27.4,50.3,126.1,19.5,5.5,10.0,3,22.6,23.8,0.0,13.2,70.9,0.1231,65,8,39,15,15,30,"long_axis_bearing_deg = bearing of the item's LONG side in world, counter-clockwise from +X, in [0,180). Place by this, not by yaw. yaw_deg is the MuJoCo local-frame rotation and its meaning differs between bricks (long side on local X) and blocks (long side on local Y).","every bar uses the wall_10/wall_11 ArUco mounting; wall_9 is excluded (tag rotated 90 deg, 19.0 cm not 19.5)"
med_039,med,1push,block,obj_4,39.8,39.0,82.8,12.0,7.5,5.0,3,22.6,23.8,0.0,13.2,70.9,0.1231,65,8,39,15,15,30,"long_axis_bearing_deg = bearing of the item's LONG side in world, counter-clockwise from +X, in [0,180). Place by this, not by yaw. yaw_deg is the MuJoCo local-frame rotation and its meaning differs between bricks (long side on local X) and blocks (long side on local Y).","every bar uses the wall_10/wall_11 ArUco mounting; wall_9 is excluded (tag rotated 90 deg, 19.0 cm not 19.5)"
med_040,med,1push,brick,wall_10,9.8,36.3,178.2,19.5,5.5,10.0,2,10.5,10.0,0.0,17.5,64.3,0.0526,114,6,38,27,15,18,"long_axis_bearing_deg = bearing of the item's LONG side in world, counter-clockwise from +X, in [0,180). Place by this, not by yaw. yaw_deg is the MuJoCo local-frame rotation and its meaning differs between bricks (long side on local X) and blocks (long side on local Y).","every bar uses the wall_10/wall_11 ArUco mounting; wall_9 is excluded (tag rotated 90 deg, 19.0 cm not 19.5)"
med_040,med,1push,brick,wall_11,35.2,45.2,109.0,19.5,5.5,10.0,2,10.5,10.0,0.0,17.5,64.3,0.0526,114,6,38,27,15,18,"long_axis_bearing_deg = bearing of the item's LONG side in world, counter-clockwise from +X, in [0,180). Place by this, not by yaw. yaw_deg is the MuJoCo local-frame rotation and its meaning differs between bricks (long side on local X) and blocks (long side on local Y).","every bar uses the wall_10/wall_11 ArUco mounting; wall_9 is excluded (tag rotated 90 deg, 19.0 cm not 19.5)"
med_040,med,1push,block,obj_1,24.0,33.4,93.8,15.0,7.0,4.0,2,10.5,10.0,0.0,17.5,64.3,0.0526,114,6,38,27,15,18,"long_axis_bearing_deg = bearing of the item's LONG side in world, counter-clockwise from +X, in [0,180). Place by this, not by yaw. yaw_deg is the MuJoCo local-frame rotation and its meaning differs between bricks (long side on local X) and blocks (long side on local Y).","every bar uses the wall_10/wall_11 ArUco mounting; wall_9 is excluded (tag rotated 90 deg, 19.0 cm not 19.5)"
med_041,med,1push,brick,wall_10,39.1,40.6,176.3,19.5,5.5,10.0,2,17.4,16.7,0.0,35.0,53.7,0.0588,85,5,26,21,9,30,"long_axis_bearing_deg = bearing of the item's LONG side in world, counter-clockwise from +X, in [0,180). Place by this, not by yaw. yaw_deg is the MuJoCo local-frame rotation and its meaning differs between bricks (long side on local X) and blocks (long side on local Y).","every bar uses the wall_10/wall_11 ArUco mounting; wall_9 is excluded (tag rotated 90 deg, 19.0 cm not 19.5)"
med_041,med,1push,brick,wall_11,14.2,51.6,72.6,19.5,5.5,10.0,2,17.4,16.7,0.0,35.0,53.7,0.0588,85,5,26,21,9,30,"long_axis_bearing_deg = bearing of the item's LONG side in world, counter-clockwise from +X, in [0,180). Place by this, not by yaw. yaw_deg is the MuJoCo local-frame rotation and its meaning differs between bricks (long side on local X) and blocks (long side on local Y).","every bar uses the wall_10/wall_11 ArUco mounting; wall_9 is excluded (tag rotated 90 deg, 19.0 cm not 19.5)"
med_041,med,1push,block,obj_4,20.1,40.7,48.1,12.0,7.5,5.0,2,17.4,16.7,0.0,35.0,53.7,0.0588,85,5,26,21,9,30,"long_axis_bearing_deg = bearing of the item's LONG side in world, counter-clockwise from +X, in [0,180). Place by this, not by yaw. yaw_deg is the MuJoCo local-frame rotation and its meaning differs between bricks (long side on local X) and blocks (long side on local Y).","every bar uses the wall_10/wall_11 ArUco mounting; wall_9 is excluded (tag rotated 90 deg, 19.0 cm not 19.5)"
med_042,med,1push,brick,wall_10,38.9,39.2,170.3,19.5,5.5,10.0,3,6.1,18.0,0.0,29.7,59.8,0.12,50,6,20,10,8,42,"long_axis_bearing_deg = bearing of the item's LONG side in world, counter-clockwise from +X, in [0,180). Place by this, not by yaw. yaw_deg is the MuJoCo local-frame rotation and its meaning differs between bricks (long side on local X) and blocks (long side on local Y).","every bar uses the wall_10/wall_11 ArUco mounting; wall_9 is excluded (tag rotated 90 deg, 19.0 cm not 19.5)"
med_042,med,1push,brick,wall_11,14.0,48.5,72.7,19.5,5.5,10.0,3,6.1,18.0,0.0,29.7,59.8,0.12,50,6,20,10,8,42,"long_axis_bearing_deg = bearing of the item's LONG side in world, counter-clockwise from +X, in [0,180). Place by this, not by yaw. yaw_deg is the MuJoCo local-frame rotation and its meaning differs between bricks (long side on local X) and blocks (long side on local Y).","every bar uses the wall_10/wall_11 ArUco mounting; wall_9 is excluded (tag rotated 90 deg, 19.0 cm not 19.5)"
med_042,med,1push,brick,wall_12,14.0,27.8,96.0,19.5,5.5,10.0,3,6.1,18.0,0.0,29.7,59.8,0.12,50,6,20,10,8,42,"long_axis_bearing_deg = bearing of the item's LONG side in world, counter-clockwise from +X, in [0,180). Place by this, not by yaw. yaw_deg is the MuJoCo local-frame rotation and its meaning differs between bricks (long side on local X) and blocks (long side on local Y).","every bar uses the wall_10/wall_11 ArUco mounting; wall_9 is excluded (tag rotated 90 deg, 19.0 cm not 19.5)"
med_042,med,1push,block,obj_1,21.3,38.6,85.2,15.0,7.0,4.0,3,6.1,18.0,0.0,29.7,59.8,0.12,50,6,20,10,8,42,"long_axis_bearing_deg = bearing of the item's LONG side in world, counter-clockwise from +X, in [0,180). Place by this, not by yaw. yaw_deg is the MuJoCo local-frame rotation and its meaning differs between bricks (long side on local X) and blocks (long side on local Y).","every bar uses the wall_10/wall_11 ArUco mounting; wall_9 is excluded (tag rotated 90 deg, 19.0 cm not 19.5)"
med_043,med,1push,brick,wall_10,39.0,33.0,5.7,19.5,5.5,10.0,3,29.1,16.7,0.0,35.3,47.5,0.1404,57,8,21,11,11,38,"long_axis_bearing_deg = bearing of the item's LONG side in world, counter-clockwise from +X, in [0,180). Place by this, not by yaw. yaw_deg is the MuJoCo local-frame rotation and its meaning differs between bricks (long side on local X) and blocks (long side on local Y).","every bar uses the wall_10/wall_11 ArUco mounting; wall_9 is excluded (tag rotated 90 deg, 19.0 cm not 19.5)"
med_043,med,1push,brick,wall_11,13.1,44.4,72.6,19.5,5.5,10.0,3,29.1,16.7,0.0,35.3,47.5,0.1404,57,8,21,11,11,38,"long_axis_bearing_deg = bearing of the item's LONG side in world, counter-clockwise from +X, in [0,180). Place by this, not by yaw. yaw_deg is the MuJoCo local-frame rotation and its meaning differs between bricks (long side on local X) and blocks (long side on local Y).","every bar uses the wall_10/wall_11 ArUco mounting; wall_9 is excluded (tag rotated 90 deg, 19.0 cm not 19.5)"
med_043,med,1push,brick,wall_12,13.1,22.2,91.5,19.5,5.5,10.0,3,29.1,16.7,0.0,35.3,47.5,0.1404,57,8,21,11,11,38,"long_axis_bearing_deg = bearing of the item's LONG side in world, counter-clockwise from +X, in [0,180). Place by this, not by yaw. yaw_deg is the MuJoCo local-frame rotation and its meaning differs between bricks (long side on local X) and blocks (long side on local Y).","every bar uses the wall_10/wall_11 ArUco mounting; wall_9 is excluded (tag rotated 90 deg, 19.0 cm not 19.5)"
med_043,med,1push,block,obj_4,21.7,35.9,99.1,12.0,7.5,5.0,3,29.1,16.7,0.0,35.3,47.5,0.1404,57,8,21,11,11,38,"long_axis_bearing_deg = bearing of the item's LONG side in world, counter-clockwise from +X, in [0,180). Place by this, not by yaw. yaw_deg is the MuJoCo local-frame rotation and its meaning differs between bricks (long side on local X) and blocks (long side on local Y).","every bar uses the wall_10/wall_11 ArUco mounting; wall_9 is excluded (tag rotated 90 deg, 19.0 cm not 19.5)"
med_044,med,1push,brick,wall_10,9.8,38.6,1.0,19.5,5.5,10.0,2,37.9,10.0,0.0,13.5,55.2,0.0532,94,5,33,22,13,25,"long_axis_bearing_deg = bearing of the item's LONG side in world, counter-clockwise from +X, in [0,180). Place by this, not by yaw. yaw_deg is the MuJoCo local-frame rotation and its meaning differs between bricks (long side on local X) and blocks (long side on local Y).","every bar uses the wall_10/wall_11 ArUco mounting; wall_9 is excluded (tag rotated 90 deg, 19.0 cm not 19.5)"
med_044,med,1push,brick,wall_11,35.0,48.1,105.4,19.5,5.5,10.0,2,37.9,10.0,0.0,13.5,55.2,0.0532,94,5,33,22,13,25,"long_axis_bearing_deg = bearing of the item's LONG side in world, counter-clockwise from +X, in [0,180). Place by this, not by yaw. yaw_deg is the MuJoCo local-frame rotation and its meaning differs between bricks (long side on local X) and blocks (long side on local Y).","every bar uses the wall_10/wall_11 ArUco mounting; wall_9 is excluded (tag rotated 90 deg, 19.0 cm not 19.5)"
med_044,med,1push,block,obj_1,27.9,37.5,127.3,15.0,7.0,4.0,2,37.9,10.0,0.0,13.5,55.2,0.0532,94,5,33,22,13,25,"long_axis_bearing_deg = bearing of the item's LONG side in world, counter-clockwise from +X, in [0,180). Place by this, not by yaw. yaw_deg is the MuJoCo local-frame rotation and its meaning differs between bricks (long side on local X) and blocks (long side on local Y).","every bar uses the wall_10/wall_11 ArUco mounting; wall_9 is excluded (tag rotated 90 deg, 19.0 cm not 19.5)"
med_045,med,1push,brick,wall_10,39.0,46.0,172.9,19.5,5.5,10.0,2,10.5,30.0,0.0,30.1,61.4,0.0593,118,7,41,25,9,26,"long_axis_bearing_deg = bearing of the item's LONG side in world, counter-clockwise from +X, in [0,180). Place by this, not by yaw. yaw_deg is the MuJoCo local-frame rotation and its meaning differs between bricks (long side on local X) and blocks (long side on local Y).","every bar uses the wall_10/wall_11 ArUco mounting; wall_9 is excluded (tag rotated 90 deg, 19.0 cm not 19.5)"
med_045,med,1push,brick,wall_11,13.2,57.3,70.3,19.5,5.5,10.0,2,10.5,30.0,0.0,30.1,61.4,0.0593,118,7,41,25,9,26,"long_axis_bearing_deg = bearing of the item's LONG side in world, counter-clockwise from +X, in [0,180). Place by this, not by yaw. yaw_deg is the MuJoCo local-frame rotation and its meaning differs between bricks (long side on local X) and blocks (long side on local Y).","every bar uses the wall_10/wall_11 ArUco mounting; wall_9 is excluded (tag rotated 90 deg, 19.0 cm not 19.5)"
med_045,med,1push,block,obj_4,21.3,43.8,66.4,12.0,7.5,5.0,2,10.5,30.0,0.0,30.1,61.4,0.0593,118,7,41,25,9,26,"long_axis_bearing_deg = bearing of the item's LONG side in world, counter-clockwise from +X, in [0,180). Place by this, not by yaw. yaw_deg is the MuJoCo local-frame rotation and its meaning differs between bricks (long side on local X) and blocks (long side on local Y).","every bar uses the wall_10/wall_11 ArUco mounting; wall_9 is excluded (tag rotated 90 deg, 19.0 cm not 19.5)"
med_046,med,1push,brick,wall_10,39.0,34.7,175.1,19.5,5.5,10.0,3,19.3,7.9,0.0,25.4,48.9,0.125,32,4,16,8,10,42,"long_axis_bearing_deg = bearing of the item's LONG side in world, counter-clockwise from +X, in [0,180). Place by this, not by yaw. yaw_deg is the MuJoCo local-frame rotation and its meaning differs between bricks (long side on local X) and blocks (long side on local Y).","every bar uses the wall_10/wall_11 ArUco mounting; wall_9 is excluded (tag rotated 90 deg, 19.0 cm not 19.5)"
med_046,med,1push,brick,wall_11,14.7,45.9,88.1,19.5,5.5,10.0,3,19.3,7.9,0.0,25.4,48.9,0.125,32,4,16,8,10,42,"long_axis_bearing_deg = bearing of the item's LONG side in world, counter-clockwise from +X, in [0,180). Place by this, not by yaw. yaw_deg is the MuJoCo local-frame rotation and its meaning differs between bricks (long side on local X) and blocks (long side on local Y).","every bar uses the wall_10/wall_11 ArUco mounting; wall_9 is excluded (tag rotated 90 deg, 19.0 cm not 19.5)"
med_046,med,1push,brick,wall_12,14.7,24.8,109.9,19.5,5.5,10.0,3,19.3,7.9,0.0,25.4,48.9,0.125,32,4,16,8,10,42,"long_axis_bearing_deg = bearing of the item's LONG side in world, counter-clockwise from +X, in [0,180). Place by this, not by yaw. yaw_deg is the MuJoCo local-frame rotation and its meaning differs between bricks (long side on local X) and blocks (long side on local Y).","every bar uses the wall_10/wall_11 ArUco mounting; wall_9 is excluded (tag rotated 90 deg, 19.0 cm not 19.5)"
med_046,med,1push,block,obj_1,22.1,34.8,89.0,15.0,7.0,4.0,3,19.3,7.9,0.0,25.4,48.9,0.125,32,4,16,8,10,42,"long_axis_bearing_deg = bearing of the item's LONG side in world, counter-clockwise from +X, in [0,180). Place by this, not by yaw. yaw_deg is the MuJoCo local-frame rotation and its meaning differs between bricks (long side on local X) and blocks (long side on local Y).","every bar uses the wall_10/wall_11 ArUco mounting; wall_9 is excluded (tag rotated 90 deg, 19.0 cm not 19.5)"
med_047,med,1push,brick,wall_10,10.1,38.9,9.1,19.5,5.5,10.0,3,6.2,27.1,0.0,36.7,69.7,0.1429,28,4,12,8,14,38,"long_axis_bearing_deg = bearing of the item's LONG side in world, counter-clockwise from +X, in [0,180). Place by this, not by yaw. yaw_deg is the MuJoCo local-frame rotation and its meaning differs between bricks (long side on local X) and blocks (long side on local Y).","every bar uses the wall_10/wall_11 ArUco mounting; wall_9 is excluded (tag rotated 90 deg, 19.0 cm not 19.5)"
med_047,med,1push,brick,wall_11,36.0,47.2,95.4,19.5,5.5,10.0,3,6.2,27.1,0.0,36.7,69.7,0.1429,28,4,12,8,14,38,"long_axis_bearing_deg = bearing of the item's LONG side in world, counter-clockwise from +X, in [0,180). Place by this, not by yaw. yaw_deg is the MuJoCo local-frame rotation and its meaning differs between bricks (long side on local X) and blocks (long side on local Y).","every bar uses the wall_10/wall_11 ArUco mounting; wall_9 is excluded (tag rotated 90 deg, 19.0 cm not 19.5)"
med_047,med,1push,brick,wall_12,36.0,26.4,76.6,19.5,5.5,10.0,3,6.2,27.1,0.0,36.7,69.7,0.1429,28,4,12,8,14,38,"long_axis_bearing_deg = bearing of the item's LONG side in world, counter-clockwise from +X, in [0,180). Place by this, not by yaw. yaw_deg is the MuJoCo local-frame rotation and its meaning differs between bricks (long side on local X) and blocks (long side on local Y).","every bar uses the wall_10/wall_11 ArUco mounting; wall_9 is excluded (tag rotated 90 deg, 19.0 cm not 19.5)"
med_047,med,1push,block,obj_4,28.2,40.5,105.5,12.0,7.5,5.0,3,6.2,27.1,0.0,36.7,69.7,0.1429,28,4,12,8,14,38,"long_axis_bearing_deg = bearing of the item's LONG side in world, counter-clockwise from +X, in [0,180). Place by this, not by yaw. yaw_deg is the MuJoCo local-frame rotation and its meaning differs between bricks (long side on local X) and blocks (long side on local Y).","every bar uses the wall_10/wall_11 ArUco mounting; wall_9 is excluded (tag rotated 90 deg, 19.0 cm not 19.5)"
med_048,med,1push,brick,wall_10,38.9,46.8,11.8,19.5,5.5,10.0,2,35.1,30.4,0.0,36.3,66.6,0.0534,131,7,39,27,15,18,"long_axis_bearing_deg = bearing of the item's LONG side in world, counter-clockwise from +X, in [0,180). Place by this, not by yaw. yaw_deg is the MuJoCo local-frame rotation and its meaning differs between bricks (long side on local X) and blocks (long side on local Y).","every bar uses the wall_10/wall_11 ArUco mounting; wall_9 is excluded (tag rotated 90 deg, 19.0 cm not 19.5)"
med_048,med,1push,brick,wall_11,14.2,57.7,72.8,19.5,5.5,10.0,2,35.1,30.4,0.0,36.3,66.6,0.0534,131,7,39,27,15,18,"long_axis_bearing_deg = bearing of the item's LONG side in world, counter-clockwise from +X, in [0,180). Place by this, not by yaw. yaw_deg is the MuJoCo local-frame rotation and its meaning differs between bricks (long side on local X) and blocks (long side on local Y).","every bar uses the wall_10/wall_11 ArUco mounting; wall_9 is excluded (tag rotated 90 deg, 19.0 cm not 19.5)"
med_048,med,1push,block,obj_1,22.1,42.4,78.7,15.0,7.0,4.0,2,35.1,30.4,0.0,36.3,66.6,0.0534,131,7,39,27,15,18,"long_axis_bearing_deg = bearing of the item's LONG side in world, counter-clockwise from +X, in [0,180). Place by this, not by yaw. yaw_deg is the MuJoCo local-frame rotation and its meaning differs between bricks (long side on local X) and blocks (long side on local Y).","every bar uses the wall_10/wall_11 ArUco mounting; wall_9 is excluded (tag rotated 90 deg, 19.0 cm not 19.5)"
med_049,med,1push,brick,wall_10,39.0,32.6,7.6,19.5,5.5,10.0,2,11.1,12.8,0.0,29.7,62.7,0.06,100,6,50,21,10,29,"long_axis_bearing_deg = bearing of the item's LONG side in world, counter-clockwise from +X, in [0,180). Place by this, not by yaw. yaw_deg is the MuJoCo local-frame rotation and its meaning differs between bricks (long side on local X) and blocks (long side on local Y).","every bar uses the wall_10/wall_11 ArUco mounting; wall_9 is excluded (tag rotated 90 deg, 19.0 cm not 19.5)"
med_049,med,1push,brick,wall_11,13.5,41.7,74.8,19.5,5.5,10.0,2,11.1,12.8,0.0,29.7,62.7,0.06,100,6,50,21,10,29,"long_axis_bearing_deg = bearing of the item's LONG side in world, counter-clockwise from +X, in [0,180). Place by this, not by yaw. yaw_deg is the MuJoCo local-frame rotation and its meaning differs between bricks (long side on local X) and blocks (long side on local Y).","every bar uses the wall_10/wall_11 ArUco mounting; wall_9 is excluded (tag rotated 90 deg, 19.0 cm not 19.5)"
med_049,med,1push,block,obj_4,21.7,29.7,91.6,12.0,7.5,5.0,2,11.1,12.8,0.0,29.7,62.7,0.06,100,6,50,21,10,29,"long_axis_bearing_deg = bearing of the item's LONG side in world, counter-clockwise from +X, in [0,180). Place by this, not by yaw. yaw_deg is the MuJoCo local-frame rotation and its meaning differs between bricks (long side on local X) and blocks (long side on local Y).","every bar uses the wall_10/wall_11 ArUco mounting; wall_9 is excluded (tag rotated 90 deg, 19.0 cm not 19.5)"
med_050,med,1push,brick,wall_10,38.9,40.4,11.0,19.5,5.5,10.0,3,35.0,18.1,0.0,22.3,56.5,0.129,31,4,16,8,8,44,"long_axis_bearing_deg = bearing of the item's LONG side in world, counter-clockwise from +X, in [0,180). Place by this, not by yaw. yaw_deg is the MuJoCo local-frame rotation and its meaning differs between bricks (long side on local X) and blocks (long side on local Y).","every bar uses the wall_10/wall_11 ArUco mounting; wall_9 is excluded (tag rotated 90 deg, 19.0 cm not 19.5)"
med_050,med,1push,brick,wall_11,13.6,51.4,88.7,19.5,5.5,10.0,3,35.0,18.1,0.0,22.3,56.5,0.129,31,4,16,8,8,44,"long_axis_bearing_deg = bearing of the item's LONG side in world, counter-clockwise from +X, in [0,180). Place by this, not by yaw. yaw_deg is the MuJoCo local-frame rotation and its meaning differs between bricks (long side on local X) and blocks (long side on local Y).","every bar uses the wall_10/wall_11 ArUco mounting; wall_9 is excluded (tag rotated 90 deg, 19.0 cm not 19.5)"
med_050,med,1push,brick,wall_12,13.6,28.4,104.1,19.5,5.5,10.0,3,35.0,18.1,0.0,22.3,56.5,0.129,31,4,16,8,8,44,"long_axis_bearing_deg = bearing of the item's LONG side in world, counter-clockwise from +X, in [0,180). Place by this, not by yaw. yaw_deg is the MuJoCo local-frame rotation and its meaning differs between bricks (long side on local X) and blocks (long side on local Y).","every bar uses the wall_10/wall_11 ArUco mounting; wall_9 is excluded (tag rotated 90 deg, 19.0 cm not 19.5)"
med_050,med,1push,block,obj_1,20.6,37.6,88.1,15.0,7.0,4.0,3,35.0,18.1,0.0,22.3,56.5,0.129,31,4,16,8,8,44,"long_axis_bearing_deg = bearing of the item's LONG side in world, counter-clockwise from +X, in [0,180). Place by this, not by yaw. yaw_deg is the MuJoCo local-frame rotation and its meaning differs between bricks (long side on local X) and blocks (long side on local Y).","every bar uses the wall_10/wall_11 ArUco mounting; wall_9 is excluded (tag rotated 90 deg, 19.0 cm not 19.5)"
med_051,med,1push,brick,wall_10,10.0,30.2,172.9,19.5,5.5,10.0,3,17.0,13.6,0.0,39.7,69.0,0.1489,47,7,33,11,9,40,"long_axis_bearing_deg = bearing of the item's LONG side in world, counter-clockwise from +X, in [0,180). Place by this, not by yaw. yaw_deg is the MuJoCo local-frame rotation and its meaning differs between bricks (long side on local X) and blocks (long side on local Y).","every bar uses the wall_10/wall_11 ArUco mounting; wall_9 is excluded (tag rotated 90 deg, 19.0 cm not 19.5)"
med_051,med,1push,brick,wall_11,35.0,42.3,101.0,19.5,5.5,10.0,3,17.0,13.6,0.0,39.7,69.0,0.1489,47,7,33,11,9,40,"long_axis_bearing_deg = bearing of the item's LONG side in world, counter-clockwise from +X, in [0,180). Place by this, not by yaw. yaw_deg is the MuJoCo local-frame rotation and its meaning differs between bricks (long side on local X) and blocks (long side on local Y).","every bar uses the wall_10/wall_11 ArUco mounting; wall_9 is excluded (tag rotated 90 deg, 19.0 cm not 19.5)"
med_051,med,1push,brick,wall_12,35.0,20.5,74.6,19.5,5.5,10.0,3,17.0,13.6,0.0,39.7,69.0,0.1489,47,7,33,11,9,40,"long_axis_bearing_deg = bearing of the item's LONG side in world, counter-clockwise from +X, in [0,180). Place by this, not by yaw. yaw_deg is the MuJoCo local-frame rotation and its meaning differs between bricks (long side on local X) and blocks (long side on local Y).","every bar uses the wall_10/wall_11 ArUco mounting; wall_9 is excluded (tag rotated 90 deg, 19.0 cm not 19.5)"
med_051,med,1push,block,obj_4,27.2,29.9,82.8,12.0,7.5,5.0,3,17.0,13.6,0.0,39.7,69.0,0.1489,47,7,33,11,9,40,"long_axis_bearing_deg = bearing of the item's LONG side in world, counter-clockwise from +X, in [0,180). Place by this, not by yaw. yaw_deg is the MuJoCo local-frame rotation and its meaning differs between bricks (long side on local X) and blocks (long side on local Y).","every bar uses the wall_10/wall_11 ArUco mounting; wall_9 is excluded (tag rotated 90 deg, 19.0 cm not 19.5)"
med_052,med,1push,brick,wall_10,26.5,50.0,23.2,19.5,5.5,10.0,2,39.8,27.5,0.0,23.8,61.6,0.0536,112,6,4,24,9,27,"long_axis_bearing_deg = bearing of the item's LONG side in world, counter-clockwise from +X, in [0,180). Place by this, not by yaw. yaw_deg is the MuJoCo local-frame rotation and its meaning differs between bricks (long side on local X) and blocks (long side on local Y).","every bar uses the wall_10/wall_11 ArUco mounting; wall_9 is excluded (tag rotated 90 deg, 19.0 cm not 19.5)"
med_052,med,1push,brick,wall_11,37.7,41.9,20.0,19.5,5.5,10.0,2,39.8,27.5,0.0,23.8,61.6,0.0536,112,6,4,24,9,27,"long_axis_bearing_deg = bearing of the item's LONG side in world, counter-clockwise from +X, in [0,180). Place by this, not by yaw. yaw_deg is the MuJoCo local-frame rotation and its meaning differs between bricks (long side on local X) and blocks (long side on local Y).","every bar uses the wall_10/wall_11 ArUco mounting; wall_9 is excluded (tag rotated 90 deg, 19.0 cm not 19.5)"
med_052,med,1push,block,obj_1,10.6,41.0,120.9,15.0,7.0,4.0,2,39.8,27.5,0.0,23.8,61.6,0.0536,112,6,4,24,9,27,"long_axis_bearing_deg = bearing of the item's LONG side in world, counter-clockwise from +X, in [0,180). Place by this, not by yaw. yaw_deg is the MuJoCo local-frame rotation and its meaning differs between bricks (long side on local X) and blocks (long side on local Y).","every bar uses the wall_10/wall_11 ArUco mounting; wall_9 is excluded (tag rotated 90 deg, 19.0 cm not 19.5)"
med_053,med,1push,brick,wall_10,39.1,37.9,175.9,19.5,5.5,10.0,2,19.1,10.6,0.0,29.2,58.2,0.06,100,6,30,23,8,29,"long_axis_bearing_deg = bearing of the item's LONG side in world, counter-clockwise from +X, in [0,180). Place by this, not by yaw. yaw_deg is the MuJoCo local-frame rotation and its meaning differs between bricks (long side on local X) and blocks (long side on local Y).","every bar uses the wall_10/wall_11 ArUco mounting; wall_9 is excluded (tag rotated 90 deg, 19.0 cm not 19.5)"
med_053,med,1push,brick,wall_11,13.9,49.4,74.4,19.5,5.5,10.0,2,19.1,10.6,0.0,29.2,58.2,0.06,100,6,30,23,8,29,"long_axis_bearing_deg = bearing of the item's LONG side in world, counter-clockwise from +X, in [0,180). Place by this, not by yaw. yaw_deg is the MuJoCo local-frame rotation and its meaning differs between bricks (long side on local X) and blocks (long side on local Y).","every bar uses the wall_10/wall_11 ArUco mounting; wall_9 is excluded (tag rotated 90 deg, 19.0 cm not 19.5)"
med_053,med,1push,block,obj_4,22.0,35.4,167.9,12.0,7.5,5.0,2,19.1,10.6,0.0,29.2,58.2,0.06,100,6,30,23,8,29,"long_axis_bearing_deg = bearing of the item's LONG side in world, counter-clockwise from +X, in [0,180). Place by this, not by yaw. yaw_deg is the MuJoCo local-frame rotation and its meaning differs between bricks (long side on local X) and blocks (long side on local Y).","every bar uses the wall_10/wall_11 ArUco mounting; wall_9 is excluded (tag rotated 90 deg, 19.0 cm not 19.5)"
med_054,med,1push,brick,wall_10,10.1,40.1,11.6,19.5,5.5,10.0,3,34.7,12.6,0.0,14.7,58.8,0.1333,60,8,29,12,14,34,"long_axis_bearing_deg = bearing of the item's LONG side in world, counter-clockwise from +X, in [0,180). Place by this, not by yaw. yaw_deg is the MuJoCo local-frame rotation and its meaning differs between bricks (long side on local X) and blocks (long side on local Y).","every bar uses the wall_10/wall_11 ArUco mounting; wall_9 is excluded (tag rotated 90 deg, 19.0 cm not 19.5)"
med_054,med,1push,brick,wall_11,35.9,50.7,103.7,19.5,5.5,10.0,3,34.7,12.6,0.0,14.7,58.8,0.1333,60,8,29,12,14,34,"long_axis_bearing_deg = bearing of the item's LONG side in world, counter-clockwise from +X, in [0,180). Place by this, not by yaw. yaw_deg is the MuJoCo local-frame rotation and its meaning differs between bricks (long side on local X) and blocks (long side on local Y).","every bar uses the wall_10/wall_11 ArUco mounting; wall_9 is excluded (tag rotated 90 deg, 19.0 cm not 19.5)"
med_054,med,1push,brick,wall_12,35.9,29.2,89.7,19.5,5.5,10.0,3,34.7,12.6,0.0,14.7,58.8,0.1333,60,8,29,12,14,34,"long_axis_bearing_deg = bearing of the item's LONG side in world, counter-clockwise from +X, in [0,180). Place by this, not by yaw. yaw_deg is the MuJoCo local-frame rotation and its meaning differs between bricks (long side on local X) and blocks (long side on local Y).","every bar uses the wall_10/wall_11 ArUco mounting; wall_9 is excluded (tag rotated 90 deg, 19.0 cm not 19.5)"
med_054,med,1push,block,obj_1,26.8,40.7,96.8,15.0,7.0,4.0,3,34.7,12.6,0.0,14.7,58.8,0.1333,60,8,29,12,14,34,"long_axis_bearing_deg = bearing of the item's LONG side in world, counter-clockwise from +X, in [0,180). Place by this, not by yaw. yaw_deg is the MuJoCo local-frame rotation and its meaning differs between bricks (long side on local X) and blocks (long side on local Y).","every bar uses the wall_10/wall_11 ArUco mounting; wall_9 is excluded (tag rotated 90 deg, 19.0 cm not 19.5)"
med_055,med,1push,brick,wall_10,10.1,43.1,168.6,19.5,5.5,10.0,3,17.5,15.9,0.0,8.3,67.1,0.2143,14,3,9,3,22,35,"long_axis_bearing_deg = bearing of the item's LONG side in world, counter-clockwise from +X, in [0,180). Place by this, not by yaw. yaw_deg is the MuJoCo local-frame rotation and its meaning differs between bricks (long side on local X) and blocks (long side on local Y).","every bar uses the wall_10/wall_11 ArUco mounting; wall_9 is excluded (tag rotated 90 deg, 19.0 cm not 19.5)"
med_055,med,1push,brick,wall_11,36.0,52.2,95.5,19.5,5.5,10.0,3,17.5,15.9,0.0,8.3,67.1,0.2143,14,3,9,3,22,35,"long_axis_bearing_deg = bearing of the item's LONG side in world, counter-clockwise from +X, in [0,180). Place by this, not by yaw. yaw_deg is the MuJoCo local-frame rotation and its meaning differs between bricks (long side on local X) and blocks (long side on local Y).","every bar uses the wall_10/wall_11 ArUco mounting; wall_9 is excluded (tag rotated 90 deg, 19.0 cm not 19.5)"
med_055,med,1push,brick,wall_12,36.0,31.2,71.3,19.5,5.5,10.0,3,17.5,15.9,0.0,8.3,67.1,0.2143,14,3,9,3,22,35,"long_axis_bearing_deg = bearing of the item's LONG side in world, counter-clockwise from +X, in [0,180). Place by this, not by yaw. yaw_deg is the MuJoCo local-frame rotation and its meaning differs between bricks (long side on local X) and blocks (long side on local Y).","every bar uses the wall_10/wall_11 ArUco mounting; wall_9 is excluded (tag rotated 90 deg, 19.0 cm not 19.5)"
med_055,med,1push,block,obj_4,24.5,47.2,146.7,12.0,7.5,5.0,3,17.5,15.9,0.0,8.3,67.1,0.2143,14,3,9,3,22,35,"long_axis_bearing_deg = bearing of the item's LONG side in world, counter-clockwise from +X, in [0,180). Place by this, not by yaw. yaw_deg is the MuJoCo local-frame rotation and its meaning differs between bricks (long side on local X) and blocks (long side on local Y).","every bar uses the wall_10/wall_11 ArUco mounting; wall_9 is excluded (tag rotated 90 deg, 19.0 cm not 19.5)"
med_056,med,1push,brick,wall_10,38.9,36.7,11.6,19.5,5.5,10.0,2,28.3,13.8,0.0,35.5,67.0,0.0543,92,5,49,19,8,33,"long_axis_bearing_deg = bearing of the item's LONG side in world, counter-clockwise from +X, in [0,180). Place by this, not by yaw. yaw_deg is the MuJoCo local-frame rotation and its meaning differs between bricks (long side on local X) and blocks (long side on local Y).","every bar uses the wall_10/wall_11 ArUco mounting; wall_9 is excluded (tag rotated 90 deg, 19.0 cm not 19.5)"
med_056,med,1push,brick,wall_11,13.6,46.6,71.4,19.5,5.5,10.0,2,28.3,13.8,0.0,35.5,67.0,0.0543,92,5,49,19,8,33,"long_axis_bearing_deg = bearing of the item's LONG side in world, counter-clockwise from +X, in [0,180). Place by this, not by yaw. yaw_deg is the MuJoCo local-frame rotation and its meaning differs between bricks (long side on local X) and blocks (long side on local Y).","every bar uses the wall_10/wall_11 ArUco mounting; wall_9 is excluded (tag rotated 90 deg, 19.0 cm not 19.5)"
med_056,med,1push,block,obj_1,21.0,36.6,92.6,15.0,7.0,4.0,2,28.3,13.8,0.0,35.5,67.0,0.0543,92,5,49,19,8,33,"long_axis_bearing_deg = bearing of the item's LONG side in world, counter-clockwise from +X, in [0,180). Place by this, not by yaw. yaw_deg is the MuJoCo local-frame rotation and its meaning differs between bricks (long side on local X) and blocks (long side on local Y).","every bar uses the wall_10/wall_11 ArUco mounting; wall_9 is excluded (tag rotated 90 deg, 19.0 cm not 19.5)"
med_057,med,1push,brick,wall_10,10.0,45.5,172.7,19.5,5.5,10.0,2,13.5,21.1,0.0,9.8,68.8,0.0608,148,9,0,32,7,21,"long_axis_bearing_deg = bearing of the item's LONG side in world, counter-clockwise from +X, in [0,180). Place by this, not by yaw. yaw_deg is the MuJoCo local-frame rotation and its meaning differs between bricks (long side on local X) and blocks (long side on local Y).","every bar uses the wall_10/wall_11 ArUco mounting; wall_9 is excluded (tag rotated 90 deg, 19.0 cm not 19.5)"
med_057,med,1push,brick,wall_11,36.0,58.4,103.0,19.5,5.5,10.0,2,13.5,21.1,0.0,9.8,68.8,0.0608,148,9,0,32,7,21,"long_axis_bearing_deg = bearing of the item's LONG side in world, counter-clockwise from +X, in [0,180). Place by this, not by yaw. yaw_deg is the MuJoCo local-frame rotation and its meaning differs between bricks (long side on local X) and blocks (long side on local Y).","every bar uses the wall_10/wall_11 ArUco mounting; wall_9 is excluded (tag rotated 90 deg, 19.0 cm not 19.5)"
med_057,med,1push,block,obj_4,29.6,40.6,84.7,12.0,7.5,5.0,2,13.5,21.1,0.0,9.8,68.8,0.0608,148,9,0,32,7,21,"long_axis_bearing_deg = bearing of the item's LONG side in world, counter-clockwise from +X, in [0,180). Place by this, not by yaw. yaw_deg is the MuJoCo local-frame rotation and its meaning differs between bricks (long side on local X) and blocks (long side on local Y).","every bar uses the wall_10/wall_11 ArUco mounting; wall_9 is excluded (tag rotated 90 deg, 19.0 cm not 19.5)"
med_058,med,1push,brick,wall_10,10.1,46.2,10.9,19.5,5.5,10.0,3,21.4,22.1,0.0,6.3,64.4,0.1429,70,10,45,17,15,28,"long_axis_bearing_deg = bearing of the item's LONG side in world, counter-clockwise from +X, in [0,180). Place by this, not by yaw. yaw_deg is the MuJoCo local-frame rotation and its meaning differs between bricks (long side on local X) and blocks (long side on local Y).","every bar uses the wall_10/wall_11 ArUco mounting; wall_9 is excluded (tag rotated 90 deg, 19.0 cm not 19.5)"
med_058,med,1push,brick,wall_11,36.1,58.1,102.4,19.5,5.5,10.0,3,21.4,22.1,0.0,6.3,64.4,0.1429,70,10,45,17,15,28,"long_axis_bearing_deg = bearing of the item's LONG side in world, counter-clockwise from +X, in [0,180). Place by this, not by yaw. yaw_deg is the MuJoCo local-frame rotation and its meaning differs between bricks (long side on local X) and blocks (long side on local Y).","every bar uses the wall_10/wall_11 ArUco mounting; wall_9 is excluded (tag rotated 90 deg, 19.0 cm not 19.5)"
med_058,med,1push,brick,wall_12,36.1,37.3,85.1,19.5,5.5,10.0,3,21.4,22.1,0.0,6.3,64.4,0.1429,70,10,45,17,15,28,"long_axis_bearing_deg = bearing of the item's LONG side in world, counter-clockwise from +X, in [0,180). Place by this, not by yaw. yaw_deg is the MuJoCo local-frame rotation and its meaning differs between bricks (long side on local X) and blocks (long side on local Y).","every bar uses the wall_10/wall_11 ArUco mounting; wall_9 is excluded (tag rotated 90 deg, 19.0 cm not 19.5)"
med_058,med,1push,block,obj_1,25.2,46.6,88.9,15.0,7.0,4.0,3,21.4,22.1,0.0,6.3,64.4,0.1429,70,10,45,17,15,28,"long_axis_bearing_deg = bearing of the item's LONG side in world, counter-clockwise from +X, in [0,180). Place by this, not by yaw. yaw_deg is the MuJoCo local-frame rotation and its meaning differs between bricks (long side on local X) and blocks (long side on local Y).","every bar uses the wall_10/wall_11 ArUco mounting; wall_9 is excluded (tag rotated 90 deg, 19.0 cm not 19.5)"
med_059,med,1push,brick,wall_10,39.1,40.7,3.2,19.5,5.5,10.0,3,21.9,7.1,0.0,34.9,62.7,0.2432,37,9,17,8,10,42,"long_axis_bearing_deg = bearing of the item's LONG side in world, counter-clockwise from +X, in [0,180). Place by this, not by yaw. yaw_deg is the MuJoCo local-frame rotation and its meaning differs between bricks (long side on local X) and blocks (long side on local Y).","every bar uses the wall_10/wall_11 ArUco mounting; wall_9 is excluded (tag rotated 90 deg, 19.0 cm not 19.5)"
med_059,med,1push,brick,wall_11,14.6,52.0,70.1,19.5,5.5,10.0,3,21.9,7.1,0.0,34.9,62.7,0.2432,37,9,17,8,10,42,"long_axis_bearing_deg = bearing of the item's LONG side in world, counter-clockwise from +X, in [0,180). Place by this, not by yaw. yaw_deg is the MuJoCo local-frame rotation and its meaning differs between bricks (long side on local X) and blocks (long side on local Y).","every bar uses the wall_10/wall_11 ArUco mounting; wall_9 is excluded (tag rotated 90 deg, 19.0 cm not 19.5)"
med_059,med,1push,brick,wall_12,14.6,29.9,94.9,19.5,5.5,10.0,3,21.9,7.1,0.0,34.9,62.7,0.2432,37,9,17,8,10,42,"long_axis_bearing_deg = bearing of the item's LONG side in world, counter-clockwise from +X, in [0,180). Place by this, not by yaw. yaw_deg is the MuJoCo local-frame rotation and its meaning differs between bricks (long side on local X) and blocks (long side on local Y).","every bar uses the wall_10/wall_11 ArUco mounting; wall_9 is excluded (tag rotated 90 deg, 19.0 cm not 19.5)"
med_059,med,1push,block,obj_4,21.8,45.6,90.8,12.0,7.5,5.0,3,21.9,7.1,0.0,34.9,62.7,0.2432,37,9,17,8,10,42,"long_axis_bearing_deg = bearing of the item's LONG side in world, counter-clockwise from +X, in [0,180). Place by this, not by yaw. yaw_deg is the MuJoCo local-frame rotation and its meaning differs between bricks (long side on local X) and blocks (long side on local Y).","every bar uses the wall_10/wall_11 ArUco mounting; wall_9 is excluded (tag rotated 90 deg, 19.0 cm not 19.5)"
med_060,med,1push,brick,wall_10,39.1,35.4,177.5,19.5,5.5,10.0,2,31.9,12.1,0.0,41.9,50.5,0.0545,110,6,10,23,15,22,"long_axis_bearing_deg = bearing of the item's LONG side in world, counter-clockwise from +X, in [0,180). Place by this, not by yaw. yaw_deg is the MuJoCo local-frame rotation and its meaning differs between bricks (long side on local X) and blocks (long side on local Y).","every bar uses the wall_10/wall_11 ArUco mounting; wall_9 is excluded (tag rotated 90 deg, 19.0 cm not 19.5)"
med_060,med,1push,brick,wall_11,14.3,43.8,71.0,19.5,5.5,10.0,2,31.9,12.1,0.0,41.9,50.5,0.0545,110,6,10,23,15,22,"long_axis_bearing_deg = bearing of the item's LONG side in world, counter-clockwise from +X, in [0,180). Place by this, not by yaw. yaw_deg is the MuJoCo local-frame rotation and its meaning differs between bricks (long side on local X) and blocks (long side on local Y).","every bar uses the wall_10/wall_11 ArUco mounting; wall_9 is excluded (tag rotated 90 deg, 19.0 cm not 19.5)"
med_060,med,1push,block,obj_1,22.5,33.0,72.1,15.0,7.0,4.0,2,31.9,12.1,0.0,41.9,50.5,0.0545,110,6,10,23,15,22,"long_axis_bearing_deg = bearing of the item's LONG side in world, counter-clockwise from +X, in [0,180). Place by this, not by yaw. yaw_deg is the MuJoCo local-frame rotation and its meaning differs between bricks (long side on local X) and blocks (long side on local Y).","every bar uses the wall_10/wall_11 ArUco mounting; wall_9 is excluded (tag rotated 90 deg, 19.0 cm not 19.5)"
med_061,med,1push,brick,wall_10,38.9,30.5,168.2,19.5,5.5,10.0,2,41.0,8.0,0.0,39.2,67.2,0.0609,115,7,22,23,10,27,"long_axis_bearing_deg = bearing of the item's LONG side in world, counter-clockwise from +X, in [0,180). Place by this, not by yaw. yaw_deg is the MuJoCo local-frame rotation and its meaning differs between bricks (long side on local X) and blocks (long side on local Y).","every bar uses the wall_10/wall_11 ArUco mounting; wall_9 is excluded (tag rotated 90 deg, 19.0 cm not 19.5)"
med_061,med,1push,brick,wall_11,13.4,40.2,70.2,19.5,5.5,10.0,2,41.0,8.0,0.0,39.2,67.2,0.0609,115,7,22,23,10,27,"long_axis_bearing_deg = bearing of the item's LONG side in world, counter-clockwise from +X, in [0,180). Place by this, not by yaw. yaw_deg is the MuJoCo local-frame rotation and its meaning differs between bricks (long side on local X) and blocks (long side on local Y).","every bar uses the wall_10/wall_11 ArUco mounting; wall_9 is excluded (tag rotated 90 deg, 19.0 cm not 19.5)"
med_061,med,1push,block,obj_4,21.1,28.7,67.4,12.0,7.5,5.0,2,41.0,8.0,0.0,39.2,67.2,0.0609,115,7,22,23,10,27,"long_axis_bearing_deg = bearing of the item's LONG side in world, counter-clockwise from +X, in [0,180). Place by this, not by yaw. yaw_deg is the MuJoCo local-frame rotation and its meaning differs between bricks (long side on local X) and blocks (long side on local Y).","every bar uses the wall_10/wall_11 ArUco mounting; wall_9 is excluded (tag rotated 90 deg, 19.0 cm not 19.5)"
med_062,med,1push,brick,wall_10,10.1,44.5,168.8,19.5,5.5,10.0,3,27.4,14.9,0.0,28.5,70.6,0.15,60,9,38,13,9,38,"long_axis_bearing_deg = bearing of the item's LONG side in world, counter-clockwise from +X, in [0,180). Place by this, not by yaw. yaw_deg is the MuJoCo local-frame rotation and its meaning differs between bricks (long side on local X) and blocks (long side on local Y).","every bar uses the wall_10/wall_11 ArUco mounting; wall_9 is excluded (tag rotated 90 deg, 19.0 cm not 19.5)"
med_062,med,1push,brick,wall_11,35.3,54.5,94.6,19.5,5.5,10.0,3,27.4,14.9,0.0,28.5,70.6,0.15,60,9,38,13,9,38,"long_axis_bearing_deg = bearing of the item's LONG side in world, counter-clockwise from +X, in [0,180). Place by this, not by yaw. yaw_deg is the MuJoCo local-frame rotation and its meaning differs between bricks (long side on local X) and blocks (long side on local Y).","every bar uses the wall_10/wall_11 ArUco mounting; wall_9 is excluded (tag rotated 90 deg, 19.0 cm not 19.5)"
med_062,med,1push,brick,wall_12,35.3,32.1,71.1,19.5,5.5,10.0,3,27.4,14.9,0.0,28.5,70.6,0.15,60,9,38,13,9,38,"long_axis_bearing_deg = bearing of the item's LONG side in world, counter-clockwise from +X, in [0,180). Place by this, not by yaw. yaw_deg is the MuJoCo local-frame rotation and its meaning differs between bricks (long side on local X) and blocks (long side on local Y).","every bar uses the wall_10/wall_11 ArUco mounting; wall_9 is excluded (tag rotated 90 deg, 19.0 cm not 19.5)"
med_062,med,1push,block,obj_1,26.6,41.0,84.0,15.0,7.0,4.0,3,27.4,14.9,0.0,28.5,70.6,0.15,60,9,38,13,9,38,"long_axis_bearing_deg = bearing of the item's LONG side in world, counter-clockwise from +X, in [0,180). Place by this, not by yaw. yaw_deg is the MuJoCo local-frame rotation and its meaning differs between bricks (long side on local X) and blocks (long side on local Y).","every bar uses the wall_10/wall_11 ArUco mounting; wall_9 is excluded (tag rotated 90 deg, 19.0 cm not 19.5)"
med_063,med,1push,brick,wall_10,39.2,32.9,0.6,19.5,5.5,10.0,3,29.8,11.6,0.0,41.4,48.9,0.25,8,2,3,4,15,41,"long_axis_bearing_deg = bearing of the item's LONG side in world, counter-clockwise from +X, in [0,180). Place by this, not by yaw. yaw_deg is the MuJoCo local-frame rotation and its meaning differs between bricks (long side on local X) and blocks (long side on local Y).","every bar uses the wall_10/wall_11 ArUco mounting; wall_9 is excluded (tag rotated 90 deg, 19.0 cm not 19.5)"
med_063,med,1push,brick,wall_11,14.0,44.8,79.7,19.5,5.5,10.0,3,29.8,11.6,0.0,41.4,48.9,0.25,8,2,3,4,15,41,"long_axis_bearing_deg = bearing of the item's LONG side in world, counter-clockwise from +X, in [0,180). Place by this, not by yaw. yaw_deg is the MuJoCo local-frame rotation and its meaning differs between bricks (long side on local X) and blocks (long side on local Y).","every bar uses the wall_10/wall_11 ArUco mounting; wall_9 is excluded (tag rotated 90 deg, 19.0 cm not 19.5)"
med_063,med,1push,brick,wall_12,14.0,21.7,106.5,19.5,5.5,10.0,3,29.8,11.6,0.0,41.4,48.9,0.25,8,2,3,4,15,41,"long_axis_bearing_deg = bearing of the item's LONG side in world, counter-clockwise from +X, in [0,180). Place by this, not by yaw. yaw_deg is the MuJoCo local-frame rotation and its meaning differs between bricks (long side on local X) and blocks (long side on local Y).","every bar uses the wall_10/wall_11 ArUco mounting; wall_9 is excluded (tag rotated 90 deg, 19.0 cm not 19.5)"
med_063,med,1push,block,obj_4,21.8,36.2,70.6,12.0,7.5,5.0,3,29.8,11.6,0.0,41.4,48.9,0.25,8,2,3,4,15,41,"long_axis_bearing_deg = bearing of the item's LONG side in world, counter-clockwise from +X, in [0,180). Place by this, not by yaw. yaw_deg is the MuJoCo local-frame rotation and its meaning differs between bricks (long side on local X) and blocks (long side on local Y).","every bar uses the wall_10/wall_11 ArUco mounting; wall_9 is excluded (tag rotated 90 deg, 19.0 cm not 19.5)"
med_064,med,1push,brick,wall_10,38.9,47.5,169.9,19.5,5.5,10.0,2,13.5,28.7,0.0,42.6,65.6,0.0556,108,6,37,24,15,21,"long_axis_bearing_deg = bearing of the item's LONG side in world, counter-clockwise from +X, in [0,180). Place by this, not by yaw. yaw_deg is the MuJoCo local-frame rotation and its meaning differs between bricks (long side on local X) and blocks (long side on local Y).","every bar uses the wall_10/wall_11 ArUco mounting; wall_9 is excluded (tag rotated 90 deg, 19.0 cm not 19.5)"
med_064,med,1push,brick,wall_11,14.1,59.1,77.0,19.5,5.5,10.0,2,13.5,28.7,0.0,42.6,65.6,0.0556,108,6,37,24,15,21,"long_axis_bearing_deg = bearing of the item's LONG side in world, counter-clockwise from +X, in [0,180). Place by this, not by yaw. yaw_deg is the MuJoCo local-frame rotation and its meaning differs between bricks (long side on local X) and blocks (long side on local Y).","every bar uses the wall_10/wall_11 ArUco mounting; wall_9 is excluded (tag rotated 90 deg, 19.0 cm not 19.5)"
med_064,med,1push,block,obj_1,22.7,47.1,70.0,15.0,7.0,4.0,2,13.5,28.7,0.0,42.6,65.6,0.0556,108,6,37,24,15,21,"long_axis_bearing_deg = bearing of the item's LONG side in world, counter-clockwise from +X, in [0,180). Place by this, not by yaw. yaw_deg is the MuJoCo local-frame rotation and its meaning differs between bricks (long side on local X) and blocks (long side on local Y).","every bar uses the wall_10/wall_11 ArUco mounting; wall_9 is excluded (tag rotated 90 deg, 19.0 cm not 19.5)"
med_065,med,1push,brick,wall_10,10.0,32.5,8.1,19.5,5.5,10.0,2,6.9,19.1,0.0,28.2,61.3,0.061,82,5,31,22,9,29,"long_axis_bearing_deg = bearing of the item's LONG side in world, counter-clockwise from +X, in [0,180). Place by this, not by yaw. yaw_deg is the MuJoCo local-frame rotation and its meaning differs between bricks (long side on local X) and blocks (long side on local Y).","every bar uses the wall_10/wall_11 ArUco mounting; wall_9 is excluded (tag rotated 90 deg, 19.0 cm not 19.5)"
med_065,med,1push,brick,wall_11,34.0,42.0,110.0,19.5,5.5,10.0,2,6.9,19.1,0.0,28.2,61.3,0.061,82,5,31,22,9,29,"long_axis_bearing_deg = bearing of the item's LONG side in world, counter-clockwise from +X, in [0,180). Place by this, not by yaw. yaw_deg is the MuJoCo local-frame rotation and its meaning differs between bricks (long side on local X) and blocks (long side on local Y).","every bar uses the wall_10/wall_11 ArUco mounting; wall_9 is excluded (tag rotated 90 deg, 19.0 cm not 19.5)"
med_065,med,1push,block,obj_4,28.7,32.4,121.5,12.0,7.5,5.0,2,6.9,19.1,0.0,28.2,61.3,0.061,82,5,31,22,9,29,"long_axis_bearing_deg = bearing of the item's LONG side in world, counter-clockwise from +X, in [0,180). Place by this, not by yaw. yaw_deg is the MuJoCo local-frame rotation and its meaning differs between bricks (long side on local X) and blocks (long side on local Y).","every bar uses the wall_10/wall_11 ArUco mounting; wall_9 is excluded (tag rotated 90 deg, 19.0 cm not 19.5)"
med_066,med,1push,brick,wall_10,39.0,36.7,173.2,19.5,5.5,10.0,3,32.0,6.4,0.0,27.3,57.9,0.16,50,8,32,10,7,43,"long_axis_bearing_deg = bearing of the item's LONG side in world, counter-clockwise from +X, in [0,180). Place by this, not by yaw. yaw_deg is the MuJoCo local-frame rotation and its meaning differs between bricks (long side on local X) and blocks (long side on local Y).","every bar uses the wall_10/wall_11 ArUco mounting; wall_9 is excluded (tag rotated 90 deg, 19.0 cm not 19.5)"
med_066,med,1push,brick,wall_11,13.2,49.6,87.8,19.5,5.5,10.0,3,32.0,6.4,0.0,27.3,57.9,0.16,50,8,32,10,7,43,"long_axis_bearing_deg = bearing of the item's LONG side in world, counter-clockwise from +X, in [0,180). Place by this, not by yaw. yaw_deg is the MuJoCo local-frame rotation and its meaning differs between bricks (long side on local X) and blocks (long side on local Y).","every bar uses the wall_10/wall_11 ArUco mounting; wall_9 is excluded (tag rotated 90 deg, 19.0 cm not 19.5)"
med_066,med,1push,brick,wall_12,13.2,28.6,101.4,19.5,5.5,10.0,3,32.0,6.4,0.0,27.3,57.9,0.16,50,8,32,10,7,43,"long_axis_bearing_deg = bearing of the item's LONG side in world, counter-clockwise from +X, in [0,180). Place by this, not by yaw. yaw_deg is the MuJoCo local-frame rotation and its meaning differs between bricks (long side on local X) and blocks (long side on local Y).","every bar uses the wall_10/wall_11 ArUco mounting; wall_9 is excluded (tag rotated 90 deg, 19.0 cm not 19.5)"
med_066,med,1push,block,obj_1,20.3,36.0,93.6,15.0,7.0,4.0,3,32.0,6.4,0.0,27.3,57.9,0.16,50,8,32,10,7,43,"long_axis_bearing_deg = bearing of the item's LONG side in world, counter-clockwise from +X, in [0,180). Place by this, not by yaw. yaw_deg is the MuJoCo local-frame rotation and its meaning differs between bricks (long side on local X) and blocks (long side on local Y).","every bar uses the wall_10/wall_11 ArUco mounting; wall_9 is excluded (tag rotated 90 deg, 19.0 cm not 19.5)"
med_067,med,1push,brick,wall_10,10.5,25.5,141.7,19.5,5.5,10.0,3,14.2,10.0,0.0,11.2,49.8,0.2533,75,19,33,19,14,27,"long_axis_bearing_deg = bearing of the item's LONG side in world, counter-clockwise from +X, in [0,180). Place by this, not by yaw. yaw_deg is the MuJoCo local-frame rotation and its meaning differs between bricks (long side on local X) and blocks (long side on local Y).","every bar uses the wall_10/wall_11 ArUco mounting; wall_9 is excluded (tag rotated 90 deg, 19.0 cm not 19.5)"
med_067,med,1push,brick,wall_11,15.5,30.2,142.3,19.5,5.5,10.0,3,14.2,10.0,0.0,11.2,49.8,0.2533,75,19,33,19,14,27,"long_axis_bearing_deg = bearing of the item's LONG side in world, counter-clockwise from +X, in [0,180). Place by this, not by yaw. yaw_deg is the MuJoCo local-frame rotation and its meaning differs between bricks (long side on local X) and blocks (long side on local Y).","every bar uses the wall_10/wall_11 ArUco mounting; wall_9 is excluded (tag rotated 90 deg, 19.0 cm not 19.5)"
med_067,med,1push,brick,wall_12,25.1,34.9,126.4,19.5,5.5,10.0,3,14.2,10.0,0.0,11.2,49.8,0.2533,75,19,33,19,14,27,"long_axis_bearing_deg = bearing of the item's LONG side in world, counter-clockwise from +X, in [0,180). Place by this, not by yaw. yaw_deg is the MuJoCo local-frame rotation and its meaning differs between bricks (long side on local X) and blocks (long side on local Y).","every bar uses the wall_10/wall_11 ArUco mounting; wall_9 is excluded (tag rotated 90 deg, 19.0 cm not 19.5)"
med_067,med,1push,block,obj_4,38.4,27.9,67.8,12.0,7.5,5.0,3,14.2,10.0,0.0,11.2,49.8,0.2533,75,19,33,19,14,27,"long_axis_bearing_deg = bearing of the item's LONG side in world, counter-clockwise from +X, in [0,180). Place by this, not by yaw. yaw_deg is the MuJoCo local-frame rotation and its meaning differs between bricks (long side on local X) and blocks (long side on local Y).","every bar uses the wall_10/wall_11 ArUco mounting; wall_9 is excluded (tag rotated 90 deg, 19.0 cm not 19.5)"
med_068,med,1push,brick,wall_10,38.9,39.9,168.2,19.5,5.5,10.0,2,33.1,19.2,0.0,40.8,71.4,0.0556,72,4,24,19,15,26,"long_axis_bearing_deg = bearing of the item's LONG side in world, counter-clockwise from +X, in [0,180). Place by this, not by yaw. yaw_deg is the MuJoCo local-frame rotation and its meaning differs between bricks (long side on local X) and blocks (long side on local Y).","every bar uses the wall_10/wall_11 ArUco mounting; wall_9 is excluded (tag rotated 90 deg, 19.0 cm not 19.5)"
med_068,med,1push,brick,wall_11,12.8,50.4,74.0,19.5,5.5,10.0,2,33.1,19.2,0.0,40.8,71.4,0.0556,72,4,24,19,15,26,"long_axis_bearing_deg = bearing of the item's LONG side in world, counter-clockwise from +X, in [0,180). Place by this, not by yaw. yaw_deg is the MuJoCo local-frame rotation and its meaning differs between bricks (long side on local X) and blocks (long side on local Y).","every bar uses the wall_10/wall_11 ArUco mounting; wall_9 is excluded (tag rotated 90 deg, 19.0 cm not 19.5)"
med_068,med,1push,block,obj_1,20.9,43.5,50.1,15.0,7.0,4.0,2,33.1,19.2,0.0,40.8,71.4,0.0556,72,4,24,19,15,26,"long_axis_bearing_deg = bearing of the item's LONG side in world, counter-clockwise from +X, in [0,180). Place by this, not by yaw. yaw_deg is the MuJoCo local-frame rotation and its meaning differs between bricks (long side on local X) and blocks (long side on local Y).","every bar uses the wall_10/wall_11 ArUco mounting; wall_9 is excluded (tag rotated 90 deg, 19.0 cm not 19.5)"
med_069,med,1push,brick,wall_10,38.9,34.1,10.6,19.5,5.5,10.0,2,33.5,14.5,0.0,22.8,60.6,0.0625,16,1,10,6,21,33,"long_axis_bearing_deg = bearing of the item's LONG side in world, counter-clockwise from +X, in [0,180). Place by this, not by yaw. yaw_deg is the MuJoCo local-frame rotation and its meaning differs between bricks (long side on local X) and blocks (long side on local Y).","every bar uses the wall_10/wall_11 ArUco mounting; wall_9 is excluded (tag rotated 90 deg, 19.0 cm not 19.5)"
med_069,med,1push,brick,wall_11,13.9,43.1,70.5,19.5,5.5,10.0,2,33.5,14.5,0.0,22.8,60.6,0.0625,16,1,10,6,21,33,"long_axis_bearing_deg = bearing of the item's LONG side in world, counter-clockwise from +X, in [0,180). Place by this, not by yaw. yaw_deg is the MuJoCo local-frame rotation and its meaning differs between bricks (long side on local X) and blocks (long side on local Y).","every bar uses the wall_10/wall_11 ArUco mounting; wall_9 is excluded (tag rotated 90 deg, 19.0 cm not 19.5)"
med_069,med,1push,block,obj_4,26.0,38.6,22.6,12.0,7.5,5.0,2,33.5,14.5,0.0,22.8,60.6,0.0625,16,1,10,6,21,33,"long_axis_bearing_deg = bearing of the item's LONG side in world, counter-clockwise from +X, in [0,180). Place by this, not by yaw. yaw_deg is the MuJoCo local-frame rotation and its meaning differs between bricks (long side on local X) and blocks (long side on local Y).","every bar uses the wall_10/wall_11 ArUco mounting; wall_9 is excluded (tag rotated 90 deg, 19.0 cm not 19.5)"
med_070,med,1push,brick,wall_10,38.9,32.9,169.1,19.5,5.5,10.0,3,23.6,11.6,0.0,20.0,61.9,0.1607,56,9,30,12,9,39,"long_axis_bearing_deg = bearing of the item's LONG side in world, counter-clockwise from +X, in [0,180). Place by this, not by yaw. yaw_deg is the MuJoCo local-frame rotation and its meaning differs between bricks (long side on local X) and blocks (long side on local Y).","every bar uses the wall_10/wall_11 ArUco mounting; wall_9 is excluded (tag rotated 90 deg, 19.0 cm not 19.5)"
med_070,med,1push,brick,wall_11,13.1,45.5,73.5,19.5,5.5,10.0,3,23.6,11.6,0.0,20.0,61.9,0.1607,56,9,30,12,9,39,"long_axis_bearing_deg = bearing of the item's LONG side in world, counter-clockwise from +X, in [0,180). Place by this, not by yaw. yaw_deg is the MuJoCo local-frame rotation and its meaning differs between bricks (long side on local X) and blocks (long side on local Y).","every bar uses the wall_10/wall_11 ArUco mounting; wall_9 is excluded (tag rotated 90 deg, 19.0 cm not 19.5)"
med_070,med,1push,brick,wall_12,13.1,25.1,90.1,19.5,5.5,10.0,3,23.6,11.6,0.0,20.0,61.9,0.1607,56,9,30,12,9,39,"long_axis_bearing_deg = bearing of the item's LONG side in world, counter-clockwise from +X, in [0,180). Place by this, not by yaw. yaw_deg is the MuJoCo local-frame rotation and its meaning differs between bricks (long side on local X) and blocks (long side on local Y).","every bar uses the wall_10/wall_11 ArUco mounting; wall_9 is excluded (tag rotated 90 deg, 19.0 cm not 19.5)"
med_070,med,1push,block,obj_1,20.9,34.2,90.7,15.0,7.0,4.0,3,23.6,11.6,0.0,20.0,61.9,0.1607,56,9,30,12,9,39,"long_axis_bearing_deg = bearing of the item's LONG side in world, counter-clockwise from +X, in [0,180). Place by this, not by yaw. yaw_deg is the MuJoCo local-frame rotation and its meaning differs between bricks (long side on local X) and blocks (long side on local Y).","every bar uses the wall_10/wall_11 ArUco mounting; wall_9 is excluded (tag rotated 90 deg, 19.0 cm not 19.5)"
med_071,med,1push,brick,wall_10,10.0,45.3,6.2,19.5,5.5,10.0,3,31.3,11.5,0.0,21.6,62.3,0.2889,45,13,21,8,12,40,"long_axis_bearing_deg = bearing of the item's LONG side in world, counter-clockwise from +X, in [0,180). Place by this, not by yaw. yaw_deg is the MuJoCo local-frame rotation and its meaning differs between bricks (long side on local X) and blocks (long side on local Y).","every bar uses the wall_10/wall_11 ArUco mounting; wall_9 is excluded (tag rotated 90 deg, 19.0 cm not 19.5)"
med_071,med,1push,brick,wall_11,35.3,57.5,103.4,19.5,5.5,10.0,3,31.3,11.5,0.0,21.6,62.3,0.2889,45,13,21,8,12,40,"long_axis_bearing_deg = bearing of the item's LONG side in world, counter-clockwise from +X, in [0,180). Place by this, not by yaw. yaw_deg is the MuJoCo local-frame rotation and its meaning differs between bricks (long side on local X) and blocks (long side on local Y).","every bar uses the wall_10/wall_11 ArUco mounting; wall_9 is excluded (tag rotated 90 deg, 19.0 cm not 19.5)"
med_071,med,1push,brick,wall_12,35.3,34.0,85.5,19.5,5.5,10.0,3,31.3,11.5,0.0,21.6,62.3,0.2889,45,13,21,8,12,40,"long_axis_bearing_deg = bearing of the item's LONG side in world, counter-clockwise from +X, in [0,180). Place by this, not by yaw. yaw_deg is the MuJoCo local-frame rotation and its meaning differs between bricks (long side on local X) and blocks (long side on local Y).","every bar uses the wall_10/wall_11 ArUco mounting; wall_9 is excluded (tag rotated 90 deg, 19.0 cm not 19.5)"
med_071,med,1push,block,obj_4,27.3,46.4,97.7,12.0,7.5,5.0,3,31.3,11.5,0.0,21.6,62.3,0.2889,45,13,21,8,12,40,"long_axis_bearing_deg = bearing of the item's LONG side in world, counter-clockwise from +X, in [0,180). Place by this, not by yaw. yaw_deg is the MuJoCo local-frame rotation and its meaning differs between bricks (long side on local X) and blocks (long side on local Y).","every bar uses the wall_10/wall_11 ArUco mounting; wall_9 is excluded (tag rotated 90 deg, 19.0 cm not 19.5)"
med_072,med,1push,brick,wall_10,9.9,30.5,2.8,19.5,5.5,10.0,2,17.9,15.4,0.0,19.8,53.6,0.0566,106,6,7,24,15,21,"long_axis_bearing_deg = bearing of the item's LONG side in world, counter-clockwise from +X, in [0,180). Place by this, not by yaw. yaw_deg is the MuJoCo local-frame rotation and its meaning differs between bricks (long side on local X) and blocks (long side on local Y).","every bar uses the wall_10/wall_11 ArUco mounting; wall_9 is excluded (tag rotated 90 deg, 19.0 cm not 19.5)"
med_072,med,1push,brick,wall_11,35.2,40.6,104.2,19.5,5.5,10.0,2,17.9,15.4,0.0,19.8,53.6,0.0566,106,6,7,24,15,21,"long_axis_bearing_deg = bearing of the item's LONG side in world, counter-clockwise from +X, in [0,180). Place by this, not by yaw. yaw_deg is the MuJoCo local-frame rotation and its meaning differs between bricks (long side on local X) and blocks (long side on local Y).","every bar uses the wall_10/wall_11 ArUco mounting; wall_9 is excluded (tag rotated 90 deg, 19.0 cm not 19.5)"
med_072,med,1push,block,obj_1,29.7,28.9,115.7,15.0,7.0,4.0,2,17.9,15.4,0.0,19.8,53.6,0.0566,106,6,7,24,15,21,"long_axis_bearing_deg = bearing of the item's LONG side in world, counter-clockwise from +X, in [0,180). Place by this, not by yaw. yaw_deg is the MuJoCo local-frame rotation and its meaning differs between bricks (long side on local X) and blocks (long side on local Y).","every bar uses the wall_10/wall_11 ArUco mounting; wall_9 is excluded (tag rotated 90 deg, 19.0 cm not 19.5)"
med_073,med,1push,brick,wall_10,39.1,47.7,3.5,19.5,5.5,10.0,2,28.5,33.7,0.0,25.3,64.4,0.0631,111,7,39,25,8,27,"long_axis_bearing_deg = bearing of the item's LONG side in world, counter-clockwise from +X, in [0,180). Place by this, not by yaw. yaw_deg is the MuJoCo local-frame rotation and its meaning differs between bricks (long side on local X) and blocks (long side on local Y).","every bar uses the wall_10/wall_11 ArUco mounting; wall_9 is excluded (tag rotated 90 deg, 19.0 cm not 19.5)"
med_073,med,1push,brick,wall_11,14.9,59.7,75.0,19.5,5.5,10.0,2,28.5,33.7,0.0,25.3,64.4,0.0631,111,7,39,25,8,27,"long_axis_bearing_deg = bearing of the item's LONG side in world, counter-clockwise from +X, in [0,180). Place by this, not by yaw. yaw_deg is the MuJoCo local-frame rotation and its meaning differs between bricks (long side on local X) and blocks (long side on local Y).","every bar uses the wall_10/wall_11 ArUco mounting; wall_9 is excluded (tag rotated 90 deg, 19.0 cm not 19.5)"
med_073,med,1push,block,obj_4,19.9,45.1,55.1,12.0,7.5,5.0,2,28.5,33.7,0.0,25.3,64.4,0.0631,111,7,39,25,8,27,"long_axis_bearing_deg = bearing of the item's LONG side in world, counter-clockwise from +X, in [0,180). Place by this, not by yaw. yaw_deg is the MuJoCo local-frame rotation and its meaning differs between bricks (long side on local X) and blocks (long side on local Y).","every bar uses the wall_10/wall_11 ArUco mounting; wall_9 is excluded (tag rotated 90 deg, 19.0 cm not 19.5)"
med_074,med,1push,brick,wall_10,10.1,36.1,9.3,19.5,5.5,10.0,3,7.1,20.6,0.0,15.8,57.9,0.1633,49,8,0,14,15,31,"long_axis_bearing_deg = bearing of the item's LONG side in world, counter-clockwise from +X, in [0,180). Place by this, not by yaw. yaw_deg is the MuJoCo local-frame rotation and its meaning differs between bricks (long side on local X) and blocks (long side on local Y).","every bar uses the wall_10/wall_11 ArUco mounting; wall_9 is excluded (tag rotated 90 deg, 19.0 cm not 19.5)"
med_074,med,1push,brick,wall_11,35.9,49.0,95.7,19.5,5.5,10.0,3,7.1,20.6,0.0,15.8,57.9,0.1633,49,8,0,14,15,31,"long_axis_bearing_deg = bearing of the item's LONG side in world, counter-clockwise from +X, in [0,180). Place by this, not by yaw. yaw_deg is the MuJoCo local-frame rotation and its meaning differs between bricks (long side on local X) and blocks (long side on local Y).","every bar uses the wall_10/wall_11 ArUco mounting; wall_9 is excluded (tag rotated 90 deg, 19.0 cm not 19.5)"
med_074,med,1push,brick,wall_12,35.9,28.2,77.1,19.5,5.5,10.0,3,7.1,20.6,0.0,15.8,57.9,0.1633,49,8,0,14,15,31,"long_axis_bearing_deg = bearing of the item's LONG side in world, counter-clockwise from +X, in [0,180). Place by this, not by yaw. yaw_deg is the MuJoCo local-frame rotation and its meaning differs between bricks (long side on local X) and blocks (long side on local Y).","every bar uses the wall_10/wall_11 ArUco mounting; wall_9 is excluded (tag rotated 90 deg, 19.0 cm not 19.5)"
med_074,med,1push,block,obj_1,24.4,37.4,98.5,15.0,7.0,4.0,3,7.1,20.6,0.0,15.8,57.9,0.1633,49,8,0,14,15,31,"long_axis_bearing_deg = bearing of the item's LONG side in world, counter-clockwise from +X, in [0,180). Place by this, not by yaw. yaw_deg is the MuJoCo local-frame rotation and its meaning differs between bricks (long side on local X) and blocks (long side on local Y).","every bar uses the wall_10/wall_11 ArUco mounting; wall_9 is excluded (tag rotated 90 deg, 19.0 cm not 19.5)"
med_075,med,1push,brick,wall_10,10.0,45.8,172.2,19.5,5.5,10.0,3,15.8,11.3,0.0,13.3,69.1,0.2909,55,16,30,15,15,30,"long_axis_bearing_deg = bearing of the item's LONG side in world, counter-clockwise from +X, in [0,180). Place by this, not by yaw. yaw_deg is the MuJoCo local-frame rotation and its meaning differs between bricks (long side on local X) and blocks (long side on local Y).","every bar uses the wall_10/wall_11 ArUco mounting; wall_9 is excluded (tag rotated 90 deg, 19.0 cm not 19.5)"
med_075,med,1push,brick,wall_11,35.5,58.5,107.5,19.5,5.5,10.0,3,15.8,11.3,0.0,13.3,69.1,0.2909,55,16,30,15,15,30,"long_axis_bearing_deg = bearing of the item's LONG side in world, counter-clockwise from +X, in [0,180). Place by this, not by yaw. yaw_deg is the MuJoCo local-frame rotation and its meaning differs between bricks (long side on local X) and blocks (long side on local Y).","every bar uses the wall_10/wall_11 ArUco mounting; wall_9 is excluded (tag rotated 90 deg, 19.0 cm not 19.5)"
med_075,med,1push,brick,wall_12,35.5,37.6,80.7,19.5,5.5,10.0,3,15.8,11.3,0.0,13.3,69.1,0.2909,55,16,30,15,15,30,"long_axis_bearing_deg = bearing of the item's LONG side in world, counter-clockwise from +X, in [0,180). Place by this, not by yaw. yaw_deg is the MuJoCo local-frame rotation and its meaning differs between bricks (long side on local X) and blocks (long side on local Y).","every bar uses the wall_10/wall_11 ArUco mounting; wall_9 is excluded (tag rotated 90 deg, 19.0 cm not 19.5)"
med_075,med,1push,block,obj_4,24.8,44.8,83.2,12.0,7.5,5.0,3,15.8,11.3,0.0,13.3,69.1,0.2909,55,16,30,15,15,30,"long_axis_bearing_deg = bearing of the item's LONG side in world, counter-clockwise from +X, in [0,180). Place by this, not by yaw. yaw_deg is the MuJoCo local-frame rotation and its meaning differs between bricks (long side on local X) and blocks (long side on local Y).","every bar uses the wall_10/wall_11 ArUco mounting; wall_9 is excluded (tag rotated 90 deg, 19.0 cm not 19.5)"
med_076,med,1push,brick,wall_10,38.9,46.7,168.7,19.5,5.5,10.0,2,40.4,10.7,0.0,41.9,68.9,0.0573,157,9,3,32,2,26,"long_axis_bearing_deg = bearing of the item's LONG side in world, counter-clockwise from +X, in [0,180). Place by this, not by yaw. yaw_deg is the MuJoCo local-frame rotation and its meaning differs between bricks (long side on local X) and blocks (long side on local Y).","every bar uses the wall_10/wall_11 ArUco mounting; wall_9 is excluded (tag rotated 90 deg, 19.0 cm not 19.5)"
med_076,med,1push,brick,wall_11,15.1,59.0,75.1,19.5,5.5,10.0,2,40.4,10.7,0.0,41.9,68.9,0.0573,157,9,3,32,2,26,"long_axis_bearing_deg = bearing of the item's LONG side in world, counter-clockwise from +X, in [0,180). Place by this, not by yaw. yaw_deg is the MuJoCo local-frame rotation and its meaning differs between bricks (long side on local X) and blocks (long side on local Y).","every bar uses the wall_10/wall_11 ArUco mounting; wall_9 is excluded (tag rotated 90 deg, 19.0 cm not 19.5)"
med_076,med,1push,block,obj_1,19.4,43.0,45.1,15.0,7.0,4.0,2,40.4,10.7,0.0,41.9,68.9,0.0573,157,9,3,32,2,26,"long_axis_bearing_deg = bearing of the item's LONG side in world, counter-clockwise from +X, in [0,180). Place by this, not by yaw. yaw_deg is the MuJoCo local-frame rotation and its meaning differs between bricks (long side on local X) and blocks (long side on local Y).","every bar uses the wall_10/wall_11 ArUco mounting; wall_9 is excluded (tag rotated 90 deg, 19.0 cm not 19.5)"
med_077,med,1push,brick,wall_10,10.1,47.1,170.3,19.5,5.5,10.0,2,31.6,21.2,0.0,15.3,65.7,0.0633,79,5,27,21,7,32,"long_axis_bearing_deg = bearing of the item's LONG side in world, counter-clockwise from +X, in [0,180). Place by this, not by yaw. yaw_deg is the MuJoCo local-frame rotation and its meaning differs between bricks (long side on local X) and blocks (long side on local Y).","every bar uses the wall_10/wall_11 ArUco mounting; wall_9 is excluded (tag rotated 90 deg, 19.0 cm not 19.5)"
med_077,med,1push,brick,wall_11,35.9,56.5,103.8,19.5,5.5,10.0,2,31.6,21.2,0.0,15.3,65.7,0.0633,79,5,27,21,7,32,"long_axis_bearing_deg = bearing of the item's LONG side in world, counter-clockwise from +X, in [0,180). Place by this, not by yaw. yaw_deg is the MuJoCo local-frame rotation and its meaning differs between bricks (long side on local X) and blocks (long side on local Y).","every bar uses the wall_10/wall_11 ArUco mounting; wall_9 is excluded (tag rotated 90 deg, 19.0 cm not 19.5)"
med_077,med,1push,block,obj_4,28.9,43.9,26.0,12.0,7.5,5.0,2,31.6,21.2,0.0,15.3,65.7,0.0633,79,5,27,21,7,32,"long_axis_bearing_deg = bearing of the item's LONG side in world, counter-clockwise from +X, in [0,180). Place by this, not by yaw. yaw_deg is the MuJoCo local-frame rotation and its meaning differs between bricks (long side on local X) and blocks (long side on local Y).","every bar uses the wall_10/wall_11 ArUco mounting; wall_9 is excluded (tag rotated 90 deg, 19.0 cm not 19.5)"
med_078,med,1push,brick,wall_10,9.8,33.0,1.9,19.5,5.5,10.0,3,30.9,6.3,0.0,16.3,47.4,0.1636,55,9,31,11,9,40,"long_axis_bearing_deg = bearing of the item's LONG side in world, counter-clockwise from +X, in [0,180). Place by this, not by yaw. yaw_deg is the MuJoCo local-frame rotation and its meaning differs between bricks (long side on local X) and blocks (long side on local Y).","every bar uses the wall_10/wall_11 ArUco mounting; wall_9 is excluded (tag rotated 90 deg, 19.0 cm not 19.5)"
med_078,med,1push,brick,wall_11,35.6,44.2,103.1,19.5,5.5,10.0,3,30.9,6.3,0.0,16.3,47.4,0.1636,55,9,31,11,9,40,"long_axis_bearing_deg = bearing of the item's LONG side in world, counter-clockwise from +X, in [0,180). Place by this, not by yaw. yaw_deg is the MuJoCo local-frame rotation and its meaning differs between bricks (long side on local X) and blocks (long side on local Y).","every bar uses the wall_10/wall_11 ArUco mounting; wall_9 is excluded (tag rotated 90 deg, 19.0 cm not 19.5)"
med_078,med,1push,brick,wall_12,35.6,22.4,83.8,19.5,5.5,10.0,3,30.9,6.3,0.0,16.3,47.4,0.1636,55,9,31,11,9,40,"long_axis_bearing_deg = bearing of the item's LONG side in world, counter-clockwise from +X, in [0,180). Place by this, not by yaw. yaw_deg is the MuJoCo local-frame rotation and its meaning differs between bricks (long side on local X) and blocks (long side on local Y).","every bar uses the wall_10/wall_11 ArUco mounting; wall_9 is excluded (tag rotated 90 deg, 19.0 cm not 19.5)"
med_078,med,1push,block,obj_1,27.6,32.3,90.2,15.0,7.0,4.0,3,30.9,6.3,0.0,16.3,47.4,0.1636,55,9,31,11,9,40,"long_axis_bearing_deg = bearing of the item's LONG side in world, counter-clockwise from +X, in [0,180). Place by this, not by yaw. yaw_deg is the MuJoCo local-frame rotation and its meaning differs between bricks (long side on local X) and blocks (long side on local Y).","every bar uses the wall_10/wall_11 ArUco mounting; wall_9 is excluded (tag rotated 90 deg, 19.0 cm not 19.5)"
med_079,med,1push,brick,wall_10,38.9,33.6,168.2,19.5,5.5,10.0,3,33.3,13.6,0.0,20.5,64.5,0.2979,47,14,26,15,15,30,"long_axis_bearing_deg = bearing of the item's LONG side in world, counter-clockwise from +X, in [0,180). Place by this, not by yaw. yaw_deg is the MuJoCo local-frame rotation and its meaning differs between bricks (long side on local X) and blocks (long side on local Y).","every bar uses the wall_10/wall_11 ArUco mounting; wall_9 is excluded (tag rotated 90 deg, 19.0 cm not 19.5)"
med_079,med,1push,brick,wall_11,13.2,46.4,74.7,19.5,5.5,10.0,3,33.3,13.6,0.0,20.5,64.5,0.2979,47,14,26,15,15,30,"long_axis_bearing_deg = bearing of the item's LONG side in world, counter-clockwise from +X, in [0,180). Place by this, not by yaw. yaw_deg is the MuJoCo local-frame rotation and its meaning differs between bricks (long side on local X) and blocks (long side on local Y).","every bar uses the wall_10/wall_11 ArUco mounting; wall_9 is excluded (tag rotated 90 deg, 19.0 cm not 19.5)"
med_079,med,1push,brick,wall_12,13.2,22.5,106.2,19.5,5.5,10.0,3,33.3,13.6,0.0,20.5,64.5,0.2979,47,14,26,15,15,30,"long_axis_bearing_deg = bearing of the item's LONG side in world, counter-clockwise from +X, in [0,180). Place by this, not by yaw. yaw_deg is the MuJoCo local-frame rotation and its meaning differs between bricks (long side on local X) and blocks (long side on local Y).","every bar uses the wall_10/wall_11 ArUco mounting; wall_9 is excluded (tag rotated 90 deg, 19.0 cm not 19.5)"
med_079,med,1push,block,obj_4,24.5,35.8,79.2,12.0,7.5,5.0,3,33.3,13.6,0.0,20.5,64.5,0.2979,47,14,26,15,15,30,"long_axis_bearing_deg = bearing of the item's LONG side in world, counter-clockwise from +X, in [0,180). Place by this, not by yaw. yaw_deg is the MuJoCo local-frame rotation and its meaning differs between bricks (long side on local X) and blocks (long side on local Y).","every bar uses the wall_10/wall_11 ArUco mounting; wall_9 is excluded (tag rotated 90 deg, 19.0 cm not 19.5)"
med_080,med,1push,brick,wall_10,10.1,43.6,11.5,19.5,5.5,10.0,2,12.0,25.3,0.0,16.4,64.9,0.0594,101,6,35,22,15,23,"long_axis_bearing_deg = bearing of the item's LONG side in world, counter-clockwise from +X, in [0,180). Place by this, not by yaw. yaw_deg is the MuJoCo local-frame rotation and its meaning differs between bricks (long side on local X) and blocks (long side on local Y).","every bar uses the wall_10/wall_11 ArUco mounting; wall_9 is excluded (tag rotated 90 deg, 19.0 cm not 19.5)"
med_080,med,1push,brick,wall_11,36.0,56.0,103.8,19.5,5.5,10.0,2,12.0,25.3,0.0,16.4,64.9,0.0594,101,6,35,22,15,23,"long_axis_bearing_deg = bearing of the item's LONG side in world, counter-clockwise from +X, in [0,180). Place by this, not by yaw. yaw_deg is the MuJoCo local-frame rotation and its meaning differs between bricks (long side on local X) and blocks (long side on local Y).","every bar uses the wall_10/wall_11 ArUco mounting; wall_9 is excluded (tag rotated 90 deg, 19.0 cm not 19.5)"
med_080,med,1push,block,obj_1,28.4,44.7,120.9,15.0,7.0,4.0,2,12.0,25.3,0.0,16.4,64.9,0.0594,101,6,35,22,15,23,"long_axis_bearing_deg = bearing of the item's LONG side in world, counter-clockwise from +X, in [0,180). Place by this, not by yaw. yaw_deg is the MuJoCo local-frame rotation and its meaning differs between bricks (long side on local X) and blocks (long side on local Y).","every bar uses the wall_10/wall_11 ArUco mounting; wall_9 is excluded (tag rotated 90 deg, 19.0 cm not 19.5)"
med_081,med,1push,brick,wall_10,39.1,46.6,4.3,19.5,5.5,10.0,2,18.4,8.1,0.0,37.6,60.8,0.0635,63,4,42,15,9,36,"long_axis_bearing_deg = bearing of the item's LONG side in world, counter-clockwise from +X, in [0,180). Place by this, not by yaw. yaw_deg is the MuJoCo local-frame rotation and its meaning differs between bricks (long side on local X) and blocks (long side on local Y).","every bar uses the wall_10/wall_11 ArUco mounting; wall_9 is excluded (tag rotated 90 deg, 19.0 cm not 19.5)"
med_081,med,1push,brick,wall_11,13.8,56.4,72.5,19.5,5.5,10.0,2,18.4,8.1,0.0,37.6,60.8,0.0635,63,4,42,15,9,36,"long_axis_bearing_deg = bearing of the item's LONG side in world, counter-clockwise from +X, in [0,180). Place by this, not by yaw. yaw_deg is the MuJoCo local-frame rotation and its meaning differs between bricks (long side on local X) and blocks (long side on local Y).","every bar uses the wall_10/wall_11 ArUco mounting; wall_9 is excluded (tag rotated 90 deg, 19.0 cm not 19.5)"
med_081,med,1push,block,obj_4,21.3,49.0,93.4,12.0,7.5,5.0,2,18.4,8.1,0.0,37.6,60.8,0.0635,63,4,42,15,9,36,"long_axis_bearing_deg = bearing of the item's LONG side in world, counter-clockwise from +X, in [0,180). Place by this, not by yaw. yaw_deg is the MuJoCo local-frame rotation and its meaning differs between bricks (long side on local X) and blocks (long side on local Y).","every bar uses the wall_10/wall_11 ArUco mounting; wall_9 is excluded (tag rotated 90 deg, 19.0 cm not 19.5)"
med_082,med,1push,brick,wall_10,10.0,38.4,6.4,19.5,5.5,10.0,3,33.1,9.7,0.0,17.0,69.3,0.175,40,7,0,9,12,39,"long_axis_bearing_deg = bearing of the item's LONG side in world, counter-clockwise from +X, in [0,180). Place by this, not by yaw. yaw_deg is the MuJoCo local-frame rotation and its meaning differs between bricks (long side on local X) and blocks (long side on local Y).","every bar uses the wall_10/wall_11 ArUco mounting; wall_9 is excluded (tag rotated 90 deg, 19.0 cm not 19.5)"
med_082,med,1push,brick,wall_11,35.8,50.1,91.6,19.5,5.5,10.0,3,33.1,9.7,0.0,17.0,69.3,0.175,40,7,0,9,12,39,"long_axis_bearing_deg = bearing of the item's LONG side in world, counter-clockwise from +X, in [0,180). Place by this, not by yaw. yaw_deg is the MuJoCo local-frame rotation and its meaning differs between bricks (long side on local X) and blocks (long side on local Y).","every bar uses the wall_10/wall_11 ArUco mounting; wall_9 is excluded (tag rotated 90 deg, 19.0 cm not 19.5)"
med_082,med,1push,brick,wall_12,35.8,28.6,72.7,19.5,5.5,10.0,3,33.1,9.7,0.0,17.0,69.3,0.175,40,7,0,9,12,39,"long_axis_bearing_deg = bearing of the item's LONG side in world, counter-clockwise from +X, in [0,180). Place by this, not by yaw. yaw_deg is the MuJoCo local-frame rotation and its meaning differs between bricks (long side on local X) and blocks (long side on local Y).","every bar uses the wall_10/wall_11 ArUco mounting; wall_9 is excluded (tag rotated 90 deg, 19.0 cm not 19.5)"
med_082,med,1push,block,obj_1,28.2,39.5,93.4,15.0,7.0,4.0,3,33.1,9.7,0.0,17.0,69.3,0.175,40,7,0,9,12,39,"long_axis_bearing_deg = bearing of the item's LONG side in world, counter-clockwise from +X, in [0,180). Place by this, not by yaw. yaw_deg is the MuJoCo local-frame rotation and its meaning differs between bricks (long side on local X) and blocks (long side on local Y).","every bar uses the wall_10/wall_11 ArUco mounting; wall_9 is excluded (tag rotated 90 deg, 19.0 cm not 19.5)"
med_083,med,1push,brick,wall_10,39.0,38.3,172.2,19.5,5.5,10.0,2,30.8,11.2,0.0,36.0,59.5,0.0595,84,5,26,22,13,25,"long_axis_bearing_deg = bearing of the item's LONG side in world, counter-clockwise from +X, in [0,180). Place by this, not by yaw. yaw_deg is the MuJoCo local-frame rotation and its meaning differs between bricks (long side on local X) and blocks (long side on local Y).","every bar uses the wall_10/wall_11 ArUco mounting; wall_9 is excluded (tag rotated 90 deg, 19.0 cm not 19.5)"
med_083,med,1push,brick,wall_11,13.2,47.4,79.0,19.5,5.5,10.0,2,30.8,11.2,0.0,36.0,59.5,0.0595,84,5,26,22,13,25,"long_axis_bearing_deg = bearing of the item's LONG side in world, counter-clockwise from +X, in [0,180). Place by this, not by yaw. yaw_deg is the MuJoCo local-frame rotation and its meaning differs between bricks (long side on local X) and blocks (long side on local Y).","every bar uses the wall_10/wall_11 ArUco mounting; wall_9 is excluded (tag rotated 90 deg, 19.0 cm not 19.5)"
med_083,med,1push,block,obj_1,18.6,38.1,68.9,15.0,7.0,4.0,2,30.8,11.2,0.0,36.0,59.5,0.0595,84,5,26,22,13,25,"long_axis_bearing_deg = bearing of the item's LONG side in world, counter-clockwise from +X, in [0,180). Place by this, not by yaw. yaw_deg is the MuJoCo local-frame rotation and its meaning differs between bricks (long side on local X) and blocks (long side on local Y).","every bar uses the wall_10/wall_11 ArUco mounting; wall_9 is excluded (tag rotated 90 deg, 19.0 cm not 19.5)"
med_084,med,1push,brick,wall_10,39.0,36.3,172.7,19.5,5.5,10.0,2,7.7,16.8,0.0,24.8,63.5,0.0642,109,7,18,25,12,23,"long_axis_bearing_deg = bearing of the item's LONG side in world, counter-clockwise from +X, in [0,180). Place by this, not by yaw. yaw_deg is the MuJoCo local-frame rotation and its meaning differs between bricks (long side on local X) and blocks (long side on local Y).","every bar uses the wall_10/wall_11 ArUco mounting; wall_9 is excluded (tag rotated 90 deg, 19.0 cm not 19.5)"
med_084,med,1push,brick,wall_11,13.3,44.8,77.8,19.5,5.5,10.0,2,7.7,16.8,0.0,24.8,63.5,0.0642,109,7,18,25,12,23,"long_axis_bearing_deg = bearing of the item's LONG side in world, counter-clockwise from +X, in [0,180). Place by this, not by yaw. yaw_deg is the MuJoCo local-frame rotation and its meaning differs between bricks (long side on local X) and blocks (long side on local Y).","every bar uses the wall_10/wall_11 ArUco mounting; wall_9 is excluded (tag rotated 90 deg, 19.0 cm not 19.5)"
med_084,med,1push,block,obj_4,19.6,33.4,72.0,12.0,7.5,5.0,2,7.7,16.8,0.0,24.8,63.5,0.0642,109,7,18,25,12,23,"long_axis_bearing_deg = bearing of the item's LONG side in world, counter-clockwise from +X, in [0,180). Place by this, not by yaw. yaw_deg is the MuJoCo local-frame rotation and its meaning differs between bricks (long side on local X) and blocks (long side on local Y).","every bar uses the wall_10/wall_11 ArUco mounting; wall_9 is excluded (tag rotated 90 deg, 19.0 cm not 19.5)"
med_085,med,1push,brick,wall_10,10.0,46.3,6.6,19.5,5.5,10.0,3,31.5,8.8,0.0,6.9,67.8,0.1786,56,10,3,15,16,29,"long_axis_bearing_deg = bearing of the item's LONG side in world, counter-clockwise from +X, in [0,180). Place by this, not by yaw. yaw_deg is the MuJoCo local-frame rotation and its meaning differs between bricks (long side on local X) and blocks (long side on local Y).","every bar uses the wall_10/wall_11 ArUco mounting; wall_9 is excluded (tag rotated 90 deg, 19.0 cm not 19.5)"
med_085,med,1push,brick,wall_11,34.8,58.1,109.0,19.5,5.5,10.0,3,31.5,8.8,0.0,6.9,67.8,0.1786,56,10,3,15,16,29,"long_axis_bearing_deg = bearing of the item's LONG side in world, counter-clockwise from +X, in [0,180). Place by this, not by yaw. yaw_deg is the MuJoCo local-frame rotation and its meaning differs between bricks (long side on local X) and blocks (long side on local Y).","every bar uses the wall_10/wall_11 ArUco mounting; wall_9 is excluded (tag rotated 90 deg, 19.0 cm not 19.5)"
med_085,med,1push,brick,wall_12,34.8,36.3,85.4,19.5,5.5,10.0,3,31.5,8.8,0.0,6.9,67.8,0.1786,56,10,3,15,16,29,"long_axis_bearing_deg = bearing of the item's LONG side in world, counter-clockwise from +X, in [0,180). Place by this, not by yaw. yaw_deg is the MuJoCo local-frame rotation and its meaning differs between bricks (long side on local X) and blocks (long side on local Y).","every bar uses the wall_10/wall_11 ArUco mounting; wall_9 is excluded (tag rotated 90 deg, 19.0 cm not 19.5)"
med_085,med,1push,block,obj_1,24.0,47.5,88.8,15.0,7.0,4.0,3,31.5,8.8,0.0,6.9,67.8,0.1786,56,10,3,15,16,29,"long_axis_bearing_deg = bearing of the item's LONG side in world, counter-clockwise from +X, in [0,180). Place by this, not by yaw. yaw_deg is the MuJoCo local-frame rotation and its meaning differs between bricks (long side on local X) and blocks (long side on local Y).","every bar uses the wall_10/wall_11 ArUco mounting; wall_9 is excluded (tag rotated 90 deg, 19.0 cm not 19.5)"
med_086,med,1push,brick,wall_10,10.0,33.3,171.7,19.5,5.5,10.0,2,16.7,14.2,0.0,22.1,67.7,0.0597,134,8,40,27,11,22,"long_axis_bearing_deg = bearing of the item's LONG side in world, counter-clockwise from +X, in [0,180). Place by this, not by yaw. yaw_deg is the MuJoCo local-frame rotation and its meaning differs between bricks (long side on local X) and blocks (long side on local Y).","every bar uses the wall_10/wall_11 ArUco mounting; wall_9 is excluded (tag rotated 90 deg, 19.0 cm not 19.5)"
med_086,med,1push,brick,wall_11,34.8,42.5,107.4,19.5,5.5,10.0,2,16.7,14.2,0.0,22.1,67.7,0.0597,134,8,40,27,11,22,"long_axis_bearing_deg = bearing of the item's LONG side in world, counter-clockwise from +X, in [0,180). Place by this, not by yaw. yaw_deg is the MuJoCo local-frame rotation and its meaning differs between bricks (long side on local X) and blocks (long side on local Y).","every bar uses the wall_10/wall_11 ArUco mounting; wall_9 is excluded (tag rotated 90 deg, 19.0 cm not 19.5)"
med_086,med,1push,block,obj_1,28.2,28.4,97.9,15.0,7.0,4.0,2,16.7,14.2,0.0,22.1,67.7,0.0597,134,8,40,27,11,22,"long_axis_bearing_deg = bearing of the item's LONG side in world, counter-clockwise from +X, in [0,180). Place by this, not by yaw. yaw_deg is the MuJoCo local-frame rotation and its meaning differs between bricks (long side on local X) and blocks (long side on local Y).","every bar uses the wall_10/wall_11 ArUco mounting; wall_9 is excluded (tag rotated 90 deg, 19.0 cm not 19.5)"
med_087,med,1push,brick,wall_10,39.0,30.8,173.1,19.5,5.5,10.0,2,12.0,6.4,0.0,41.9,65.9,0.0647,139,9,42,28,11,21,"long_axis_bearing_deg = bearing of the item's LONG side in world, counter-clockwise from +X, in [0,180). Place by this, not by yaw. yaw_deg is the MuJoCo local-frame rotation and its meaning differs between bricks (long side on local X) and blocks (long side on local Y).","every bar uses the wall_10/wall_11 ArUco mounting; wall_9 is excluded (tag rotated 90 deg, 19.0 cm not 19.5)"
med_087,med,1push,brick,wall_11,14.5,42.1,73.1,19.5,5.5,10.0,2,12.0,6.4,0.0,41.9,65.9,0.0647,139,9,42,28,11,21,"long_axis_bearing_deg = bearing of the item's LONG side in world, counter-clockwise from +X, in [0,180). Place by this, not by yaw. yaw_deg is the MuJoCo local-frame rotation and its meaning differs between bricks (long side on local X) and blocks (long side on local Y).","every bar uses the wall_10/wall_11 ArUco mounting; wall_9 is excluded (tag rotated 90 deg, 19.0 cm not 19.5)"
med_087,med,1push,block,obj_4,20.5,27.7,75.4,12.0,7.5,5.0,2,12.0,6.4,0.0,41.9,65.9,0.0647,139,9,42,28,11,21,"long_axis_bearing_deg = bearing of the item's LONG side in world, counter-clockwise from +X, in [0,180). Place by this, not by yaw. yaw_deg is the MuJoCo local-frame rotation and its meaning differs between bricks (long side on local X) and blocks (long side on local Y).","every bar uses the wall_10/wall_11 ArUco mounting; wall_9 is excluded (tag rotated 90 deg, 19.0 cm not 19.5)"
med_088,med,1push,brick,wall_10,38.9,44.7,11.8,19.5,5.5,10.0,3,23.9,8.4,0.0,24.2,70.9,0.1833,60,11,1,15,15,30,"long_axis_bearing_deg = bearing of the item's LONG side in world, counter-clockwise from +X, in [0,180). Place by this, not by yaw. yaw_deg is the MuJoCo local-frame rotation and its meaning differs between bricks (long side on local X) and blocks (long side on local Y).","every bar uses the wall_10/wall_11 ArUco mounting; wall_9 is excluded (tag rotated 90 deg, 19.0 cm not 19.5)"
med_088,med,1push,brick,wall_11,13.3,57.6,83.3,19.5,5.5,10.0,3,23.9,8.4,0.0,24.2,70.9,0.1833,60,11,1,15,15,30,"long_axis_bearing_deg = bearing of the item's LONG side in world, counter-clockwise from +X, in [0,180). Place by this, not by yaw. yaw_deg is the MuJoCo local-frame rotation and its meaning differs between bricks (long side on local X) and blocks (long side on local Y).","every bar uses the wall_10/wall_11 ArUco mounting; wall_9 is excluded (tag rotated 90 deg, 19.0 cm not 19.5)"
med_088,med,1push,brick,wall_12,13.3,33.9,103.3,19.5,5.5,10.0,3,23.9,8.4,0.0,24.2,70.9,0.1833,60,11,1,15,15,30,"long_axis_bearing_deg = bearing of the item's LONG side in world, counter-clockwise from +X, in [0,180). Place by this, not by yaw. yaw_deg is the MuJoCo local-frame rotation and its meaning differs between bricks (long side on local X) and blocks (long side on local Y).","every bar uses the wall_10/wall_11 ArUco mounting; wall_9 is excluded (tag rotated 90 deg, 19.0 cm not 19.5)"
med_088,med,1push,block,obj_1,24.3,42.7,88.5,15.0,7.0,4.0,3,23.9,8.4,0.0,24.2,70.9,0.1833,60,11,1,15,15,30,"long_axis_bearing_deg = bearing of the item's LONG side in world, counter-clockwise from +X, in [0,180). Place by this, not by yaw. yaw_deg is the MuJoCo local-frame rotation and its meaning differs between bricks (long side on local X) and blocks (long side on local Y).","every bar uses the wall_10/wall_11 ArUco mounting; wall_9 is excluded (tag rotated 90 deg, 19.0 cm not 19.5)"
med_089,med,1push,brick,wall_10,9.9,47.1,175.7,19.5,5.5,10.0,2,26.3,22.7,0.0,23.7,60.3,0.0598,117,7,37,26,15,19,"long_axis_bearing_deg = bearing of the item's LONG side in world, counter-clockwise from +X, in [0,180). Place by this, not by yaw. yaw_deg is the MuJoCo local-frame rotation and its meaning differs between bricks (long side on local X) and blocks (long side on local Y).","every bar uses the wall_10/wall_11 ArUco mounting; wall_9 is excluded (tag rotated 90 deg, 19.0 cm not 19.5)"
med_089,med,1push,brick,wall_11,35.4,59.8,86.5,19.5,5.5,10.0,2,26.3,22.7,0.0,23.7,60.3,0.0598,117,7,37,26,15,19,"long_axis_bearing_deg = bearing of the item's LONG side in world, counter-clockwise from +X, in [0,180). Place by this, not by yaw. yaw_deg is the MuJoCo local-frame rotation and its meaning differs between bricks (long side on local X) and blocks (long side on local Y).","every bar uses the wall_10/wall_11 ArUco mounting; wall_9 is excluded (tag rotated 90 deg, 19.0 cm not 19.5)"
med_089,med,1push,block,obj_1,29.0,44.8,111.4,15.0,7.0,4.0,2,26.3,22.7,0.0,23.7,60.3,0.0598,117,7,37,26,15,19,"long_axis_bearing_deg = bearing of the item's LONG side in world, counter-clockwise from +X, in [0,180). Place by this, not by yaw. yaw_deg is the MuJoCo local-frame rotation and its meaning differs between bricks (long side on local X) and blocks (long side on local Y).","every bar uses the wall_10/wall_11 ArUco mounting; wall_9 is excluded (tag rotated 90 deg, 19.0 cm not 19.5)"
med_090,med,1push,brick,wall_10,39.0,38.8,7.3,19.5,5.5,10.0,2,35.5,16.1,0.0,32.5,62.3,0.0652,46,3,23,11,15,34,"long_axis_bearing_deg = bearing of the item's LONG side in world, counter-clockwise from +X, in [0,180). Place by this, not by yaw. yaw_deg is the MuJoCo local-frame rotation and its meaning differs between bricks (long side on local X) and blocks (long side on local Y).","every bar uses the wall_10/wall_11 ArUco mounting; wall_9 is excluded (tag rotated 90 deg, 19.0 cm not 19.5)"
med_090,med,1push,brick,wall_11,13.7,45.8,75.4,19.5,5.5,10.0,2,35.5,16.1,0.0,32.5,62.3,0.0652,46,3,23,11,15,34,"long_axis_bearing_deg = bearing of the item's LONG side in world, counter-clockwise from +X, in [0,180). Place by this, not by yaw. yaw_deg is the MuJoCo local-frame rotation and its meaning differs between bricks (long side on local X) and blocks (long side on local Y).","every bar uses the wall_10/wall_11 ArUco mounting; wall_9 is excluded (tag rotated 90 deg, 19.0 cm not 19.5)"
med_090,med,1push,block,obj_4,21.8,39.3,53.2,12.0,7.5,5.0,2,35.5,16.1,0.0,32.5,62.3,0.0652,46,3,23,11,15,34,"long_axis_bearing_deg = bearing of the item's LONG side in world, counter-clockwise from +X, in [0,180). Place by this, not by yaw. yaw_deg is the MuJoCo local-frame rotation and its meaning differs between bricks (long side on local X) and blocks (long side on local Y).","every bar uses the wall_10/wall_11 ArUco mounting; wall_9 is excluded (tag rotated 90 deg, 19.0 cm not 19.5)"
med_091,med,1push,brick,wall_10,38.9,31.3,8.8,19.5,5.5,10.0,3,36.0,19.1,0.0,26.1,67.4,0.197,66,13,0,14,11,35,"long_axis_bearing_deg = bearing of the item's LONG side in world, counter-clockwise from +X, in [0,180). Place by this, not by yaw. yaw_deg is the MuJoCo local-frame rotation and its meaning differs between bricks (long side on local X) and blocks (long side on local Y).","every bar uses the wall_10/wall_11 ArUco mounting; wall_9 is excluded (tag rotated 90 deg, 19.0 cm not 19.5)"
med_091,med,1push,brick,wall_11,13.1,42.4,87.2,19.5,5.5,10.0,3,36.0,19.1,0.0,26.1,67.4,0.197,66,13,0,14,11,35,"long_axis_bearing_deg = bearing of the item's LONG side in world, counter-clockwise from +X, in [0,180). Place by this, not by yaw. yaw_deg is the MuJoCo local-frame rotation and its meaning differs between bricks (long side on local X) and blocks (long side on local Y).","every bar uses the wall_10/wall_11 ArUco mounting; wall_9 is excluded (tag rotated 90 deg, 19.0 cm not 19.5)"
med_091,med,1push,brick,wall_12,13.1,20.2,107.8,19.5,5.5,10.0,3,36.0,19.1,0.0,26.1,67.4,0.197,66,13,0,14,11,35,"long_axis_bearing_deg = bearing of the item's LONG side in world, counter-clockwise from +X, in [0,180). Place by this, not by yaw. yaw_deg is the MuJoCo local-frame rotation and its meaning differs between bricks (long side on local X) and blocks (long side on local Y).","every bar uses the wall_10/wall_11 ArUco mounting; wall_9 is excluded (tag rotated 90 deg, 19.0 cm not 19.5)"
med_091,med,1push,block,obj_1,22.4,27.9,96.2,15.0,7.0,4.0,3,36.0,19.1,0.0,26.1,67.4,0.197,66,13,0,14,11,35,"long_axis_bearing_deg = bearing of the item's LONG side in world, counter-clockwise from +X, in [0,180). Place by this, not by yaw. yaw_deg is the MuJoCo local-frame rotation and its meaning differs between bricks (long side on local X) and blocks (long side on local Y).","every bar uses the wall_10/wall_11 ArUco mounting; wall_9 is excluded (tag rotated 90 deg, 19.0 cm not 19.5)"
med_092,med,1push,brick,wall_10,39.2,39.8,0.1,19.5,5.5,10.0,2,33.0,27.8,0.0,26.3,60.8,0.0604,149,9,51,29,15,16,"long_axis_bearing_deg = bearing of the item's LONG side in world, counter-clockwise from +X, in [0,180). Place by this, not by yaw. yaw_deg is the MuJoCo local-frame rotation and its meaning differs between bricks (long side on local X) and blocks (long side on local Y).","every bar uses the wall_10/wall_11 ArUco mounting; wall_9 is excluded (tag rotated 90 deg, 19.0 cm not 19.5)"
med_092,med,1push,brick,wall_11,13.7,51.5,72.7,19.5,5.5,10.0,2,33.0,27.8,0.0,26.3,60.8,0.0604,149,9,51,29,15,16,"long_axis_bearing_deg = bearing of the item's LONG side in world, counter-clockwise from +X, in [0,180). Place by this, not by yaw. yaw_deg is the MuJoCo local-frame rotation and its meaning differs between bricks (long side on local X) and blocks (long side on local Y).","every bar uses the wall_10/wall_11 ArUco mounting; wall_9 is excluded (tag rotated 90 deg, 19.0 cm not 19.5)"
med_092,med,1push,block,obj_1,23.1,35.1,86.9,15.0,7.0,4.0,2,33.0,27.8,0.0,26.3,60.8,0.0604,149,9,51,29,15,16,"long_axis_bearing_deg = bearing of the item's LONG side in world, counter-clockwise from +X, in [0,180). Place by this, not by yaw. yaw_deg is the MuJoCo local-frame rotation and its meaning differs between bricks (long side on local X) and blocks (long side on local Y).","every bar uses the wall_10/wall_11 ArUco mounting; wall_9 is excluded (tag rotated 90 deg, 19.0 cm not 19.5)"
med_093,med,1push,brick,wall_10,10.1,30.4,169.3,19.5,5.5,10.0,2,19.5,14.3,0.0,20.9,64.7,0.0667,75,5,27,19,7,34,"long_axis_bearing_deg = bearing of the item's LONG side in world, counter-clockwise from +X, in [0,180). Place by this, not by yaw. yaw_deg is the MuJoCo local-frame rotation and its meaning differs between bricks (long side on local X) and blocks (long side on local Y).","every bar uses the wall_10/wall_11 ArUco mounting; wall_9 is excluded (tag rotated 90 deg, 19.0 cm not 19.5)"
med_093,med,1push,brick,wall_11,36.1,42.3,99.9,19.5,5.5,10.0,2,19.5,14.3,0.0,20.9,64.7,0.0667,75,5,27,19,7,34,"long_axis_bearing_deg = bearing of the item's LONG side in world, counter-clockwise from +X, in [0,180). Place by this, not by yaw. yaw_deg is the MuJoCo local-frame rotation and its meaning differs between bricks (long side on local X) and blocks (long side on local Y).","every bar uses the wall_10/wall_11 ArUco mounting; wall_9 is excluded (tag rotated 90 deg, 19.0 cm not 19.5)"
med_093,med,1push,block,obj_4,30.0,27.8,27.5,12.0,7.5,5.0,2,19.5,14.3,0.0,20.9,64.7,0.0667,75,5,27,19,7,34,"long_axis_bearing_deg = bearing of the item's LONG side in world, counter-clockwise from +X, in [0,180). Place by this, not by yaw. yaw_deg is the MuJoCo local-frame rotation and its meaning differs between bricks (long side on local X) and blocks (long side on local Y).","every bar uses the wall_10/wall_11 ArUco mounting; wall_9 is excluded (tag rotated 90 deg, 19.0 cm not 19.5)"
med_094,med,1push,brick,wall_10,10.0,37.7,5.1,19.5,5.5,10.0,3,42.4,10.7,0.0,11.1,54.3,0.24,25,6,0,7,10,43,"long_axis_bearing_deg = bearing of the item's LONG side in world, counter-clockwise from +X, in [0,180). Place by this, not by yaw. yaw_deg is the MuJoCo local-frame rotation and its meaning differs between bricks (long side on local X) and blocks (long side on local Y).","every bar uses the wall_10/wall_11 ArUco mounting; wall_9 is excluded (tag rotated 90 deg, 19.0 cm not 19.5)"
med_094,med,1push,brick,wall_11,35.2,50.5,109.1,19.5,5.5,10.0,3,42.4,10.7,0.0,11.1,54.3,0.24,25,6,0,7,10,43,"long_axis_bearing_deg = bearing of the item's LONG side in world, counter-clockwise from +X, in [0,180). Place by this, not by yaw. yaw_deg is the MuJoCo local-frame rotation and its meaning differs between bricks (long side on local X) and blocks (long side on local Y).","every bar uses the wall_10/wall_11 ArUco mounting; wall_9 is excluded (tag rotated 90 deg, 19.0 cm not 19.5)"
med_094,med,1push,brick,wall_12,35.2,30.0,80.3,19.5,5.5,10.0,3,42.4,10.7,0.0,11.1,54.3,0.24,25,6,0,7,10,43,"long_axis_bearing_deg = bearing of the item's LONG side in world, counter-clockwise from +X, in [0,180). Place by this, not by yaw. yaw_deg is the MuJoCo local-frame rotation and its meaning differs between bricks (long side on local X) and blocks (long side on local Y).","every bar uses the wall_10/wall_11 ArUco mounting; wall_9 is excluded (tag rotated 90 deg, 19.0 cm not 19.5)"
med_094,med,1push,block,obj_1,28.1,39.7,93.8,15.0,7.0,4.0,3,42.4,10.7,0.0,11.1,54.3,0.24,25,6,0,7,10,43,"long_axis_bearing_deg = bearing of the item's LONG side in world, counter-clockwise from +X, in [0,180). Place by this, not by yaw. yaw_deg is the MuJoCo local-frame rotation and its meaning differs between bricks (long side on local X) and blocks (long side on local Y).","every bar uses the wall_10/wall_11 ArUco mounting; wall_9 is excluded (tag rotated 90 deg, 19.0 cm not 19.5)"
med_095,med,1push,brick,wall_10,39.1,36.7,176.1,19.5,5.5,10.0,2,11.2,17.6,0.0,12.7,69.0,0.0606,99,6,16,22,13,25,"long_axis_bearing_deg = bearing of the item's LONG side in world, counter-clockwise from +X, in [0,180). Place by this, not by yaw. yaw_deg is the MuJoCo local-frame rotation and its meaning differs between bricks (long side on local X) and blocks (long side on local Y).","every bar uses the wall_10/wall_11 ArUco mounting; wall_9 is excluded (tag rotated 90 deg, 19.0 cm not 19.5)"
med_095,med,1push,brick,wall_11,14.8,43.9,70.2,19.5,5.5,10.0,2,11.2,17.6,0.0,12.7,69.0,0.0606,99,6,16,22,13,25,"long_axis_bearing_deg = bearing of the item's LONG side in world, counter-clockwise from +X, in [0,180). Place by this, not by yaw. yaw_deg is the MuJoCo local-frame rotation and its meaning differs between bricks (long side on local X) and blocks (long side on local Y).","every bar uses the wall_10/wall_11 ArUco mounting; wall_9 is excluded (tag rotated 90 deg, 19.0 cm not 19.5)"
med_095,med,1push,block,obj_1,21.7,34.7,71.2,15.0,7.0,4.0,2,11.2,17.6,0.0,12.7,69.0,0.0606,99,6,16,22,13,25,"long_axis_bearing_deg = bearing of the item's LONG side in world, counter-clockwise from +X, in [0,180). Place by this, not by yaw. yaw_deg is the MuJoCo local-frame rotation and its meaning differs between bricks (long side on local X) and blocks (long side on local Y).","every bar uses the wall_10/wall_11 ArUco mounting; wall_9 is excluded (tag rotated 90 deg, 19.0 cm not 19.5)"
med_096,med,1push,brick,wall_10,39.0,39.2,172.3,19.5,5.5,10.0,2,18.6,9.8,0.0,33.5,52.8,0.0671,149,10,0,32,5,23,"long_axis_bearing_deg = bearing of the item's LONG side in world, counter-clockwise from +X, in [0,180). Place by this, not by yaw. yaw_deg is the MuJoCo local-frame rotation and its meaning differs between bricks (long side on local X) and blocks (long side on local Y).","every bar uses the wall_10/wall_11 ArUco mounting; wall_9 is excluded (tag rotated 90 deg, 19.0 cm not 19.5)"
med_096,med,1push,brick,wall_11,13.1,50.3,76.3,19.5,5.5,10.0,2,18.6,9.8,0.0,33.5,52.8,0.0671,149,10,0,32,5,23,"long_axis_bearing_deg = bearing of the item's LONG side in world, counter-clockwise from +X, in [0,180). Place by this, not by yaw. yaw_deg is the MuJoCo local-frame rotation and its meaning differs between bricks (long side on local X) and blocks (long side on local Y).","every bar uses the wall_10/wall_11 ArUco mounting; wall_9 is excluded (tag rotated 90 deg, 19.0 cm not 19.5)"
med_096,med,1push,block,obj_4,18.2,34.6,10.3,12.0,7.5,5.0,2,18.6,9.8,0.0,33.5,52.8,0.0671,149,10,0,32,5,23,"long_axis_bearing_deg = bearing of the item's LONG side in world, counter-clockwise from +X, in [0,180). Place by this, not by yaw. yaw_deg is the MuJoCo local-frame rotation and its meaning differs between bricks (long side on local X) and blocks (long side on local Y).","every bar uses the wall_10/wall_11 ArUco mounting; wall_9 is excluded (tag rotated 90 deg, 19.0 cm not 19.5)"
med_097,med,1push,brick,wall_10,39.1,47.7,177.6,19.5,5.5,10.0,3,23.7,19.1,0.0,33.4,70.1,0.2456,57,14,17,15,16,29,"long_axis_bearing_deg = bearing of the item's LONG side in world, counter-clockwise from +X, in [0,180). Place by this, not by yaw. yaw_deg is the MuJoCo local-frame rotation and its meaning differs between bricks (long side on local X) and blocks (long side on local Y).","every bar uses the wall_10/wall_11 ArUco mounting; wall_9 is excluded (tag rotated 90 deg, 19.0 cm not 19.5)"
med_097,med,1push,brick,wall_11,13.7,59.2,82.2,19.5,5.5,10.0,3,23.7,19.1,0.0,33.4,70.1,0.2456,57,14,17,15,16,29,"long_axis_bearing_deg = bearing of the item's LONG side in world, counter-clockwise from +X, in [0,180). Place by this, not by yaw. yaw_deg is the MuJoCo local-frame rotation and its meaning differs between bricks (long side on local X) and blocks (long side on local Y).","every bar uses the wall_10/wall_11 ArUco mounting; wall_9 is excluded (tag rotated 90 deg, 19.0 cm not 19.5)"
med_097,med,1push,brick,wall_12,13.7,36.5,87.9,19.5,5.5,10.0,3,23.7,19.1,0.0,33.4,70.1,0.2456,57,14,17,15,16,29,"long_axis_bearing_deg = bearing of the item's LONG side in world, counter-clockwise from +X, in [0,180). Place by this, not by yaw. yaw_deg is the MuJoCo local-frame rotation and its meaning differs between bricks (long side on local X) and blocks (long side on local Y).","every bar uses the wall_10/wall_11 ArUco mounting; wall_9 is excluded (tag rotated 90 deg, 19.0 cm not 19.5)"
med_097,med,1push,block,obj_1,25.0,48.2,95.1,15.0,7.0,4.0,3,23.7,19.1,0.0,33.4,70.1,0.2456,57,14,17,15,16,29,"long_axis_bearing_deg = bearing of the item's LONG side in world, counter-clockwise from +X, in [0,180). Place by this, not by yaw. yaw_deg is the MuJoCo local-frame rotation and its meaning differs between bricks (long side on local X) and blocks (long side on local Y).","every bar uses the wall_10/wall_11 ArUco mounting; wall_9 is excluded (tag rotated 90 deg, 19.0 cm not 19.5)"
med_098,med,1push,brick,wall_10,39.0,43.8,174.8,19.5,5.5,10.0,2,14.1,9.2,0.0,38.0,68.9,0.0609,115,7,50,25,7,28,"long_axis_bearing_deg = bearing of the item's LONG side in world, counter-clockwise from +X, in [0,180). Place by this, not by yaw. yaw_deg is the MuJoCo local-frame rotation and its meaning differs between bricks (long side on local X) and blocks (long side on local Y).","every bar uses the wall_10/wall_11 ArUco mounting; wall_9 is excluded (tag rotated 90 deg, 19.0 cm not 19.5)"
med_098,med,1push,brick,wall_11,13.8,56.3,76.1,19.5,5.5,10.0,2,14.1,9.2,0.0,38.0,68.9,0.0609,115,7,50,25,7,28,"long_axis_bearing_deg = bearing of the item's LONG side in world, counter-clockwise from +X, in [0,180). Place by this, not by yaw. yaw_deg is the MuJoCo local-frame rotation and its meaning differs between bricks (long side on local X) and blocks (long side on local Y).","every bar uses the wall_10/wall_11 ArUco mounting; wall_9 is excluded (tag rotated 90 deg, 19.0 cm not 19.5)"
med_098,med,1push,block,obj_1,18.9,43.3,82.4,15.0,7.0,4.0,2,14.1,9.2,0.0,38.0,68.9,0.0609,115,7,50,25,7,28,"long_axis_bearing_deg = bearing of the item's LONG side in world, counter-clockwise from +X, in [0,180). Place by this, not by yaw. yaw_deg is the MuJoCo local-frame rotation and its meaning differs between bricks (long side on local X) and blocks (long side on local Y).","every bar uses the wall_10/wall_11 ArUco mounting; wall_9 is excluded (tag rotated 90 deg, 19.0 cm not 19.5)"
med_099,med,1push,brick,wall_10,39.0,46.0,6.4,19.5,5.5,10.0,2,6.5,19.1,0.0,28.7,69.5,0.0685,146,10,3,29,8,23,"long_axis_bearing_deg = bearing of the item's LONG side in world, counter-clockwise from +X, in [0,180). Place by this, not by yaw. yaw_deg is the MuJoCo local-frame rotation and its meaning differs between bricks (long side on local X) and blocks (long side on local Y).","every bar uses the wall_10/wall_11 ArUco mounting; wall_9 is excluded (tag rotated 90 deg, 19.0 cm not 19.5)"
med_099,med,1push,brick,wall_11,14.8,58.8,75.7,19.5,5.5,10.0,2,6.5,19.1,0.0,28.7,69.5,0.0685,146,10,3,29,8,23,"long_axis_bearing_deg = bearing of the item's LONG side in world, counter-clockwise from +X, in [0,180). Place by this, not by yaw. yaw_deg is the MuJoCo local-frame rotation and its meaning differs between bricks (long side on local X) and blocks (long side on local Y).","every bar uses the wall_10/wall_11 ArUco mounting; wall_9 is excluded (tag rotated 90 deg, 19.0 cm not 19.5)"
med_099,med,1push,block,obj_4,20.8,41.9,92.9,12.0,7.5,5.0,2,6.5,19.1,0.0,28.7,69.5,0.0685,146,10,3,29,8,23,"long_axis_bearing_deg = bearing of the item's LONG side in world, counter-clockwise from +X, in [0,180). Place by this, not by yaw. yaw_deg is the MuJoCo local-frame rotation and its meaning differs between bricks (long side on local X) and blocks (long side on local Y).","every bar uses the wall_10/wall_11 ArUco mounting; wall_9 is excluded (tag rotated 90 deg, 19.0 cm not 19.5)"
