build_id,tier,axis,item,marker_hint,centre_x_cm,centre_y_cm,long_axis_bearing_deg,long_cm,short_cm,height_cm,n_bricks,robot_start_x_cm,robot_start_y_cm,robot_start_bearing_deg,goal_x_cm,goal_y_cm,solve_rate,tried,valid_1push,valid_first_push,n_contacts_reachable,n_contacts_cutoff,n_contacts_collision,angle_convention,tag_convention
easy_000,easy,hmax2,brick,wall_10,10.1,40.6,8.8,19.5,5.5,10.0,1,33.9,16.3,0.0,30.5,60.4,0.4706,85,40,0,18,15,27,"long_axis_bearing_deg = bearing of the item's LONG side in world, counter-clockwise from +X, in [0,180). Place by this, not by yaw. yaw_deg is the MuJoCo local-frame rotation and its meaning differs between bricks (long side on local X) and blocks (long side on local Y).","every bar uses the wall_10/wall_11 ArUco mounting; wall_9 is excluded (tag rotated 90 deg, 19.0 cm not 19.5)"
easy_000,easy,hmax2,block,obj_1,33.4,39.8,172.7,15.0,7.0,4.0,1,33.9,16.3,0.0,30.5,60.4,0.4706,85,40,0,18,15,27,"long_axis_bearing_deg = bearing of the item's LONG side in world, counter-clockwise from +X, in [0,180). Place by this, not by yaw. yaw_deg is the MuJoCo local-frame rotation and its meaning differs between bricks (long side on local X) and blocks (long side on local Y).","every bar uses the wall_10/wall_11 ArUco mounting; wall_9 is excluded (tag rotated 90 deg, 19.0 cm not 19.5)"
easy_001,easy,hmax2,brick,wall_10,38.9,38.6,10.9,19.5,5.5,10.0,1,13.8,16.9,0.0,9.7,53.0,0.7547,106,80,0,25,24,11,"long_axis_bearing_deg = bearing of the item's LONG side in world, counter-clockwise from +X, in [0,180). Place by this, not by yaw. yaw_deg is the MuJoCo local-frame rotation and its meaning differs between bricks (long side on local X) and blocks (long side on local Y).","every bar uses the wall_10/wall_11 ArUco mounting; wall_9 is excluded (tag rotated 90 deg, 19.0 cm not 19.5)"
easy_001,easy,hmax2,block,obj_4,14.4,40.2,17.5,12.0,7.5,5.0,1,13.8,16.9,0.0,9.7,53.0,0.7547,106,80,0,25,24,11,"long_axis_bearing_deg = bearing of the item's LONG side in world, counter-clockwise from +X, in [0,180). Place by this, not by yaw. yaw_deg is the MuJoCo local-frame rotation and its meaning differs between bricks (long side on local X) and blocks (long side on local Y).","every bar uses the wall_10/wall_11 ArUco mounting; wall_9 is excluded (tag rotated 90 deg, 19.0 cm not 19.5)"
easy_002,easy,hmax2,brick,wall_10,9.9,37.3,4.8,19.5,5.5,10.0,2,14.9,17.2,0.0,35.9,66.9,0.3011,93,0,28,26,9,25,"long_axis_bearing_deg = bearing of the item's LONG side in world, counter-clockwise from +X, in [0,180). Place by this, not by yaw. yaw_deg is the MuJoCo local-frame rotation and its meaning differs between bricks (long side on local X) and blocks (long side on local Y).","every bar uses the wall_10/wall_11 ArUco mounting; wall_9 is excluded (tag rotated 90 deg, 19.0 cm not 19.5)"
easy_002,easy,hmax2,brick,wall_11,35.7,48.9,103.8,19.5,5.5,10.0,2,14.9,17.2,0.0,35.9,66.9,0.3011,93,0,28,26,9,25,"long_axis_bearing_deg = bearing of the item's LONG side in world, counter-clockwise from +X, in [0,180). Place by this, not by yaw. yaw_deg is the MuJoCo local-frame rotation and its meaning differs between bricks (long side on local X) and blocks (long side on local Y).","every bar uses the wall_10/wall_11 ArUco mounting; wall_9 is excluded (tag rotated 90 deg, 19.0 cm not 19.5)"
easy_002,easy,hmax2,block,obj_1,24.0,34.6,66.8,15.0,7.0,4.0,2,14.9,17.2,0.0,35.9,66.9,0.3011,93,0,28,26,9,25,"long_axis_bearing_deg = bearing of the item's LONG side in world, counter-clockwise from +X, in [0,180). Place by this, not by yaw. yaw_deg is the MuJoCo local-frame rotation and its meaning differs between bricks (long side on local X) and blocks (long side on local Y).","every bar uses the wall_10/wall_11 ArUco mounting; wall_9 is excluded (tag rotated 90 deg, 19.0 cm not 19.5)"
easy_003,easy,hmax2,brick,wall_10,38.9,30.6,170.6,19.5,5.5,10.0,2,11.2,14.1,0.0,37.1,60.2,0.3011,93,18,10,19,11,30,"long_axis_bearing_deg = bearing of the item's LONG side in world, counter-clockwise from +X, in [0,180). Place by this, not by yaw. yaw_deg is the MuJoCo local-frame rotation and its meaning differs between bricks (long side on local X) and blocks (long side on local Y).","every bar uses the wall_10/wall_11 ArUco mounting; wall_9 is excluded (tag rotated 90 deg, 19.0 cm not 19.5)"
easy_003,easy,hmax2,brick,wall_11,13.8,41.8,73.1,19.5,5.5,10.0,2,11.2,14.1,0.0,37.1,60.2,0.3011,93,18,10,19,11,30,"long_axis_bearing_deg = bearing of the item's LONG side in world, counter-clockwise from +X, in [0,180). Place by this, not by yaw. yaw_deg is the MuJoCo local-frame rotation and its meaning differs between bricks (long side on local X) and blocks (long side on local Y).","every bar uses the wall_10/wall_11 ArUco mounting; wall_9 is excluded (tag rotated 90 deg, 19.0 cm not 19.5)"
easy_003,easy,hmax2,block,obj_4,21.9,31.3,85.1,12.0,7.5,5.0,2,11.2,14.1,0.0,37.1,60.2,0.3011,93,18,10,19,11,30,"long_axis_bearing_deg = bearing of the item's LONG side in world, counter-clockwise from +X, in [0,180). Place by this, not by yaw. yaw_deg is the MuJoCo local-frame rotation and its meaning differs between bricks (long side on local X) and blocks (long side on local Y).","every bar uses the wall_10/wall_11 ArUco mounting; wall_9 is excluded (tag rotated 90 deg, 19.0 cm not 19.5)"
easy_004,easy,hmax2,brick,wall_10,10.0,30.2,5.3,19.5,5.5,10.0,3,16.7,13.8,0.0,13.6,50.3,0.3393,56,0,19,14,8,38,"long_axis_bearing_deg = bearing of the item's LONG side in world, counter-clockwise from +X, in [0,180). Place by this, not by yaw. yaw_deg is the MuJoCo local-frame rotation and its meaning differs between bricks (long side on local X) and blocks (long side on local Y).","every bar uses the wall_10/wall_11 ArUco mounting; wall_9 is excluded (tag rotated 90 deg, 19.0 cm not 19.5)"
easy_004,easy,hmax2,brick,wall_11,34.0,38.5,109.4,19.5,5.5,10.0,3,16.7,13.8,0.0,13.6,50.3,0.3393,56,0,19,14,8,38,"long_axis_bearing_deg = bearing of the item's LONG side in world, counter-clockwise from +X, in [0,180). Place by this, not by yaw. yaw_deg is the MuJoCo local-frame rotation and its meaning differs between bricks (long side on local X) and blocks (long side on local Y).","every bar uses the wall_10/wall_11 ArUco mounting; wall_9 is excluded (tag rotated 90 deg, 19.0 cm not 19.5)"
easy_004,easy,hmax2,brick,wall_12,34.0,17.8,82.4,19.5,5.5,10.0,3,16.7,13.8,0.0,13.6,50.3,0.3393,56,0,19,14,8,38,"long_axis_bearing_deg = bearing of the item's LONG side in world, counter-clockwise from +X, in [0,180). Place by this, not by yaw. yaw_deg is the MuJoCo local-frame rotation and its meaning differs between bricks (long side on local X) and blocks (long side on local Y).","every bar uses the wall_10/wall_11 ArUco mounting; wall_9 is excluded (tag rotated 90 deg, 19.0 cm not 19.5)"
easy_004,easy,hmax2,block,obj_1,25.2,25.6,97.5,15.0,7.0,4.0,3,16.7,13.8,0.0,13.6,50.3,0.3393,56,0,19,14,8,38,"long_axis_bearing_deg = bearing of the item's LONG side in world, counter-clockwise from +X, in [0,180). Place by this, not by yaw. yaw_deg is the MuJoCo local-frame rotation and its meaning differs between bricks (long side on local X) and blocks (long side on local Y).","every bar uses the wall_10/wall_11 ArUco mounting; wall_9 is excluded (tag rotated 90 deg, 19.0 cm not 19.5)"
easy_005,easy,hmax2,brick,wall_10,38.9,35.2,171.3,19.5,5.5,10.0,3,13.5,8.7,0.0,27.5,62.2,0.3333,6,0,2,3,20,37,"long_axis_bearing_deg = bearing of the item's LONG side in world, counter-clockwise from +X, in [0,180). Place by this, not by yaw. yaw_deg is the MuJoCo local-frame rotation and its meaning differs between bricks (long side on local X) and blocks (long side on local Y).","every bar uses the wall_10/wall_11 ArUco mounting; wall_9 is excluded (tag rotated 90 deg, 19.0 cm not 19.5)"
easy_005,easy,hmax2,brick,wall_11,13.3,47.2,88.6,19.5,5.5,10.0,3,13.5,8.7,0.0,27.5,62.2,0.3333,6,0,2,3,20,37,"long_axis_bearing_deg = bearing of the item's LONG side in world, counter-clockwise from +X, in [0,180). Place by this, not by yaw. yaw_deg is the MuJoCo local-frame rotation and its meaning differs between bricks (long side on local X) and blocks (long side on local Y).","every bar uses the wall_10/wall_11 ArUco mounting; wall_9 is excluded (tag rotated 90 deg, 19.0 cm not 19.5)"
easy_005,easy,hmax2,brick,wall_12,13.3,26.5,107.7,19.5,5.5,10.0,3,13.5,8.7,0.0,27.5,62.2,0.3333,6,0,2,3,20,37,"long_axis_bearing_deg = bearing of the item's LONG side in world, counter-clockwise from +X, in [0,180). Place by this, not by yaw. yaw_deg is the MuJoCo local-frame rotation and its meaning differs between bricks (long side on local X) and blocks (long side on local Y).","every bar uses the wall_10/wall_11 ArUco mounting; wall_9 is excluded (tag rotated 90 deg, 19.0 cm not 19.5)"
easy_005,easy,hmax2,block,obj_4,24.4,40.1,45.1,12.0,7.5,5.0,3,13.5,8.7,0.0,27.5,62.2,0.3333,6,0,2,3,20,37,"long_axis_bearing_deg = bearing of the item's LONG side in world, counter-clockwise from +X, in [0,180). Place by this, not by yaw. yaw_deg is the MuJoCo local-frame rotation and its meaning differs between bricks (long side on local X) and blocks (long side on local Y).","every bar uses the wall_10/wall_11 ArUco mounting; wall_9 is excluded (tag rotated 90 deg, 19.0 cm not 19.5)"
easy_006,easy,hmax2,brick,wall_10,39.0,40.2,172.3,19.5,5.5,10.0,1,36.8,26.5,0.0,6.4,66.4,0.5,110,55,0,22,15,23,"long_axis_bearing_deg = bearing of the item's LONG side in world, counter-clockwise from +X, in [0,180). Place by this, not by yaw. yaw_deg is the MuJoCo local-frame rotation and its meaning differs between bricks (long side on local X) and blocks (long side on local Y).","every bar uses the wall_10/wall_11 ArUco mounting; wall_9 is excluded (tag rotated 90 deg, 19.0 cm not 19.5)"
easy_006,easy,hmax2,block,obj_1,14.9,35.4,179.1,15.0,7.0,4.0,1,36.8,26.5,0.0,6.4,66.4,0.5,110,55,0,22,15,23,"long_axis_bearing_deg = bearing of the item's LONG side in world, counter-clockwise from +X, in [0,180). Place by this, not by yaw. yaw_deg is the MuJoCo local-frame rotation and its meaning differs between bricks (long side on local X) and blocks (long side on local Y).","every bar uses the wall_10/wall_11 ArUco mounting; wall_9 is excluded (tag rotated 90 deg, 19.0 cm not 19.5)"
easy_007,easy,hmax2,brick,wall_10,10.0,43.8,172.4,19.5,5.5,10.0,1,42.4,16.4,0.0,22.5,58.7,0.7863,117,92,0,26,27,7,"long_axis_bearing_deg = bearing of the item's LONG side in world, counter-clockwise from +X, in [0,180). Place by this, not by yaw. yaw_deg is the MuJoCo local-frame rotation and its meaning differs between bricks (long side on local X) and blocks (long side on local Y).","every bar uses the wall_10/wall_11 ArUco mounting; wall_9 is excluded (tag rotated 90 deg, 19.0 cm not 19.5)"
easy_007,easy,hmax2,block,obj_4,34.7,44.0,155.6,12.0,7.5,5.0,1,42.4,16.4,0.0,22.5,58.7,0.7863,117,92,0,26,27,7,"long_axis_bearing_deg = bearing of the item's LONG side in world, counter-clockwise from +X, in [0,180). Place by this, not by yaw. yaw_deg is the MuJoCo local-frame rotation and its meaning differs between bricks (long side on local X) and blocks (long side on local Y).","every bar uses the wall_10/wall_11 ArUco mounting; wall_9 is excluded (tag rotated 90 deg, 19.0 cm not 19.5)"
easy_008,easy,hmax2,brick,wall_10,38.9,43.1,170.4,19.5,5.5,10.0,2,11.7,15.1,0.0,10.6,70.1,0.3014,73,0,22,20,4,36,"long_axis_bearing_deg = bearing of the item's LONG side in world, counter-clockwise from +X, in [0,180). Place by this, not by yaw. yaw_deg is the MuJoCo local-frame rotation and its meaning differs between bricks (long side on local X) and blocks (long side on local Y).","every bar uses the wall_10/wall_11 ArUco mounting; wall_9 is excluded (tag rotated 90 deg, 19.0 cm not 19.5)"
easy_008,easy,hmax2,brick,wall_11,13.4,51.7,74.9,19.5,5.5,10.0,2,11.7,15.1,0.0,10.6,70.1,0.3014,73,0,22,20,4,36,"long_axis_bearing_deg = bearing of the item's LONG side in world, counter-clockwise from +X, in [0,180). Place by this, not by yaw. yaw_deg is the MuJoCo local-frame rotation and its meaning differs between bricks (long side on local X) and blocks (long side on local Y).","every bar uses the wall_10/wall_11 ArUco mounting; wall_9 is excluded (tag rotated 90 deg, 19.0 cm not 19.5)"
easy_008,easy,hmax2,block,obj_1,23.5,44.5,111.5,15.0,7.0,4.0,2,11.7,15.1,0.0,10.6,70.1,0.3014,73,0,22,20,4,36,"long_axis_bearing_deg = bearing of the item's LONG side in world, counter-clockwise from +X, in [0,180). Place by this, not by yaw. yaw_deg is the MuJoCo local-frame rotation and its meaning differs between bricks (long side on local X) and blocks (long side on local Y).","every bar uses the wall_10/wall_11 ArUco mounting; wall_9 is excluded (tag rotated 90 deg, 19.0 cm not 19.5)"
easy_009,easy,hmax2,brick,wall_10,14.0,38.7,157.2,19.5,5.5,10.0,2,33.9,8.7,0.0,18.7,69.7,0.3028,109,19,14,25,11,24,"long_axis_bearing_deg = bearing of the item's LONG side in world, counter-clockwise from +X, in [0,180). Place by this, not by yaw. yaw_deg is the MuJoCo local-frame rotation and its meaning differs between bricks (long side on local X) and blocks (long side on local Y).","every bar uses the wall_10/wall_11 ArUco mounting; wall_9 is excluded (tag rotated 90 deg, 19.0 cm not 19.5)"
easy_009,easy,hmax2,brick,wall_11,21.0,52.0,9.9,19.5,5.5,10.0,2,33.9,8.7,0.0,18.7,69.7,0.3028,109,19,14,25,11,24,"long_axis_bearing_deg = bearing of the item's LONG side in world, counter-clockwise from +X, in [0,180). Place by this, not by yaw. yaw_deg is the MuJoCo local-frame rotation and its meaning differs between bricks (long side on local X) and blocks (long side on local Y).","every bar uses the wall_10/wall_11 ArUco mounting; wall_9 is excluded (tag rotated 90 deg, 19.0 cm not 19.5)"
easy_009,easy,hmax2,block,obj_4,38.1,45.8,119.4,12.0,7.5,5.0,2,33.9,8.7,0.0,18.7,69.7,0.3028,109,19,14,25,11,24,"long_axis_bearing_deg = bearing of the item's LONG side in world, counter-clockwise from +X, in [0,180). Place by this, not by yaw. yaw_deg is the MuJoCo local-frame rotation and its meaning differs between bricks (long side on local X) and blocks (long side on local Y).","every bar uses the wall_10/wall_11 ArUco mounting; wall_9 is excluded (tag rotated 90 deg, 19.0 cm not 19.5)"
easy_010,easy,hmax2,brick,wall_10,38.9,34.1,171.2,19.5,5.5,10.0,3,40.5,19.4,0.0,12.6,66.8,0.3571,42,0,15,10,12,38,"long_axis_bearing_deg = bearing of the item's LONG side in world, counter-clockwise from +X, in [0,180). Place by this, not by yaw. yaw_deg is the MuJoCo local-frame rotation and its meaning differs between bricks (long side on local X) and blocks (long side on local Y).","every bar uses the wall_10/wall_11 ArUco mounting; wall_9 is excluded (tag rotated 90 deg, 19.0 cm not 19.5)"
easy_010,easy,hmax2,brick,wall_11,13.3,46.8,95.2,19.5,5.5,10.0,3,40.5,19.4,0.0,12.6,66.8,0.3571,42,0,15,10,12,38,"long_axis_bearing_deg = bearing of the item's LONG side in world, counter-clockwise from +X, in [0,180). Place by this, not by yaw. yaw_deg is the MuJoCo local-frame rotation and its meaning differs between bricks (long side on local X) and blocks (long side on local Y).","every bar uses the wall_10/wall_11 ArUco mounting; wall_9 is excluded (tag rotated 90 deg, 19.0 cm not 19.5)"
easy_010,easy,hmax2,brick,wall_12,13.3,23.8,107.9,19.5,5.5,10.0,3,40.5,19.4,0.0,12.6,66.8,0.3571,42,0,15,10,12,38,"long_axis_bearing_deg = bearing of the item's LONG side in world, counter-clockwise from +X, in [0,180). Place by this, not by yaw. yaw_deg is the MuJoCo local-frame rotation and its meaning differs between bricks (long side on local X) and blocks (long side on local Y).","every bar uses the wall_10/wall_11 ArUco mounting; wall_9 is excluded (tag rotated 90 deg, 19.0 cm not 19.5)"
easy_010,easy,hmax2,block,obj_1,21.4,32.4,83.7,15.0,7.0,4.0,3,40.5,19.4,0.0,12.6,66.8,0.3571,42,0,15,10,12,38,"long_axis_bearing_deg = bearing of the item's LONG side in world, counter-clockwise from +X, in [0,180). Place by this, not by yaw. yaw_deg is the MuJoCo local-frame rotation and its meaning differs between bricks (long side on local X) and blocks (long side on local Y).","every bar uses the wall_10/wall_11 ArUco mounting; wall_9 is excluded (tag rotated 90 deg, 19.0 cm not 19.5)"
easy_011,easy,hmax2,brick,wall_10,39.1,38.0,4.2,19.5,5.5,10.0,3,29.2,14.8,0.0,13.0,65.5,0.3333,3,0,1,3,20,37,"long_axis_bearing_deg = bearing of the item's LONG side in world, counter-clockwise from +X, in [0,180). Place by this, not by yaw. yaw_deg is the MuJoCo local-frame rotation and its meaning differs between bricks (long side on local X) and blocks (long side on local Y).","every bar uses the wall_10/wall_11 ArUco mounting; wall_9 is excluded (tag rotated 90 deg, 19.0 cm not 19.5)"
easy_011,easy,hmax2,brick,wall_11,13.5,46.6,84.8,19.5,5.5,10.0,3,29.2,14.8,0.0,13.0,65.5,0.3333,3,0,1,3,20,37,"long_axis_bearing_deg = bearing of the item's LONG side in world, counter-clockwise from +X, in [0,180). Place by this, not by yaw. yaw_deg is the MuJoCo local-frame rotation and its meaning differs between bricks (long side on local X) and blocks (long side on local Y).","every bar uses the wall_10/wall_11 ArUco mounting; wall_9 is excluded (tag rotated 90 deg, 19.0 cm not 19.5)"
easy_011,easy,hmax2,brick,wall_12,13.5,25.2,104.0,19.5,5.5,10.0,3,29.2,14.8,0.0,13.0,65.5,0.3333,3,0,1,3,20,37,"long_axis_bearing_deg = bearing of the item's LONG side in world, counter-clockwise from +X, in [0,180). Place by this, not by yaw. yaw_deg is the MuJoCo local-frame rotation and its meaning differs between bricks (long side on local X) and blocks (long side on local Y).","every bar uses the wall_10/wall_11 ArUco mounting; wall_9 is excluded (tag rotated 90 deg, 19.0 cm not 19.5)"
easy_011,easy,hmax2,block,obj_4,24.7,42.7,45.2,12.0,7.5,5.0,3,29.2,14.8,0.0,13.0,65.5,0.3333,3,0,1,3,20,37,"long_axis_bearing_deg = bearing of the item's LONG side in world, counter-clockwise from +X, in [0,180). Place by this, not by yaw. yaw_deg is the MuJoCo local-frame rotation and its meaning differs between bricks (long side on local X) and blocks (long side on local Y).","every bar uses the wall_10/wall_11 ArUco mounting; wall_9 is excluded (tag rotated 90 deg, 19.0 cm not 19.5)"
easy_012,easy,hmax2,brick,wall_10,39.0,42.5,6.5,19.5,5.5,10.0,1,26.7,13.7,0.0,38.3,63.9,0.5243,103,54,0,25,15,20,"long_axis_bearing_deg = bearing of the item's LONG side in world, counter-clockwise from +X, in [0,180). Place by this, not by yaw. yaw_deg is the MuJoCo local-frame rotation and its meaning differs between bricks (long side on local X) and blocks (long side on local Y).","every bar uses the wall_10/wall_11 ArUco mounting; wall_9 is excluded (tag rotated 90 deg, 19.0 cm not 19.5)"
easy_012,easy,hmax2,block,obj_1,15.8,38.1,16.6,15.0,7.0,4.0,1,26.7,13.7,0.0,38.3,63.9,0.5243,103,54,0,25,15,20,"long_axis_bearing_deg = bearing of the item's LONG side in world, counter-clockwise from +X, in [0,180). Place by this, not by yaw. yaw_deg is the MuJoCo local-frame rotation and its meaning differs between bricks (long side on local X) and blocks (long side on local Y).","every bar uses the wall_10/wall_11 ArUco mounting; wall_9 is excluded (tag rotated 90 deg, 19.0 cm not 19.5)"
easy_013,easy,hmax2,brick,wall_10,10.0,38.7,174.4,19.5,5.5,10.0,1,32.9,23.1,0.0,7.5,53.4,0.7867,150,118,0,30,18,12,"long_axis_bearing_deg = bearing of the item's LONG side in world, counter-clockwise from +X, in [0,180). Place by this, not by yaw. yaw_deg is the MuJoCo local-frame rotation and its meaning differs between bricks (long side on local X) and blocks (long side on local Y).","every bar uses the wall_10/wall_11 ArUco mounting; wall_9 is excluded (tag rotated 90 deg, 19.0 cm not 19.5)"
easy_013,easy,hmax2,block,obj_4,33.1,34.5,161.3,12.0,7.5,5.0,1,32.9,23.1,0.0,7.5,53.4,0.7867,150,118,0,30,18,12,"long_axis_bearing_deg = bearing of the item's LONG side in world, counter-clockwise from +X, in [0,180). Place by this, not by yaw. yaw_deg is the MuJoCo local-frame rotation and its meaning differs between bricks (long side on local X) and blocks (long side on local Y).","every bar uses the wall_10/wall_11 ArUco mounting; wall_9 is excluded (tag rotated 90 deg, 19.0 cm not 19.5)"
easy_014,easy,hmax2,brick,wall_10,39.0,35.2,5.8,19.5,5.5,10.0,2,31.2,15.1,0.0,7.7,64.2,0.3028,109,0,33,23,2,35,"long_axis_bearing_deg = bearing of the item's LONG side in world, counter-clockwise from +X, in [0,180). Place by this, not by yaw. yaw_deg is the MuJoCo local-frame rotation and its meaning differs between bricks (long side on local X) and blocks (long side on local Y).","every bar uses the wall_10/wall_11 ArUco mounting; wall_9 is excluded (tag rotated 90 deg, 19.0 cm not 19.5)"
easy_014,easy,hmax2,brick,wall_11,14.4,44.2,73.7,19.5,5.5,10.0,2,31.2,15.1,0.0,7.7,64.2,0.3028,109,0,33,23,2,35,"long_axis_bearing_deg = bearing of the item's LONG side in world, counter-clockwise from +X, in [0,180). Place by this, not by yaw. yaw_deg is the MuJoCo local-frame rotation and its meaning differs between bricks (long side on local X) and blocks (long side on local Y).","every bar uses the wall_10/wall_11 ArUco mounting; wall_9 is excluded (tag rotated 90 deg, 19.0 cm not 19.5)"
easy_014,easy,hmax2,block,obj_1,22.7,32.5,112.7,15.0,7.0,4.0,2,31.2,15.1,0.0,7.7,64.2,0.3028,109,0,33,23,2,35,"long_axis_bearing_deg = bearing of the item's LONG side in world, counter-clockwise from +X, in [0,180). Place by this, not by yaw. yaw_deg is the MuJoCo local-frame rotation and its meaning differs between bricks (long side on local X) and blocks (long side on local Y).","every bar uses the wall_10/wall_11 ArUco mounting; wall_9 is excluded (tag rotated 90 deg, 19.0 cm not 19.5)"
easy_015,easy,hmax2,brick,wall_10,10.0,33.3,171.6,19.5,5.5,10.0,2,16.6,12.3,0.0,15.9,53.8,0.3048,105,0,32,25,6,29,"long_axis_bearing_deg = bearing of the item's LONG side in world, counter-clockwise from +X, in [0,180). Place by this, not by yaw. yaw_deg is the MuJoCo local-frame rotation and its meaning differs between bricks (long side on local X) and blocks (long side on local Y).","every bar uses the wall_10/wall_11 ArUco mounting; wall_9 is excluded (tag rotated 90 deg, 19.0 cm not 19.5)"
easy_015,easy,hmax2,brick,wall_11,35.7,43.5,101.6,19.5,5.5,10.0,2,16.6,12.3,0.0,15.9,53.8,0.3048,105,0,32,25,6,29,"long_axis_bearing_deg = bearing of the item's LONG side in world, counter-clockwise from +X, in [0,180). Place by this, not by yaw. yaw_deg is the MuJoCo local-frame rotation and its meaning differs between bricks (long side on local X) and blocks (long side on local Y).","every bar uses the wall_10/wall_11 ArUco mounting; wall_9 is excluded (tag rotated 90 deg, 19.0 cm not 19.5)"
easy_015,easy,hmax2,block,obj_4,29.2,31.2,148.5,12.0,7.5,5.0,2,16.6,12.3,0.0,15.9,53.8,0.3048,105,0,32,25,6,29,"long_axis_bearing_deg = bearing of the item's LONG side in world, counter-clockwise from +X, in [0,180). Place by this, not by yaw. yaw_deg is the MuJoCo local-frame rotation and its meaning differs between bricks (long side on local X) and blocks (long side on local Y).","every bar uses the wall_10/wall_11 ArUco mounting; wall_9 is excluded (tag rotated 90 deg, 19.0 cm not 19.5)"
easy_016,easy,hmax2,brick,wall_10,39.1,31.2,176.4,19.5,5.5,10.0,3,24.6,12.2,0.0,19.3,57.4,0.36,75,5,22,15,13,32,"long_axis_bearing_deg = bearing of the item's LONG side in world, counter-clockwise from +X, in [0,180). Place by this, not by yaw. yaw_deg is the MuJoCo local-frame rotation and its meaning differs between bricks (long side on local X) and blocks (long side on local Y).","every bar uses the wall_10/wall_11 ArUco mounting; wall_9 is excluded (tag rotated 90 deg, 19.0 cm not 19.5)"
easy_016,easy,hmax2,brick,wall_11,13.5,42.2,74.3,19.5,5.5,10.0,3,24.6,12.2,0.0,19.3,57.4,0.36,75,5,22,15,13,32,"long_axis_bearing_deg = bearing of the item's LONG side in world, counter-clockwise from +X, in [0,180). Place by this, not by yaw. yaw_deg is the MuJoCo local-frame rotation and its meaning differs between bricks (long side on local X) and blocks (long side on local Y).","every bar uses the wall_10/wall_11 ArUco mounting; wall_9 is excluded (tag rotated 90 deg, 19.0 cm not 19.5)"
easy_016,easy,hmax2,brick,wall_12,13.5,21.3,86.8,19.5,5.5,10.0,3,24.6,12.2,0.0,19.3,57.4,0.36,75,5,22,15,13,32,"long_axis_bearing_deg = bearing of the item's LONG side in world, counter-clockwise from +X, in [0,180). Place by this, not by yaw. yaw_deg is the MuJoCo local-frame rotation and its meaning differs between bricks (long side on local X) and blocks (long side on local Y).","every bar uses the wall_10/wall_11 ArUco mounting; wall_9 is excluded (tag rotated 90 deg, 19.0 cm not 19.5)"
easy_016,easy,hmax2,block,obj_1,21.8,27.3,85.6,15.0,7.0,4.0,3,24.6,12.2,0.0,19.3,57.4,0.36,75,5,22,15,13,32,"long_axis_bearing_deg = bearing of the item's LONG side in world, counter-clockwise from +X, in [0,180). Place by this, not by yaw. yaw_deg is the MuJoCo local-frame rotation and its meaning differs between bricks (long side on local X) and blocks (long side on local Y).","every bar uses the wall_10/wall_11 ArUco mounting; wall_9 is excluded (tag rotated 90 deg, 19.0 cm not 19.5)"
easy_017,easy,hmax2,brick,wall_10,38.9,40.1,8.9,19.5,5.5,10.0,3,39.0,17.9,0.0,35.1,61.2,0.3529,34,12,0,11,17,32,"long_axis_bearing_deg = bearing of the item's LONG side in world, counter-clockwise from +X, in [0,180). Place by this, not by yaw. yaw_deg is the MuJoCo local-frame rotation and its meaning differs between bricks (long side on local X) and blocks (long side on local Y).","every bar uses the wall_10/wall_11 ArUco mounting; wall_9 is excluded (tag rotated 90 deg, 19.0 cm not 19.5)"
easy_017,easy,hmax2,brick,wall_11,13.5,53.0,80.4,19.5,5.5,10.0,3,39.0,17.9,0.0,35.1,61.2,0.3529,34,12,0,11,17,32,"long_axis_bearing_deg = bearing of the item's LONG side in world, counter-clockwise from +X, in [0,180). Place by this, not by yaw. yaw_deg is the MuJoCo local-frame rotation and its meaning differs between bricks (long side on local X) and blocks (long side on local Y).","every bar uses the wall_10/wall_11 ArUco mounting; wall_9 is excluded (tag rotated 90 deg, 19.0 cm not 19.5)"
easy_017,easy,hmax2,brick,wall_12,13.5,30.0,106.8,19.5,5.5,10.0,3,39.0,17.9,0.0,35.1,61.2,0.3529,34,12,0,11,17,32,"long_axis_bearing_deg = bearing of the item's LONG side in world, counter-clockwise from +X, in [0,180). Place by this, not by yaw. yaw_deg is the MuJoCo local-frame rotation and its meaning differs between bricks (long side on local X) and blocks (long side on local Y).","every bar uses the wall_10/wall_11 ArUco mounting; wall_9 is excluded (tag rotated 90 deg, 19.0 cm not 19.5)"
easy_017,easy,hmax2,block,obj_4,24.0,43.4,76.7,12.0,7.5,5.0,3,39.0,17.9,0.0,35.1,61.2,0.3529,34,12,0,11,17,32,"long_axis_bearing_deg = bearing of the item's LONG side in world, counter-clockwise from +X, in [0,180). Place by this, not by yaw. yaw_deg is the MuJoCo local-frame rotation and its meaning differs between bricks (long side on local X) and blocks (long side on local Y).","every bar uses the wall_10/wall_11 ArUco mounting; wall_9 is excluded (tag rotated 90 deg, 19.0 cm not 19.5)"
easy_018,easy,hmax2,brick,wall_10,39.0,39.1,7.8,19.5,5.5,10.0,1,24.6,22.1,0.0,37.7,56.6,0.56,75,42,0,15,16,29,"long_axis_bearing_deg = bearing of the item's LONG side in world, counter-clockwise from +X, in [0,180). Place by this, not by yaw. yaw_deg is the MuJoCo local-frame rotation and its meaning differs between bricks (long side on local X) and blocks (long side on local Y).","every bar uses the wall_10/wall_11 ArUco mounting; wall_9 is excluded (tag rotated 90 deg, 19.0 cm not 19.5)"
easy_018,easy,hmax2,block,obj_1,15.2,41.1,1.8,15.0,7.0,4.0,1,24.6,22.1,0.0,37.7,56.6,0.56,75,42,0,15,16,29,"long_axis_bearing_deg = bearing of the item's LONG side in world, counter-clockwise from +X, in [0,180). Place by this, not by yaw. yaw_deg is the MuJoCo local-frame rotation and its meaning differs between bricks (long side on local X) and blocks (long side on local Y).","every bar uses the wall_10/wall_11 ArUco mounting; wall_9 is excluded (tag rotated 90 deg, 19.0 cm not 19.5)"
easy_019,easy,hmax2,brick,wall_10,10.1,39.8,171.0,19.5,5.5,10.0,1,13.2,14.7,0.0,11.4,55.7,0.7874,127,100,0,28,28,4,"long_axis_bearing_deg = bearing of the item's LONG side in world, counter-clockwise from +X, in [0,180). Place by this, not by yaw. yaw_deg is the MuJoCo local-frame rotation and its meaning differs between bricks (long side on local X) and blocks (long side on local Y).","every bar uses the wall_10/wall_11 ArUco mounting; wall_9 is excluded (tag rotated 90 deg, 19.0 cm not 19.5)"
easy_019,easy,hmax2,block,obj_4,34.6,37.6,148.5,12.0,7.5,5.0,1,13.2,14.7,0.0,11.4,55.7,0.7874,127,100,0,28,28,4,"long_axis_bearing_deg = bearing of the item's LONG side in world, counter-clockwise from +X, in [0,180). Place by this, not by yaw. yaw_deg is the MuJoCo local-frame rotation and its meaning differs between bricks (long side on local X) and blocks (long side on local Y).","every bar uses the wall_10/wall_11 ArUco mounting; wall_9 is excluded (tag rotated 90 deg, 19.0 cm not 19.5)"
easy_020,easy,hmax2,brick,wall_10,10.1,37.9,8.7,19.5,5.5,10.0,2,22.0,15.9,0.0,41.6,59.0,0.3068,88,12,15,20,15,25,"long_axis_bearing_deg = bearing of the item's LONG side in world, counter-clockwise from +X, in [0,180). Place by this, not by yaw. yaw_deg is the MuJoCo local-frame rotation and its meaning differs between bricks (long side on local X) and blocks (long side on local Y).","every bar uses the wall_10/wall_11 ArUco mounting; wall_9 is excluded (tag rotated 90 deg, 19.0 cm not 19.5)"
easy_020,easy,hmax2,brick,wall_11,35.6,49.9,109.8,19.5,5.5,10.0,2,22.0,15.9,0.0,41.6,59.0,0.3068,88,12,15,20,15,25,"long_axis_bearing_deg = bearing of the item's LONG side in world, counter-clockwise from +X, in [0,180). Place by this, not by yaw. yaw_deg is the MuJoCo local-frame rotation and its meaning differs between bricks (long side on local X) and blocks (long side on local Y).","every bar uses the wall_10/wall_11 ArUco mounting; wall_9 is excluded (tag rotated 90 deg, 19.0 cm not 19.5)"
easy_020,easy,hmax2,block,obj_1,26.5,39.4,124.4,15.0,7.0,4.0,2,22.0,15.9,0.0,41.6,59.0,0.3068,88,12,15,20,15,25,"long_axis_bearing_deg = bearing of the item's LONG side in world, counter-clockwise from +X, in [0,180). Place by this, not by yaw. yaw_deg is the MuJoCo local-frame rotation and its meaning differs between bricks (long side on local X) and blocks (long side on local Y).","every bar uses the wall_10/wall_11 ArUco mounting; wall_9 is excluded (tag rotated 90 deg, 19.0 cm not 19.5)"
easy_021,easy,hmax2,brick,wall_10,12.3,28.4,166.3,19.5,5.5,10.0,2,13.4,16.4,0.0,26.5,67.4,0.3103,116,0,36,25,2,33,"long_axis_bearing_deg = bearing of the item's LONG side in world, counter-clockwise from +X, in [0,180). Place by this, not by yaw. yaw_deg is the MuJoCo local-frame rotation and its meaning differs between bricks (long side on local X) and blocks (long side on local Y).","every bar uses the wall_10/wall_11 ArUco mounting; wall_9 is excluded (tag rotated 90 deg, 19.0 cm not 19.5)"
easy_021,easy,hmax2,brick,wall_11,33.1,41.0,167.4,19.5,5.5,10.0,2,13.4,16.4,0.0,26.5,67.4,0.3103,116,0,36,25,2,33,"long_axis_bearing_deg = bearing of the item's LONG side in world, counter-clockwise from +X, in [0,180). Place by this, not by yaw. yaw_deg is the MuJoCo local-frame rotation and its meaning differs between bricks (long side on local X) and blocks (long side on local Y).","every bar uses the wall_10/wall_11 ArUco mounting; wall_9 is excluded (tag rotated 90 deg, 19.0 cm not 19.5)"
easy_021,easy,hmax2,block,obj_4,29.9,30.3,177.9,12.0,7.5,5.0,2,13.4,16.4,0.0,26.5,67.4,0.3103,116,0,36,25,2,33,"long_axis_bearing_deg = bearing of the item's LONG side in world, counter-clockwise from +X, in [0,180). Place by this, not by yaw. yaw_deg is the MuJoCo local-frame rotation and its meaning differs between bricks (long side on local X) and blocks (long side on local Y).","every bar uses the wall_10/wall_11 ArUco mounting; wall_9 is excluded (tag rotated 90 deg, 19.0 cm not 19.5)"
easy_022,easy,hmax2,brick,wall_10,10.1,39.5,170.3,19.5,5.5,10.0,3,29.5,8.2,0.0,13.0,55.5,0.36,50,15,3,10,11,39,"long_axis_bearing_deg = bearing of the item's LONG side in world, counter-clockwise from +X, in [0,180). Place by this, not by yaw. yaw_deg is the MuJoCo local-frame rotation and its meaning differs between bricks (long side on local X) and blocks (long side on local Y).","every bar uses the wall_10/wall_11 ArUco mounting; wall_9 is excluded (tag rotated 90 deg, 19.0 cm not 19.5)"
easy_022,easy,hmax2,brick,wall_11,36.1,52.0,98.4,19.5,5.5,10.0,3,29.5,8.2,0.0,13.0,55.5,0.36,50,15,3,10,11,39,"long_axis_bearing_deg = bearing of the item's LONG side in world, counter-clockwise from +X, in [0,180). Place by this, not by yaw. yaw_deg is the MuJoCo local-frame rotation and its meaning differs between bricks (long side on local X) and blocks (long side on local Y).","every bar uses the wall_10/wall_11 ArUco mounting; wall_9 is excluded (tag rotated 90 deg, 19.0 cm not 19.5)"
easy_022,easy,hmax2,brick,wall_12,36.1,30.4,77.9,19.5,5.5,10.0,3,29.5,8.2,0.0,13.0,55.5,0.36,50,15,3,10,11,39,"long_axis_bearing_deg = bearing of the item's LONG side in world, counter-clockwise from +X, in [0,180). Place by this, not by yaw. yaw_deg is the MuJoCo local-frame rotation and its meaning differs between bricks (long side on local X) and blocks (long side on local Y).","every bar uses the wall_10/wall_11 ArUco mounting; wall_9 is excluded (tag rotated 90 deg, 19.0 cm not 19.5)"
easy_022,easy,hmax2,block,obj_1,27.7,37.6,87.0,15.0,7.0,4.0,3,29.5,8.2,0.0,13.0,55.5,0.36,50,15,3,10,11,39,"long_axis_bearing_deg = bearing of the item's LONG side in world, counter-clockwise from +X, in [0,180). Place by this, not by yaw. yaw_deg is the MuJoCo local-frame rotation and its meaning differs between bricks (long side on local X) and blocks (long side on local Y).","every bar uses the wall_10/wall_11 ArUco mounting; wall_9 is excluded (tag rotated 90 deg, 19.0 cm not 19.5)"
easy_023,easy,hmax2,brick,wall_10,38.9,46.1,12.0,19.5,5.5,10.0,3,23.1,13.5,0.0,41.9,67.5,0.36,25,9,0,8,16,36,"long_axis_bearing_deg = bearing of the item's LONG side in world, counter-clockwise from +X, in [0,180). Place by this, not by yaw. yaw_deg is the MuJoCo local-frame rotation and its meaning differs between bricks (long side on local X) and blocks (long side on local Y).","every bar uses the wall_10/wall_11 ArUco mounting; wall_9 is excluded (tag rotated 90 deg, 19.0 cm not 19.5)"
easy_023,easy,hmax2,brick,wall_11,13.2,56.4,70.8,19.5,5.5,10.0,3,23.1,13.5,0.0,41.9,67.5,0.36,25,9,0,8,16,36,"long_axis_bearing_deg = bearing of the item's LONG side in world, counter-clockwise from +X, in [0,180). Place by this, not by yaw. yaw_deg is the MuJoCo local-frame rotation and its meaning differs between bricks (long side on local X) and blocks (long side on local Y).","every bar uses the wall_10/wall_11 ArUco mounting; wall_9 is excluded (tag rotated 90 deg, 19.0 cm not 19.5)"
easy_023,easy,hmax2,brick,wall_12,13.2,35.7,104.8,19.5,5.5,10.0,3,23.1,13.5,0.0,41.9,67.5,0.36,25,9,0,8,16,36,"long_axis_bearing_deg = bearing of the item's LONG side in world, counter-clockwise from +X, in [0,180). Place by this, not by yaw. yaw_deg is the MuJoCo local-frame rotation and its meaning differs between bricks (long side on local X) and blocks (long side on local Y).","every bar uses the wall_10/wall_11 ArUco mounting; wall_9 is excluded (tag rotated 90 deg, 19.0 cm not 19.5)"
easy_023,easy,hmax2,block,obj_4,22.3,49.5,73.7,12.0,7.5,5.0,3,23.1,13.5,0.0,41.9,67.5,0.36,25,9,0,8,16,36,"long_axis_bearing_deg = bearing of the item's LONG side in world, counter-clockwise from +X, in [0,180). Place by this, not by yaw. yaw_deg is the MuJoCo local-frame rotation and its meaning differs between bricks (long side on local X) and blocks (long side on local Y).","every bar uses the wall_10/wall_11 ArUco mounting; wall_9 is excluded (tag rotated 90 deg, 19.0 cm not 19.5)"
easy_024,easy,hmax2,brick,wall_10,38.9,34.2,169.6,19.5,5.5,10.0,1,9.3,12.6,0.0,31.1,49.7,0.5856,111,65,0,26,15,19,"long_axis_bearing_deg = bearing of the item's LONG side in world, counter-clockwise from +X, in [0,180). Place by this, not by yaw. yaw_deg is the MuJoCo local-frame rotation and its meaning differs between bricks (long side on local X) and blocks (long side on local Y).","every bar uses the wall_10/wall_11 ArUco mounting; wall_9 is excluded (tag rotated 90 deg, 19.0 cm not 19.5)"
easy_024,easy,hmax2,block,obj_1,15.9,30.7,18.9,15.0,7.0,4.0,1,9.3,12.6,0.0,31.1,49.7,0.5856,111,65,0,26,15,19,"long_axis_bearing_deg = bearing of the item's LONG side in world, counter-clockwise from +X, in [0,180). Place by this, not by yaw. yaw_deg is the MuJoCo local-frame rotation and its meaning differs between bricks (long side on local X) and blocks (long side on local Y).","every bar uses the wall_10/wall_11 ArUco mounting; wall_9 is excluded (tag rotated 90 deg, 19.0 cm not 19.5)"
easy_025,easy,hmax2,brick,wall_10,39.0,42.2,6.9,19.5,5.5,10.0,1,40.7,12.7,0.0,14.5,60.4,0.791,134,106,0,30,18,12,"long_axis_bearing_deg = bearing of the item's LONG side in world, counter-clockwise from +X, in [0,180). Place by this, not by yaw. yaw_deg is the MuJoCo local-frame rotation and its meaning differs between bricks (long side on local X) and blocks (long side on local Y).","every bar uses the wall_10/wall_11 ArUco mounting; wall_9 is excluded (tag rotated 90 deg, 19.0 cm not 19.5)"
easy_025,easy,hmax2,block,obj_4,15.4,39.5,15.3,12.0,7.5,5.0,1,40.7,12.7,0.0,14.5,60.4,0.791,134,106,0,30,18,12,"long_axis_bearing_deg = bearing of the item's LONG side in world, counter-clockwise from +X, in [0,180). Place by this, not by yaw. yaw_deg is the MuJoCo local-frame rotation and its meaning differs between bricks (long side on local X) and blocks (long side on local Y).","every bar uses the wall_10/wall_11 ArUco mounting; wall_9 is excluded (tag rotated 90 deg, 19.0 cm not 19.5)"
easy_026,easy,hmax2,brick,wall_10,10.1,32.4,168.3,19.5,5.5,10.0,2,39.8,16.7,0.0,14.9,67.1,0.3103,87,14,13,20,13,27,"long_axis_bearing_deg = bearing of the item's LONG side in world, counter-clockwise from +X, in [0,180). Place by this, not by yaw. yaw_deg is the MuJoCo local-frame rotation and its meaning differs between bricks (long side on local X) and blocks (long side on local Y).","every bar uses the wall_10/wall_11 ArUco mounting; wall_9 is excluded (tag rotated 90 deg, 19.0 cm not 19.5)"
easy_026,easy,hmax2,brick,wall_11,34.3,42.5,109.2,19.5,5.5,10.0,2,39.8,16.7,0.0,14.9,67.1,0.3103,87,14,13,20,13,27,"long_axis_bearing_deg = bearing of the item's LONG side in world, counter-clockwise from +X, in [0,180). Place by this, not by yaw. yaw_deg is the MuJoCo local-frame rotation and its meaning differs between bricks (long side on local X) and blocks (long side on local Y).","every bar uses the wall_10/wall_11 ArUco mounting; wall_9 is excluded (tag rotated 90 deg, 19.0 cm not 19.5)"
easy_026,easy,hmax2,block,obj_1,25.3,31.1,93.0,15.0,7.0,4.0,2,39.8,16.7,0.0,14.9,67.1,0.3103,87,14,13,20,13,27,"long_axis_bearing_deg = bearing of the item's LONG side in world, counter-clockwise from +X, in [0,180). Place by this, not by yaw. yaw_deg is the MuJoCo local-frame rotation and its meaning differs between bricks (long side on local X) and blocks (long side on local Y).","every bar uses the wall_10/wall_11 ArUco mounting; wall_9 is excluded (tag rotated 90 deg, 19.0 cm not 19.5)"
easy_027,easy,hmax2,brick,wall_10,39.0,43.7,5.0,19.5,5.5,10.0,2,17.2,20.3,0.0,39.7,62.9,0.3163,98,0,31,24,5,31,"long_axis_bearing_deg = bearing of the item's LONG side in world, counter-clockwise from +X, in [0,180). Place by this, not by yaw. yaw_deg is the MuJoCo local-frame rotation and its meaning differs between bricks (long side on local X) and blocks (long side on local Y).","every bar uses the wall_10/wall_11 ArUco mounting; wall_9 is excluded (tag rotated 90 deg, 19.0 cm not 19.5)"
easy_027,easy,hmax2,brick,wall_11,14.4,55.7,71.4,19.5,5.5,10.0,2,17.2,20.3,0.0,39.7,62.9,0.3163,98,0,31,24,5,31,"long_axis_bearing_deg = bearing of the item's LONG side in world, counter-clockwise from +X, in [0,180). Place by this, not by yaw. yaw_deg is the MuJoCo local-frame rotation and its meaning differs between bricks (long side on local X) and blocks (long side on local Y).","every bar uses the wall_10/wall_11 ArUco mounting; wall_9 is excluded (tag rotated 90 deg, 19.0 cm not 19.5)"
easy_027,easy,hmax2,block,obj_4,21.6,43.6,115.8,12.0,7.5,5.0,2,17.2,20.3,0.0,39.7,62.9,0.3163,98,0,31,24,5,31,"long_axis_bearing_deg = bearing of the item's LONG side in world, counter-clockwise from +X, in [0,180). Place by this, not by yaw. yaw_deg is the MuJoCo local-frame rotation and its meaning differs between bricks (long side on local X) and blocks (long side on local Y).","every bar uses the wall_10/wall_11 ArUco mounting; wall_9 is excluded (tag rotated 90 deg, 19.0 cm not 19.5)"
easy_028,easy,hmax2,brick,wall_10,9.8,30.9,0.9,19.5,5.5,10.0,3,15.7,10.2,0.0,12.3,60.8,0.3654,52,0,19,12,10,38,"long_axis_bearing_deg = bearing of the item's LONG side in world, counter-clockwise from +X, in [0,180). Place by this, not by yaw. yaw_deg is the MuJoCo local-frame rotation and its meaning differs between bricks (long side on local X) and blocks (long side on local Y).","every bar uses the wall_10/wall_11 ArUco mounting; wall_9 is excluded (tag rotated 90 deg, 19.0 cm not 19.5)"
easy_028,easy,hmax2,brick,wall_11,34.3,43.3,109.7,19.5,5.5,10.0,3,15.7,10.2,0.0,12.3,60.8,0.3654,52,0,19,12,10,38,"long_axis_bearing_deg = bearing of the item's LONG side in world, counter-clockwise from +X, in [0,180). Place by this, not by yaw. yaw_deg is the MuJoCo local-frame rotation and its meaning differs between bricks (long side on local X) and blocks (long side on local Y).","every bar uses the wall_10/wall_11 ArUco mounting; wall_9 is excluded (tag rotated 90 deg, 19.0 cm not 19.5)"
easy_028,easy,hmax2,brick,wall_12,34.3,22.3,78.7,19.5,5.5,10.0,3,15.7,10.2,0.0,12.3,60.8,0.3654,52,0,19,12,10,38,"long_axis_bearing_deg = bearing of the item's LONG side in world, counter-clockwise from +X, in [0,180). Place by this, not by yaw. yaw_deg is the MuJoCo local-frame rotation and its meaning differs between bricks (long side on local X) and blocks (long side on local Y).","every bar uses the wall_10/wall_11 ArUco mounting; wall_9 is excluded (tag rotated 90 deg, 19.0 cm not 19.5)"
easy_028,easy,hmax2,block,obj_1,27.1,26.8,87.0,15.0,7.0,4.0,3,15.7,10.2,0.0,12.3,60.8,0.3654,52,0,19,12,10,38,"long_axis_bearing_deg = bearing of the item's LONG side in world, counter-clockwise from +X, in [0,180). Place by this, not by yaw. yaw_deg is the MuJoCo local-frame rotation and its meaning differs between bricks (long side on local X) and blocks (long side on local Y).","every bar uses the wall_10/wall_11 ArUco mounting; wall_9 is excluded (tag rotated 90 deg, 19.0 cm not 19.5)"
easy_029,easy,hmax2,brick,wall_10,10.0,32.0,173.6,19.5,5.5,10.0,3,13.3,11.3,0.0,12.9,59.7,0.375,8,0,3,5,13,42,"long_axis_bearing_deg = bearing of the item's LONG side in world, counter-clockwise from +X, in [0,180). Place by this, not by yaw. yaw_deg is the MuJoCo local-frame rotation and its meaning differs between bricks (long side on local X) and blocks (long side on local Y).","every bar uses the wall_10/wall_11 ArUco mounting; wall_9 is excluded (tag rotated 90 deg, 19.0 cm not 19.5)"
easy_029,easy,hmax2,brick,wall_11,35.6,44.8,106.3,19.5,5.5,10.0,3,13.3,11.3,0.0,12.9,59.7,0.375,8,0,3,5,13,42,"long_axis_bearing_deg = bearing of the item's LONG side in world, counter-clockwise from +X, in [0,180). Place by this, not by yaw. yaw_deg is the MuJoCo local-frame rotation and its meaning differs between bricks (long side on local X) and blocks (long side on local Y).","every bar uses the wall_10/wall_11 ArUco mounting; wall_9 is excluded (tag rotated 90 deg, 19.0 cm not 19.5)"
easy_029,easy,hmax2,brick,wall_12,35.6,19.3,80.9,19.5,5.5,10.0,3,13.3,11.3,0.0,12.9,59.7,0.375,8,0,3,5,13,42,"long_axis_bearing_deg = bearing of the item's LONG side in world, counter-clockwise from +X, in [0,180). Place by this, not by yaw. yaw_deg is the MuJoCo local-frame rotation and its meaning differs between bricks (long side on local X) and blocks (long side on local Y).","every bar uses the wall_10/wall_11 ArUco mounting; wall_9 is excluded (tag rotated 90 deg, 19.0 cm not 19.5)"
easy_029,easy,hmax2,block,obj_4,28.3,34.2,26.6,12.0,7.5,5.0,3,13.3,11.3,0.0,12.9,59.7,0.375,8,0,3,5,13,42,"long_axis_bearing_deg = bearing of the item's LONG side in world, counter-clockwise from +X, in [0,180). Place by this, not by yaw. yaw_deg is the MuJoCo local-frame rotation and its meaning differs between bricks (long side on local X) and blocks (long side on local Y).","every bar uses the wall_10/wall_11 ArUco mounting; wall_9 is excluded (tag rotated 90 deg, 19.0 cm not 19.5)"
easy_030,easy,hmax2,brick,wall_10,39.2,42.1,178.2,19.5,5.5,10.0,1,7.6,17.7,0.0,37.0,57.7,0.5882,119,70,0,28,15,17,"long_axis_bearing_deg = bearing of the item's LONG side in world, counter-clockwise from +X, in [0,180). Place by this, not by yaw. yaw_deg is the MuJoCo local-frame rotation and its meaning differs between bricks (long side on local X) and blocks (long side on local Y).","every bar uses the wall_10/wall_11 ArUco mounting; wall_9 is excluded (tag rotated 90 deg, 19.0 cm not 19.5)"
easy_030,easy,hmax2,block,obj_1,16.3,40.1,12.9,15.0,7.0,4.0,1,7.6,17.7,0.0,37.0,57.7,0.5882,119,70,0,28,15,17,"long_axis_bearing_deg = bearing of the item's LONG side in world, counter-clockwise from +X, in [0,180). Place by this, not by yaw. yaw_deg is the MuJoCo local-frame rotation and its meaning differs between bricks (long side on local X) and blocks (long side on local Y).","every bar uses the wall_10/wall_11 ArUco mounting; wall_9 is excluded (tag rotated 90 deg, 19.0 cm not 19.5)"
easy_031,easy,hmax2,brick,wall_10,38.9,35.9,11.0,19.5,5.5,10.0,1,17.6,18.0,0.0,15.3,56.0,0.7933,150,119,0,30,20,10,"long_axis_bearing_deg = bearing of the item's LONG side in world, counter-clockwise from +X, in [0,180). Place by this, not by yaw. yaw_deg is the MuJoCo local-frame rotation and its meaning differs between bricks (long side on local X) and blocks (long side on local Y).","every bar uses the wall_10/wall_11 ArUco mounting; wall_9 is excluded (tag rotated 90 deg, 19.0 cm not 19.5)"
easy_031,easy,hmax2,block,obj_4,16.4,34.1,26.0,12.0,7.5,5.0,1,17.6,18.0,0.0,15.3,56.0,0.7933,150,119,0,30,20,10,"long_axis_bearing_deg = bearing of the item's LONG side in world, counter-clockwise from +X, in [0,180). Place by this, not by yaw. yaw_deg is the MuJoCo local-frame rotation and its meaning differs between bricks (long side on local X) and blocks (long side on local Y).","every bar uses the wall_10/wall_11 ArUco mounting; wall_9 is excluded (tag rotated 90 deg, 19.0 cm not 19.5)"
easy_032,easy,hmax2,brick,wall_10,39.2,47.4,0.9,19.5,5.5,10.0,2,18.3,10.1,0.0,27.5,68.2,0.3118,93,19,10,17,14,29,"long_axis_bearing_deg = bearing of the item's LONG side in world, counter-clockwise from +X, in [0,180). Place by this, not by yaw. yaw_deg is the MuJoCo local-frame rotation and its meaning differs between bricks (long side on local X) and blocks (long side on local Y).","every bar uses the wall_10/wall_11 ArUco mounting; wall_9 is excluded (tag rotated 90 deg, 19.0 cm not 19.5)"
easy_032,easy,hmax2,brick,wall_11,14.0,57.4,73.1,19.5,5.5,10.0,2,18.3,10.1,0.0,27.5,68.2,0.3118,93,19,10,17,14,29,"long_axis_bearing_deg = bearing of the item's LONG side in world, counter-clockwise from +X, in [0,180). Place by this, not by yaw. yaw_deg is the MuJoCo local-frame rotation and its meaning differs between bricks (long side on local X) and blocks (long side on local Y).","every bar uses the wall_10/wall_11 ArUco mounting; wall_9 is excluded (tag rotated 90 deg, 19.0 cm not 19.5)"
easy_032,easy,hmax2,block,obj_1,22.6,48.2,81.0,15.0,7.0,4.0,2,18.3,10.1,0.0,27.5,68.2,0.3118,93,19,10,17,14,29,"long_axis_bearing_deg = bearing of the item's LONG side in world, counter-clockwise from +X, in [0,180). Place by this, not by yaw. yaw_deg is the MuJoCo local-frame rotation and its meaning differs between bricks (long side on local X) and blocks (long side on local Y).","every bar uses the wall_10/wall_11 ArUco mounting; wall_9 is excluded (tag rotated 90 deg, 19.0 cm not 19.5)"
easy_033,easy,hmax2,brick,wall_10,39.0,31.5,8.5,19.5,5.5,10.0,2,32.2,14.7,0.0,20.2,67.9,0.3197,122,0,39,27,7,26,"long_axis_bearing_deg = bearing of the item's LONG side in world, counter-clockwise from +X, in [0,180). Place by this, not by yaw. yaw_deg is the MuJoCo local-frame rotation and its meaning differs between bricks (long side on local X) and blocks (long side on local Y).","every bar uses the wall_10/wall_11 ArUco mounting; wall_9 is excluded (tag rotated 90 deg, 19.0 cm not 19.5)"
easy_033,easy,hmax2,brick,wall_11,13.6,43.5,72.7,19.5,5.5,10.0,2,32.2,14.7,0.0,20.2,67.9,0.3197,122,0,39,27,7,26,"long_axis_bearing_deg = bearing of the item's LONG side in world, counter-clockwise from +X, in [0,180). Place by this, not by yaw. yaw_deg is the MuJoCo local-frame rotation and its meaning differs between bricks (long side on local X) and blocks (long side on local Y).","every bar uses the wall_10/wall_11 ArUco mounting; wall_9 is excluded (tag rotated 90 deg, 19.0 cm not 19.5)"
easy_033,easy,hmax2,block,obj_4,21.3,29.0,24.8,12.0,7.5,5.0,2,32.2,14.7,0.0,20.2,67.9,0.3197,122,0,39,27,7,26,"long_axis_bearing_deg = bearing of the item's LONG side in world, counter-clockwise from +X, in [0,180). Place by this, not by yaw. yaw_deg is the MuJoCo local-frame rotation and its meaning differs between bricks (long side on local X) and blocks (long side on local Y).","every bar uses the wall_10/wall_11 ArUco mounting; wall_9 is excluded (tag rotated 90 deg, 19.0 cm not 19.5)"
easy_034,easy,hmax2,brick,wall_10,38.9,40.9,170.7,19.5,5.5,10.0,3,22.0,8.1,0.0,26.9,58.4,0.3704,27,2,8,7,11,42,"long_axis_bearing_deg = bearing of the item's LONG side in world, counter-clockwise from +X, in [0,180). Place by this, not by yaw. yaw_deg is the MuJoCo local-frame rotation and its meaning differs between bricks (long side on local X) and blocks (long side on local Y).","every bar uses the wall_10/wall_11 ArUco mounting; wall_9 is excluded (tag rotated 90 deg, 19.0 cm not 19.5)"
easy_034,easy,hmax2,brick,wall_11,14.0,52.6,87.8,19.5,5.5,10.0,3,22.0,8.1,0.0,26.9,58.4,0.3704,27,2,8,7,11,42,"long_axis_bearing_deg = bearing of the item's LONG side in world, counter-clockwise from +X, in [0,180). Place by this, not by yaw. yaw_deg is the MuJoCo local-frame rotation and its meaning differs between bricks (long side on local X) and blocks (long side on local Y).","every bar uses the wall_10/wall_11 ArUco mounting; wall_9 is excluded (tag rotated 90 deg, 19.0 cm not 19.5)"
easy_034,easy,hmax2,brick,wall_12,14.0,29.0,108.1,19.5,5.5,10.0,3,22.0,8.1,0.0,26.9,58.4,0.3704,27,2,8,7,11,42,"long_axis_bearing_deg = bearing of the item's LONG side in world, counter-clockwise from +X, in [0,180). Place by this, not by yaw. yaw_deg is the MuJoCo local-frame rotation and its meaning differs between bricks (long side on local X) and blocks (long side on local Y).","every bar uses the wall_10/wall_11 ArUco mounting; wall_9 is excluded (tag rotated 90 deg, 19.0 cm not 19.5)"
easy_034,easy,hmax2,block,obj_1,21.0,42.0,81.7,15.0,7.0,4.0,3,22.0,8.1,0.0,26.9,58.4,0.3704,27,2,8,7,11,42,"long_axis_bearing_deg = bearing of the item's LONG side in world, counter-clockwise from +X, in [0,180). Place by this, not by yaw. yaw_deg is the MuJoCo local-frame rotation and its meaning differs between bricks (long side on local X) and blocks (long side on local Y).","every bar uses the wall_10/wall_11 ArUco mounting; wall_9 is excluded (tag rotated 90 deg, 19.0 cm not 19.5)"
easy_035,easy,hmax2,brick,wall_10,39.1,34.8,3.1,19.5,5.5,10.0,3,25.5,18.8,0.0,10.9,70.7,0.386,57,5,17,13,11,36,"long_axis_bearing_deg = bearing of the item's LONG side in world, counter-clockwise from +X, in [0,180). Place by this, not by yaw. yaw_deg is the MuJoCo local-frame rotation and its meaning differs between bricks (long side on local X) and blocks (long side on local Y).","every bar uses the wall_10/wall_11 ArUco mounting; wall_9 is excluded (tag rotated 90 deg, 19.0 cm not 19.5)"
easy_035,easy,hmax2,brick,wall_11,13.6,46.6,71.6,19.5,5.5,10.0,3,25.5,18.8,0.0,10.9,70.7,0.386,57,5,17,13,11,36,"long_axis_bearing_deg = bearing of the item's LONG side in world, counter-clockwise from +X, in [0,180). Place by this, not by yaw. yaw_deg is the MuJoCo local-frame rotation and its meaning differs between bricks (long side on local X) and blocks (long side on local Y).","every bar uses the wall_10/wall_11 ArUco mounting; wall_9 is excluded (tag rotated 90 deg, 19.0 cm not 19.5)"
easy_035,easy,hmax2,brick,wall_12,13.6,23.3,85.0,19.5,5.5,10.0,3,25.5,18.8,0.0,10.9,70.7,0.386,57,5,17,13,11,36,"long_axis_bearing_deg = bearing of the item's LONG side in world, counter-clockwise from +X, in [0,180). Place by this, not by yaw. yaw_deg is the MuJoCo local-frame rotation and its meaning differs between bricks (long side on local X) and blocks (long side on local Y).","every bar uses the wall_10/wall_11 ArUco mounting; wall_9 is excluded (tag rotated 90 deg, 19.0 cm not 19.5)"
easy_035,easy,hmax2,block,obj_4,21.4,31.7,89.7,12.0,7.5,5.0,3,25.5,18.8,0.0,10.9,70.7,0.386,57,5,17,13,11,36,"long_axis_bearing_deg = bearing of the item's LONG side in world, counter-clockwise from +X, in [0,180). Place by this, not by yaw. yaw_deg is the MuJoCo local-frame rotation and its meaning differs between bricks (long side on local X) and blocks (long side on local Y).","every bar uses the wall_10/wall_11 ArUco mounting; wall_9 is excluded (tag rotated 90 deg, 19.0 cm not 19.5)"
easy_036,easy,hmax2,brick,wall_10,10.1,34.4,10.4,19.5,5.5,10.0,1,42.7,12.0,0.0,6.5,61.6,0.596,99,59,0,21,16,23,"long_axis_bearing_deg = bearing of the item's LONG side in world, counter-clockwise from +X, in [0,180). Place by this, not by yaw. yaw_deg is the MuJoCo local-frame rotation and its meaning differs between bricks (long side on local X) and blocks (long side on local Y).","every bar uses the wall_10/wall_11 ArUco mounting; wall_9 is excluded (tag rotated 90 deg, 19.0 cm not 19.5)"
easy_036,easy,hmax2,block,obj_1,33.7,32.4,162.6,15.0,7.0,4.0,1,42.7,12.0,0.0,6.5,61.6,0.596,99,59,0,21,16,23,"long_axis_bearing_deg = bearing of the item's LONG side in world, counter-clockwise from +X, in [0,180). Place by this, not by yaw. yaw_deg is the MuJoCo local-frame rotation and its meaning differs between bricks (long side on local X) and blocks (long side on local Y).","every bar uses the wall_10/wall_11 ArUco mounting; wall_9 is excluded (tag rotated 90 deg, 19.0 cm not 19.5)"
easy_037,easy,hmax2,brick,wall_10,39.0,33.6,7.0,19.5,5.5,10.0,1,26.6,7.0,0.0,27.8,55.3,0.797,133,106,0,30,22,8,"long_axis_bearing_deg = bearing of the item's LONG side in world, counter-clockwise from +X, in [0,180). Place by this, not by yaw. yaw_deg is the MuJoCo local-frame rotation and its meaning differs between bricks (long side on local X) and blocks (long side on local Y).","every bar uses the wall_10/wall_11 ArUco mounting; wall_9 is excluded (tag rotated 90 deg, 19.0 cm not 19.5)"
easy_037,easy,hmax2,block,obj_4,15.2,35.2,15.6,12.0,7.5,5.0,1,26.6,7.0,0.0,27.8,55.3,0.797,133,106,0,30,22,8,"long_axis_bearing_deg = bearing of the item's LONG side in world, counter-clockwise from +X, in [0,180). Place by this, not by yaw. yaw_deg is the MuJoCo local-frame rotation and its meaning differs between bricks (long side on local X) and blocks (long side on local Y).","every bar uses the wall_10/wall_11 ArUco mounting; wall_9 is excluded (tag rotated 90 deg, 19.0 cm not 19.5)"
easy_038,easy,hmax2,brick,wall_10,38.9,31.5,9.2,19.5,5.5,10.0,2,26.5,20.0,0.0,29.7,71.0,0.312,125,0,39,25,6,29,"long_axis_bearing_deg = bearing of the item's LONG side in world, counter-clockwise from +X, in [0,180). Place by this, not by yaw. yaw_deg is the MuJoCo local-frame rotation and its meaning differs between bricks (long side on local X) and blocks (long side on local Y).","every bar uses the wall_10/wall_11 ArUco mounting; wall_9 is excluded (tag rotated 90 deg, 19.0 cm not 19.5)"
easy_038,easy,hmax2,brick,wall_11,13.6,41.4,70.7,19.5,5.5,10.0,2,26.5,20.0,0.0,29.7,71.0,0.312,125,0,39,25,6,29,"long_axis_bearing_deg = bearing of the item's LONG side in world, counter-clockwise from +X, in [0,180). Place by this, not by yaw. yaw_deg is the MuJoCo local-frame rotation and its meaning differs between bricks (long side on local X) and blocks (long side on local Y).","every bar uses the wall_10/wall_11 ArUco mounting; wall_9 is excluded (tag rotated 90 deg, 19.0 cm not 19.5)"
easy_038,easy,hmax2,block,obj_1,20.5,27.2,39.8,15.0,7.0,4.0,2,26.5,20.0,0.0,29.7,71.0,0.312,125,0,39,25,6,29,"long_axis_bearing_deg = bearing of the item's LONG side in world, counter-clockwise from +X, in [0,180). Place by this, not by yaw. yaw_deg is the MuJoCo local-frame rotation and its meaning differs between bricks (long side on local X) and blocks (long side on local Y).","every bar uses the wall_10/wall_11 ArUco mounting; wall_9 is excluded (tag rotated 90 deg, 19.0 cm not 19.5)"
easy_039,easy,hmax2,brick,wall_10,39.0,32.9,172.3,19.5,5.5,10.0,2,17.0,13.5,0.0,29.8,48.7,0.32,100,5,27,22,7,31,"long_axis_bearing_deg = bearing of the item's LONG side in world, counter-clockwise from +X, in [0,180). Place by this, not by yaw. yaw_deg is the MuJoCo local-frame rotation and its meaning differs between bricks (long side on local X) and blocks (long side on local Y).","every bar uses the wall_10/wall_11 ArUco mounting; wall_9 is excluded (tag rotated 90 deg, 19.0 cm not 19.5)"
easy_039,easy,hmax2,brick,wall_11,13.2,41.5,71.7,19.5,5.5,10.0,2,17.0,13.5,0.0,29.8,48.7,0.32,100,5,27,22,7,31,"long_axis_bearing_deg = bearing of the item's LONG side in world, counter-clockwise from +X, in [0,180). Place by this, not by yaw. yaw_deg is the MuJoCo local-frame rotation and its meaning differs between bricks (long side on local X) and blocks (long side on local Y).","every bar uses the wall_10/wall_11 ArUco mounting; wall_9 is excluded (tag rotated 90 deg, 19.0 cm not 19.5)"
easy_039,easy,hmax2,block,obj_4,21.7,31.3,64.7,12.0,7.5,5.0,2,17.0,13.5,0.0,29.8,48.7,0.32,100,5,27,22,7,31,"long_axis_bearing_deg = bearing of the item's LONG side in world, counter-clockwise from +X, in [0,180). Place by this, not by yaw. yaw_deg is the MuJoCo local-frame rotation and its meaning differs between bricks (long side on local X) and blocks (long side on local Y).","every bar uses the wall_10/wall_11 ArUco mounting; wall_9 is excluded (tag rotated 90 deg, 19.0 cm not 19.5)"
easy_040,easy,hmax2,brick,wall_10,39.2,36.2,0.2,19.5,5.5,10.0,3,30.3,21.4,0.0,38.4,65.9,0.3725,51,13,6,11,10,39,"long_axis_bearing_deg = bearing of the item's LONG side in world, counter-clockwise from +X, in [0,180). Place by this, not by yaw. yaw_deg is the MuJoCo local-frame rotation and its meaning differs between bricks (long side on local X) and blocks (long side on local Y).","every bar uses the wall_10/wall_11 ArUco mounting; wall_9 is excluded (tag rotated 90 deg, 19.0 cm not 19.5)"
easy_040,easy,hmax2,brick,wall_11,14.5,46.1,93.7,19.5,5.5,10.0,3,30.3,21.4,0.0,38.4,65.9,0.3725,51,13,6,11,10,39,"long_axis_bearing_deg = bearing of the item's LONG side in world, counter-clockwise from +X, in [0,180). Place by this, not by yaw. yaw_deg is the MuJoCo local-frame rotation and its meaning differs between bricks (long side on local X) and blocks (long side on local Y).","every bar uses the wall_10/wall_11 ArUco mounting; wall_9 is excluded (tag rotated 90 deg, 19.0 cm not 19.5)"
easy_040,easy,hmax2,brick,wall_12,14.5,24.0,108.5,19.5,5.5,10.0,3,30.3,21.4,0.0,38.4,65.9,0.3725,51,13,6,11,10,39,"long_axis_bearing_deg = bearing of the item's LONG side in world, counter-clockwise from +X, in [0,180). Place by this, not by yaw. yaw_deg is the MuJoCo local-frame rotation and its meaning differs between bricks (long side on local X) and blocks (long side on local Y).","every bar uses the wall_10/wall_11 ArUco mounting; wall_9 is excluded (tag rotated 90 deg, 19.0 cm not 19.5)"
easy_040,easy,hmax2,block,obj_1,22.2,35.4,92.4,15.0,7.0,4.0,3,30.3,21.4,0.0,38.4,65.9,0.3725,51,13,6,11,10,39,"long_axis_bearing_deg = bearing of the item's LONG side in world, counter-clockwise from +X, in [0,180). Place by this, not by yaw. yaw_deg is the MuJoCo local-frame rotation and its meaning differs between bricks (long side on local X) and blocks (long side on local Y).","every bar uses the wall_10/wall_11 ArUco mounting; wall_9 is excluded (tag rotated 90 deg, 19.0 cm not 19.5)"
easy_041,easy,hmax2,brick,wall_10,9.9,30.9,176.1,19.5,5.5,10.0,3,17.0,14.9,0.0,21.2,68.9,0.3889,18,7,0,5,11,44,"long_axis_bearing_deg = bearing of the item's LONG side in world, counter-clockwise from +X, in [0,180). Place by this, not by yaw. yaw_deg is the MuJoCo local-frame rotation and its meaning differs between bricks (long side on local X) and blocks (long side on local Y).","every bar uses the wall_10/wall_11 ArUco mounting; wall_9 is excluded (tag rotated 90 deg, 19.0 cm not 19.5)"
easy_041,easy,hmax2,brick,wall_11,35.3,40.0,102.8,19.5,5.5,10.0,3,17.0,14.9,0.0,21.2,68.9,0.3889,18,7,0,5,11,44,"long_axis_bearing_deg = bearing of the item's LONG side in world, counter-clockwise from +X, in [0,180). Place by this, not by yaw. yaw_deg is the MuJoCo local-frame rotation and its meaning differs between bricks (long side on local X) and blocks (long side on local Y).","every bar uses the wall_10/wall_11 ArUco mounting; wall_9 is excluded (tag rotated 90 deg, 19.0 cm not 19.5)"
easy_041,easy,hmax2,brick,wall_12,35.3,18.7,94.9,19.5,5.5,10.0,3,17.0,14.9,0.0,21.2,68.9,0.3889,18,7,0,5,11,44,"long_axis_bearing_deg = bearing of the item's LONG side in world, counter-clockwise from +X, in [0,180). Place by this, not by yaw. yaw_deg is the MuJoCo local-frame rotation and its meaning differs between bricks (long side on local X) and blocks (long side on local Y).","every bar uses the wall_10/wall_11 ArUco mounting; wall_9 is excluded (tag rotated 90 deg, 19.0 cm not 19.5)"
easy_041,easy,hmax2,block,obj_4,27.0,34.3,15.0,12.0,7.5,5.0,3,17.0,14.9,0.0,21.2,68.9,0.3889,18,7,0,5,11,44,"long_axis_bearing_deg = bearing of the item's LONG side in world, counter-clockwise from +X, in [0,180). Place by this, not by yaw. yaw_deg is the MuJoCo local-frame rotation and its meaning differs between bricks (long side on local X) and blocks (long side on local Y).","every bar uses the wall_10/wall_11 ArUco mounting; wall_9 is excluded (tag rotated 90 deg, 19.0 cm not 19.5)"
easy_042,easy,hmax2,brick,wall_10,39.1,43.9,2.6,19.5,5.5,10.0,1,37.9,8.7,0.0,6.5,58.5,0.6095,105,64,0,25,15,20,"long_axis_bearing_deg = bearing of the item's LONG side in world, counter-clockwise from +X, in [0,180). Place by this, not by yaw. yaw_deg is the MuJoCo local-frame rotation and its meaning differs between bricks (long side on local X) and blocks (long side on local Y).","every bar uses the wall_10/wall_11 ArUco mounting; wall_9 is excluded (tag rotated 90 deg, 19.0 cm not 19.5)"
easy_042,easy,hmax2,block,obj_1,15.5,40.2,23.3,15.0,7.0,4.0,1,37.9,8.7,0.0,6.5,58.5,0.6095,105,64,0,25,15,20,"long_axis_bearing_deg = bearing of the item's LONG side in world, counter-clockwise from +X, in [0,180). Place by this, not by yaw. yaw_deg is the MuJoCo local-frame rotation and its meaning differs between bricks (long side on local X) and blocks (long side on local Y).","every bar uses the wall_10/wall_11 ArUco mounting; wall_9 is excluded (tag rotated 90 deg, 19.0 cm not 19.5)"
easy_043,easy,hmax2,brick,wall_10,39.1,35.2,2.5,19.5,5.5,10.0,1,16.1,12.9,0.0,6.5,58.7,0.7971,138,110,0,30,25,5,"long_axis_bearing_deg = bearing of the item's LONG side in world, counter-clockwise from +X, in [0,180). Place by this, not by yaw. yaw_deg is the MuJoCo local-frame rotation and its meaning differs between bricks (long side on local X) and blocks (long side on local Y).","every bar uses the wall_10/wall_11 ArUco mounting; wall_9 is excluded (tag rotated 90 deg, 19.0 cm not 19.5)"
easy_043,easy,hmax2,block,obj_4,15.3,34.0,31.1,12.0,7.5,5.0,1,16.1,12.9,0.0,6.5,58.7,0.7971,138,110,0,30,25,5,"long_axis_bearing_deg = bearing of the item's LONG side in world, counter-clockwise from +X, in [0,180). Place by this, not by yaw. yaw_deg is the MuJoCo local-frame rotation and its meaning differs between bricks (long side on local X) and blocks (long side on local Y).","every bar uses the wall_10/wall_11 ArUco mounting; wall_9 is excluded (tag rotated 90 deg, 19.0 cm not 19.5)"
easy_044,easy,hmax2,brick,wall_10,39.2,46.0,179.2,19.5,5.5,10.0,2,20.8,27.2,0.0,23.6,69.4,0.315,127,5,35,29,15,16,"long_axis_bearing_deg = bearing of the item's LONG side in world, counter-clockwise from +X, in [0,180). Place by this, not by yaw. yaw_deg is the MuJoCo local-frame rotation and its meaning differs between bricks (long side on local X) and blocks (long side on local Y).","every bar uses the wall_10/wall_11 ArUco mounting; wall_9 is excluded (tag rotated 90 deg, 19.0 cm not 19.5)"
easy_044,easy,hmax2,brick,wall_11,13.9,54.5,71.9,19.5,5.5,10.0,2,20.8,27.2,0.0,23.6,69.4,0.315,127,5,35,29,15,16,"long_axis_bearing_deg = bearing of the item's LONG side in world, counter-clockwise from +X, in [0,180). Place by this, not by yaw. yaw_deg is the MuJoCo local-frame rotation and its meaning differs between bricks (long side on local X) and blocks (long side on local Y).","every bar uses the wall_10/wall_11 ArUco mounting; wall_9 is excluded (tag rotated 90 deg, 19.0 cm not 19.5)"
easy_044,easy,hmax2,block,obj_1,25.4,41.8,92.3,15.0,7.0,4.0,2,20.8,27.2,0.0,23.6,69.4,0.315,127,5,35,29,15,16,"long_axis_bearing_deg = bearing of the item's LONG side in world, counter-clockwise from +X, in [0,180). Place by this, not by yaw. yaw_deg is the MuJoCo local-frame rotation and its meaning differs between bricks (long side on local X) and blocks (long side on local Y).","every bar uses the wall_10/wall_11 ArUco mounting; wall_9 is excluded (tag rotated 90 deg, 19.0 cm not 19.5)"
easy_045,easy,hmax2,brick,wall_10,38.9,42.4,10.0,19.5,5.5,10.0,2,36.0,15.2,0.0,42.6,56.7,0.321,81,26,0,17,13,30,"long_axis_bearing_deg = bearing of the item's LONG side in world, counter-clockwise from +X, in [0,180). Place by this, not by yaw. yaw_deg is the MuJoCo local-frame rotation and its meaning differs between bricks (long side on local X) and blocks (long side on local Y).","every bar uses the wall_10/wall_11 ArUco mounting; wall_9 is excluded (tag rotated 90 deg, 19.0 cm not 19.5)"
easy_045,easy,hmax2,brick,wall_11,13.7,54.2,72.7,19.5,5.5,10.0,2,36.0,15.2,0.0,42.6,56.7,0.321,81,26,0,17,13,30,"long_axis_bearing_deg = bearing of the item's LONG side in world, counter-clockwise from +X, in [0,180). Place by this, not by yaw. yaw_deg is the MuJoCo local-frame rotation and its meaning differs between bricks (long side on local X) and blocks (long side on local Y).","every bar uses the wall_10/wall_11 ArUco mounting; wall_9 is excluded (tag rotated 90 deg, 19.0 cm not 19.5)"
easy_045,easy,hmax2,block,obj_4,22.4,43.8,86.5,12.0,7.5,5.0,2,36.0,15.2,0.0,42.6,56.7,0.321,81,26,0,17,13,30,"long_axis_bearing_deg = bearing of the item's LONG side in world, counter-clockwise from +X, in [0,180). Place by this, not by yaw. yaw_deg is the MuJoCo local-frame rotation and its meaning differs between bricks (long side on local X) and blocks (long side on local Y).","every bar uses the wall_10/wall_11 ArUco mounting; wall_9 is excluded (tag rotated 90 deg, 19.0 cm not 19.5)"
easy_046,easy,hmax2,brick,wall_10,10.1,44.8,170.0,19.5,5.5,10.0,3,22.2,32.4,0.0,12.2,62.6,0.4182,55,23,0,11,14,35,"long_axis_bearing_deg = bearing of the item's LONG side in world, counter-clockwise from +X, in [0,180). Place by this, not by yaw. yaw_deg is the MuJoCo local-frame rotation and its meaning differs between bricks (long side on local X) and blocks (long side on local Y).","every bar uses the wall_10/wall_11 ArUco mounting; wall_9 is excluded (tag rotated 90 deg, 19.0 cm not 19.5)"
easy_046,easy,hmax2,brick,wall_11,35.3,57.0,93.9,19.5,5.5,10.0,3,22.2,32.4,0.0,12.2,62.6,0.4182,55,23,0,11,14,35,"long_axis_bearing_deg = bearing of the item's LONG side in world, counter-clockwise from +X, in [0,180). Place by this, not by yaw. yaw_deg is the MuJoCo local-frame rotation and its meaning differs between bricks (long side on local X) and blocks (long side on local Y).","every bar uses the wall_10/wall_11 ArUco mounting; wall_9 is excluded (tag rotated 90 deg, 19.0 cm not 19.5)"
easy_046,easy,hmax2,brick,wall_12,35.3,32.1,75.3,19.5,5.5,10.0,3,22.2,32.4,0.0,12.2,62.6,0.4182,55,23,0,11,14,35,"long_axis_bearing_deg = bearing of the item's LONG side in world, counter-clockwise from +X, in [0,180). Place by this, not by yaw. yaw_deg is the MuJoCo local-frame rotation and its meaning differs between bricks (long side on local X) and blocks (long side on local Y).","every bar uses the wall_10/wall_11 ArUco mounting; wall_9 is excluded (tag rotated 90 deg, 19.0 cm not 19.5)"
easy_046,easy,hmax2,block,obj_1,27.4,47.5,88.2,15.0,7.0,4.0,3,22.2,32.4,0.0,12.2,62.6,0.4182,55,23,0,11,14,35,"long_axis_bearing_deg = bearing of the item's LONG side in world, counter-clockwise from +X, in [0,180). Place by this, not by yaw. yaw_deg is the MuJoCo local-frame rotation and its meaning differs between bricks (long side on local X) and blocks (long side on local Y).","every bar uses the wall_10/wall_11 ArUco mounting; wall_9 is excluded (tag rotated 90 deg, 19.0 cm not 19.5)"
easy_047,easy,hmax2,brick,wall_10,39.1,30.9,177.3,19.5,5.5,10.0,3,28.2,14.6,0.0,40.9,46.5,0.4259,54,0,23,12,8,40,"long_axis_bearing_deg = bearing of the item's LONG side in world, counter-clockwise from +X, in [0,180). Place by this, not by yaw. yaw_deg is the MuJoCo local-frame rotation and its meaning differs between bricks (long side on local X) and blocks (long side on local Y).","every bar uses the wall_10/wall_11 ArUco mounting; wall_9 is excluded (tag rotated 90 deg, 19.0 cm not 19.5)"
easy_047,easy,hmax2,brick,wall_11,13.7,43.8,79.0,19.5,5.5,10.0,3,28.2,14.6,0.0,40.9,46.5,0.4259,54,0,23,12,8,40,"long_axis_bearing_deg = bearing of the item's LONG side in world, counter-clockwise from +X, in [0,180). Place by this, not by yaw. yaw_deg is the MuJoCo local-frame rotation and its meaning differs between bricks (long side on local X) and blocks (long side on local Y).","every bar uses the wall_10/wall_11 ArUco mounting; wall_9 is excluded (tag rotated 90 deg, 19.0 cm not 19.5)"
easy_047,easy,hmax2,brick,wall_12,13.7,20.6,109.2,19.5,5.5,10.0,3,28.2,14.6,0.0,40.9,46.5,0.4259,54,0,23,12,8,40,"long_axis_bearing_deg = bearing of the item's LONG side in world, counter-clockwise from +X, in [0,180). Place by this, not by yaw. yaw_deg is the MuJoCo local-frame rotation and its meaning differs between bricks (long side on local X) and blocks (long side on local Y).","every bar uses the wall_10/wall_11 ArUco mounting; wall_9 is excluded (tag rotated 90 deg, 19.0 cm not 19.5)"
easy_047,easy,hmax2,block,obj_4,22.7,26.0,1.0,12.0,7.5,5.0,3,28.2,14.6,0.0,40.9,46.5,0.4259,54,0,23,12,8,40,"long_axis_bearing_deg = bearing of the item's LONG side in world, counter-clockwise from +X, in [0,180). Place by this, not by yaw. yaw_deg is the MuJoCo local-frame rotation and its meaning differs between bricks (long side on local X) and blocks (long side on local Y).","every bar uses the wall_10/wall_11 ArUco mounting; wall_9 is excluded (tag rotated 90 deg, 19.0 cm not 19.5)"
easy_048,easy,hmax2,brick,wall_10,10.0,41.9,172.3,19.5,5.5,10.0,1,28.5,12.5,0.0,22.0,68.9,0.6111,108,66,0,24,15,21,"long_axis_bearing_deg = bearing of the item's LONG side in world, counter-clockwise from +X, in [0,180). Place by this, not by yaw. yaw_deg is the MuJoCo local-frame rotation and its meaning differs between bricks (long side on local X) and blocks (long side on local Y).","every bar uses the wall_10/wall_11 ArUco mounting; wall_9 is excluded (tag rotated 90 deg, 19.0 cm not 19.5)"
easy_048,easy,hmax2,block,obj_1,35.3,40.1,14.6,15.0,7.0,4.0,1,28.5,12.5,0.0,22.0,68.9,0.6111,108,66,0,24,15,21,"long_axis_bearing_deg = bearing of the item's LONG side in world, counter-clockwise from +X, in [0,180). Place by this, not by yaw. yaw_deg is the MuJoCo local-frame rotation and its meaning differs between bricks (long side on local X) and blocks (long side on local Y).","every bar uses the wall_10/wall_11 ArUco mounting; wall_9 is excluded (tag rotated 90 deg, 19.0 cm not 19.5)"
easy_049,easy,hmax2,brick,wall_10,38.9,43.8,10.4,19.5,5.5,10.0,1,34.5,32.2,0.0,39.7,60.7,0.7983,119,95,0,28,26,6,"long_axis_bearing_deg = bearing of the item's LONG side in world, counter-clockwise from +X, in [0,180). Place by this, not by yaw. yaw_deg is the MuJoCo local-frame rotation and its meaning differs between bricks (long side on local X) and blocks (long side on local Y).","every bar uses the wall_10/wall_11 ArUco mounting; wall_9 is excluded (tag rotated 90 deg, 19.0 cm not 19.5)"
easy_049,easy,hmax2,block,obj_4,14.7,45.3,23.6,12.0,7.5,5.0,1,34.5,32.2,0.0,39.7,60.7,0.7983,119,95,0,28,26,6,"long_axis_bearing_deg = bearing of the item's LONG side in world, counter-clockwise from +X, in [0,180). Place by this, not by yaw. yaw_deg is the MuJoCo local-frame rotation and its meaning differs between bricks (long side on local X) and blocks (long side on local Y).","every bar uses the wall_10/wall_11 ArUco mounting; wall_9 is excluded (tag rotated 90 deg, 19.0 cm not 19.5)"
easy_050,easy,hmax2,brick,wall_10,38.9,37.6,169.6,19.5,5.5,10.0,2,33.3,13.9,0.0,37.0,54.4,0.3222,90,0,29,26,5,29,"long_axis_bearing_deg = bearing of the item's LONG side in world, counter-clockwise from +X, in [0,180). Place by this, not by yaw. yaw_deg is the MuJoCo local-frame rotation and its meaning differs between bricks (long side on local X) and blocks (long side on local Y).","every bar uses the wall_10/wall_11 ArUco mounting; wall_9 is excluded (tag rotated 90 deg, 19.0 cm not 19.5)"
easy_050,easy,hmax2,brick,wall_11,13.6,44.3,73.5,19.5,5.5,10.0,2,33.3,13.9,0.0,37.0,54.4,0.3222,90,0,29,26,5,29,"long_axis_bearing_deg = bearing of the item's LONG side in world, counter-clockwise from +X, in [0,180). Place by this, not by yaw. yaw_deg is the MuJoCo local-frame rotation and its meaning differs between bricks (long side on local X) and blocks (long side on local Y).","every bar uses the wall_10/wall_11 ArUco mounting; wall_9 is excluded (tag rotated 90 deg, 19.0 cm not 19.5)"
easy_050,easy,hmax2,block,obj_1,19.6,34.9,50.9,15.0,7.0,4.0,2,33.3,13.9,0.0,37.0,54.4,0.3222,90,0,29,26,5,29,"long_axis_bearing_deg = bearing of the item's LONG side in world, counter-clockwise from +X, in [0,180). Place by this, not by yaw. yaw_deg is the MuJoCo local-frame rotation and its meaning differs between bricks (long side on local X) and blocks (long side on local Y).","every bar uses the wall_10/wall_11 ArUco mounting; wall_9 is excluded (tag rotated 90 deg, 19.0 cm not 19.5)"
easy_051,easy,hmax2,brick,wall_10,10.0,33.0,174.3,19.5,5.5,10.0,2,16.8,6.4,0.0,20.5,64.3,0.3229,96,0,31,25,10,25,"long_axis_bearing_deg = bearing of the item's LONG side in world, counter-clockwise from +X, in [0,180). Place by this, not by yaw. yaw_deg is the MuJoCo local-frame rotation and its meaning differs between bricks (long side on local X) and blocks (long side on local Y).","every bar uses the wall_10/wall_11 ArUco mounting; wall_9 is excluded (tag rotated 90 deg, 19.0 cm not 19.5)"
easy_051,easy,hmax2,brick,wall_11,35.7,42.6,104.5,19.5,5.5,10.0,2,16.8,6.4,0.0,20.5,64.3,0.3229,96,0,31,25,10,25,"long_axis_bearing_deg = bearing of the item's LONG side in world, counter-clockwise from +X, in [0,180). Place by this, not by yaw. yaw_deg is the MuJoCo local-frame rotation and its meaning differs between bricks (long side on local X) and blocks (long side on local Y).","every bar uses the wall_10/wall_11 ArUco mounting; wall_9 is excluded (tag rotated 90 deg, 19.0 cm not 19.5)"
easy_051,easy,hmax2,block,obj_4,24.2,29.2,64.7,12.0,7.5,5.0,2,16.8,6.4,0.0,20.5,64.3,0.3229,96,0,31,25,10,25,"long_axis_bearing_deg = bearing of the item's LONG side in world, counter-clockwise from +X, in [0,180). Place by this, not by yaw. yaw_deg is the MuJoCo local-frame rotation and its meaning differs between bricks (long side on local X) and blocks (long side on local Y).","every bar uses the wall_10/wall_11 ArUco mounting; wall_9 is excluded (tag rotated 90 deg, 19.0 cm not 19.5)"
easy_052,easy,hmax2,brick,wall_10,38.9,40.5,8.7,19.5,5.5,10.0,3,36.6,28.8,0.0,31.8,61.7,0.44,50,22,0,10,12,38,"long_axis_bearing_deg = bearing of the item's LONG side in world, counter-clockwise from +X, in [0,180). Place by this, not by yaw. yaw_deg is the MuJoCo local-frame rotation and its meaning differs between bricks (long side on local X) and blocks (long side on local Y).","every bar uses the wall_10/wall_11 ArUco mounting; wall_9 is excluded (tag rotated 90 deg, 19.0 cm not 19.5)"
easy_052,easy,hmax2,brick,wall_11,12.9,52.8,72.0,19.5,5.5,10.0,3,36.6,28.8,0.0,31.8,61.7,0.44,50,22,0,10,12,38,"long_axis_bearing_deg = bearing of the item's LONG side in world, counter-clockwise from +X, in [0,180). Place by this, not by yaw. yaw_deg is the MuJoCo local-frame rotation and its meaning differs between bricks (long side on local X) and blocks (long side on local Y).","every bar uses the wall_10/wall_11 ArUco mounting; wall_9 is excluded (tag rotated 90 deg, 19.0 cm not 19.5)"
easy_052,easy,hmax2,brick,wall_12,12.9,28.0,98.1,19.5,5.5,10.0,3,36.6,28.8,0.0,31.8,61.7,0.44,50,22,0,10,12,38,"long_axis_bearing_deg = bearing of the item's LONG side in world, counter-clockwise from +X, in [0,180). Place by this, not by yaw. yaw_deg is the MuJoCo local-frame rotation and its meaning differs between bricks (long side on local X) and blocks (long side on local Y).","every bar uses the wall_10/wall_11 ArUco mounting; wall_9 is excluded (tag rotated 90 deg, 19.0 cm not 19.5)"
easy_052,easy,hmax2,block,obj_1,20.6,44.9,89.2,15.0,7.0,4.0,3,36.6,28.8,0.0,31.8,61.7,0.44,50,22,0,10,12,38,"long_axis_bearing_deg = bearing of the item's LONG side in world, counter-clockwise from +X, in [0,180). Place by this, not by yaw. yaw_deg is the MuJoCo local-frame rotation and its meaning differs between bricks (long side on local X) and blocks (long side on local Y).","every bar uses the wall_10/wall_11 ArUco mounting; wall_9 is excluded (tag rotated 90 deg, 19.0 cm not 19.5)"
easy_053,easy,hmax2,brick,wall_10,39.0,40.6,5.9,19.5,5.5,10.0,3,7.3,6.4,0.0,6.3,62.7,0.45,20,9,0,4,12,44,"long_axis_bearing_deg = bearing of the item's LONG side in world, counter-clockwise from +X, in [0,180). Place by this, not by yaw. yaw_deg is the MuJoCo local-frame rotation and its meaning differs between bricks (long side on local X) and blocks (long side on local Y).","every bar uses the wall_10/wall_11 ArUco mounting; wall_9 is excluded (tag rotated 90 deg, 19.0 cm not 19.5)"
easy_053,easy,hmax2,brick,wall_11,13.7,51.7,75.0,19.5,5.5,10.0,3,7.3,6.4,0.0,6.3,62.7,0.45,20,9,0,4,12,44,"long_axis_bearing_deg = bearing of the item's LONG side in world, counter-clockwise from +X, in [0,180). Place by this, not by yaw. yaw_deg is the MuJoCo local-frame rotation and its meaning differs between bricks (long side on local X) and blocks (long side on local Y).","every bar uses the wall_10/wall_11 ArUco mounting; wall_9 is excluded (tag rotated 90 deg, 19.0 cm not 19.5)"
easy_053,easy,hmax2,brick,wall_12,13.7,28.5,86.8,19.5,5.5,10.0,3,7.3,6.4,0.0,6.3,62.7,0.45,20,9,0,4,12,44,"long_axis_bearing_deg = bearing of the item's LONG side in world, counter-clockwise from +X, in [0,180). Place by this, not by yaw. yaw_deg is the MuJoCo local-frame rotation and its meaning differs between bricks (long side on local X) and blocks (long side on local Y).","every bar uses the wall_10/wall_11 ArUco mounting; wall_9 is excluded (tag rotated 90 deg, 19.0 cm not 19.5)"
easy_053,easy,hmax2,block,obj_4,20.3,44.6,83.3,12.0,7.5,5.0,3,7.3,6.4,0.0,6.3,62.7,0.45,20,9,0,4,12,44,"long_axis_bearing_deg = bearing of the item's LONG side in world, counter-clockwise from +X, in [0,180). Place by this, not by yaw. yaw_deg is the MuJoCo local-frame rotation and its meaning differs between bricks (long side on local X) and blocks (long side on local Y).","every bar uses the wall_10/wall_11 ArUco mounting; wall_9 is excluded (tag rotated 90 deg, 19.0 cm not 19.5)"
easy_054,easy,hmax2,brick,wall_10,39.1,40.4,4.2,19.5,5.5,10.0,1,15.7,10.9,0.0,41.5,64.2,0.6174,115,71,0,21,15,24,"long_axis_bearing_deg = bearing of the item's LONG side in world, counter-clockwise from +X, in [0,180). Place by this, not by yaw. yaw_deg is the MuJoCo local-frame rotation and its meaning differs between bricks (long side on local X) and blocks (long side on local Y).","every bar uses the wall_10/wall_11 ArUco mounting; wall_9 is excluded (tag rotated 90 deg, 19.0 cm not 19.5)"
easy_054,easy,hmax2,block,obj_1,13.9,38.2,168.2,15.0,7.0,4.0,1,15.7,10.9,0.0,41.5,64.2,0.6174,115,71,0,21,15,24,"long_axis_bearing_deg = bearing of the item's LONG side in world, counter-clockwise from +X, in [0,180). Place by this, not by yaw. yaw_deg is the MuJoCo local-frame rotation and its meaning differs between bricks (long side on local X) and blocks (long side on local Y).","every bar uses the wall_10/wall_11 ArUco mounting; wall_9 is excluded (tag rotated 90 deg, 19.0 cm not 19.5)"
easy_055,easy,hmax2,brick,wall_10,38.9,31.4,170.8,19.5,5.5,10.0,1,37.6,11.3,0.0,23.8,46.5,0.8056,108,87,0,25,24,11,"long_axis_bearing_deg = bearing of the item's LONG side in world, counter-clockwise from +X, in [0,180). Place by this, not by yaw. yaw_deg is the MuJoCo local-frame rotation and its meaning differs between bricks (long side on local X) and blocks (long side on local Y).","every bar uses the wall_10/wall_11 ArUco mounting; wall_9 is excluded (tag rotated 90 deg, 19.0 cm not 19.5)"
easy_055,easy,hmax2,block,obj_4,14.4,27.7,15.7,12.0,7.5,5.0,1,37.6,11.3,0.0,23.8,46.5,0.8056,108,87,0,25,24,11,"long_axis_bearing_deg = bearing of the item's LONG side in world, counter-clockwise from +X, in [0,180). Place by this, not by yaw. yaw_deg is the MuJoCo local-frame rotation and its meaning differs between bricks (long side on local X) and blocks (long side on local Y).","every bar uses the wall_10/wall_11 ArUco mounting; wall_9 is excluded (tag rotated 90 deg, 19.0 cm not 19.5)"
easy_056,easy,hmax2,brick,wall_10,38.9,47.5,170.7,19.5,5.5,10.0,2,29.9,9.5,0.0,25.7,66.2,0.3237,139,0,45,30,0,30,"long_axis_bearing_deg = bearing of the item's LONG side in world, counter-clockwise from +X, in [0,180). Place by this, not by yaw. yaw_deg is the MuJoCo local-frame rotation and its meaning differs between bricks (long side on local X) and blocks (long side on local Y).","every bar uses the wall_10/wall_11 ArUco mounting; wall_9 is excluded (tag rotated 90 deg, 19.0 cm not 19.5)"
easy_056,easy,hmax2,brick,wall_11,13.6,60.0,80.9,19.5,5.5,10.0,2,29.9,9.5,0.0,25.7,66.2,0.3237,139,0,45,30,0,30,"long_axis_bearing_deg = bearing of the item's LONG side in world, counter-clockwise from +X, in [0,180). Place by this, not by yaw. yaw_deg is the MuJoCo local-frame rotation and its meaning differs between bricks (long side on local X) and blocks (long side on local Y).","every bar uses the wall_10/wall_11 ArUco mounting; wall_9 is excluded (tag rotated 90 deg, 19.0 cm not 19.5)"
easy_056,easy,hmax2,block,obj_1,19.1,44.9,40.2,15.0,7.0,4.0,2,29.9,9.5,0.0,25.7,66.2,0.3237,139,0,45,30,0,30,"long_axis_bearing_deg = bearing of the item's LONG side in world, counter-clockwise from +X, in [0,180). Place by this, not by yaw. yaw_deg is the MuJoCo local-frame rotation and its meaning differs between bricks (long side on local X) and blocks (long side on local Y).","every bar uses the wall_10/wall_11 ArUco mounting; wall_9 is excluded (tag rotated 90 deg, 19.0 cm not 19.5)"
easy_057,easy,hmax2,brick,wall_10,39.0,42.1,7.5,19.5,5.5,10.0,2,13.6,14.1,0.0,8.2,63.2,0.3233,133,0,43,29,3,28,"long_axis_bearing_deg = bearing of the item's LONG side in world, counter-clockwise from +X, in [0,180). Place by this, not by yaw. yaw_deg is the MuJoCo local-frame rotation and its meaning differs between bricks (long side on local X) and blocks (long side on local Y).","every bar uses the wall_10/wall_11 ArUco mounting; wall_9 is excluded (tag rotated 90 deg, 19.0 cm not 19.5)"
easy_057,easy,hmax2,brick,wall_11,14.4,54.1,72.2,19.5,5.5,10.0,2,13.6,14.1,0.0,8.2,63.2,0.3233,133,0,43,29,3,28,"long_axis_bearing_deg = bearing of the item's LONG side in world, counter-clockwise from +X, in [0,180). Place by this, not by yaw. yaw_deg is the MuJoCo local-frame rotation and its meaning differs between bricks (long side on local X) and blocks (long side on local Y).","every bar uses the wall_10/wall_11 ArUco mounting; wall_9 is excluded (tag rotated 90 deg, 19.0 cm not 19.5)"
easy_057,easy,hmax2,block,obj_4,21.4,37.5,38.4,12.0,7.5,5.0,2,13.6,14.1,0.0,8.2,63.2,0.3233,133,0,43,29,3,28,"long_axis_bearing_deg = bearing of the item's LONG side in world, counter-clockwise from +X, in [0,180). Place by this, not by yaw. yaw_deg is the MuJoCo local-frame rotation and its meaning differs between bricks (long side on local X) and blocks (long side on local Y).","every bar uses the wall_10/wall_11 ArUco mounting; wall_9 is excluded (tag rotated 90 deg, 19.0 cm not 19.5)"
easy_058,easy,hmax2,brick,wall_10,10.1,34.2,171.1,19.5,5.5,10.0,3,16.4,6.4,0.0,10.7,66.1,0.4545,11,0,5,6,19,35,"long_axis_bearing_deg = bearing of the item's LONG side in world, counter-clockwise from +X, in [0,180). Place by this, not by yaw. yaw_deg is the MuJoCo local-frame rotation and its meaning differs between bricks (long side on local X) and blocks (long side on local Y).","every bar uses the wall_10/wall_11 ArUco mounting; wall_9 is excluded (tag rotated 90 deg, 19.0 cm not 19.5)"
easy_058,easy,hmax2,brick,wall_11,35.7,47.0,105.5,19.5,5.5,10.0,3,16.4,6.4,0.0,10.7,66.1,0.4545,11,0,5,6,19,35,"long_axis_bearing_deg = bearing of the item's LONG side in world, counter-clockwise from +X, in [0,180). Place by this, not by yaw. yaw_deg is the MuJoCo local-frame rotation and its meaning differs between bricks (long side on local X) and blocks (long side on local Y).","every bar uses the wall_10/wall_11 ArUco mounting; wall_9 is excluded (tag rotated 90 deg, 19.0 cm not 19.5)"
easy_058,easy,hmax2,brick,wall_12,35.7,24.4,80.7,19.5,5.5,10.0,3,16.4,6.4,0.0,10.7,66.1,0.4545,11,0,5,6,19,35,"long_axis_bearing_deg = bearing of the item's LONG side in world, counter-clockwise from +X, in [0,180). Place by this, not by yaw. yaw_deg is the MuJoCo local-frame rotation and its meaning differs between bricks (long side on local X) and blocks (long side on local Y).","every bar uses the wall_10/wall_11 ArUco mounting; wall_9 is excluded (tag rotated 90 deg, 19.0 cm not 19.5)"
easy_058,easy,hmax2,block,obj_1,24.0,36.6,117.8,15.0,7.0,4.0,3,16.4,6.4,0.0,10.7,66.1,0.4545,11,0,5,6,19,35,"long_axis_bearing_deg = bearing of the item's LONG side in world, counter-clockwise from +X, in [0,180). Place by this, not by yaw. yaw_deg is the MuJoCo local-frame rotation and its meaning differs between bricks (long side on local X) and blocks (long side on local Y).","every bar uses the wall_10/wall_11 ArUco mounting; wall_9 is excluded (tag rotated 90 deg, 19.0 cm not 19.5)"
easy_059,easy,hmax2,brick,wall_10,10.0,35.3,5.8,19.5,5.5,10.0,3,12.8,13.1,0.0,33.2,65.0,0.451,51,23,0,15,18,27,"long_axis_bearing_deg = bearing of the item's LONG side in world, counter-clockwise from +X, in [0,180). Place by this, not by yaw. yaw_deg is the MuJoCo local-frame rotation and its meaning differs between bricks (long side on local X) and blocks (long side on local Y).","every bar uses the wall_10/wall_11 ArUco mounting; wall_9 is excluded (tag rotated 90 deg, 19.0 cm not 19.5)"
easy_059,easy,hmax2,brick,wall_11,35.0,47.2,89.6,19.5,5.5,10.0,3,12.8,13.1,0.0,33.2,65.0,0.451,51,23,0,15,18,27,"long_axis_bearing_deg = bearing of the item's LONG side in world, counter-clockwise from +X, in [0,180). Place by this, not by yaw. yaw_deg is the MuJoCo local-frame rotation and its meaning differs between bricks (long side on local X) and blocks (long side on local Y).","every bar uses the wall_10/wall_11 ArUco mounting; wall_9 is excluded (tag rotated 90 deg, 19.0 cm not 19.5)"
easy_059,easy,hmax2,brick,wall_12,35.0,24.1,73.8,19.5,5.5,10.0,3,12.8,13.1,0.0,33.2,65.0,0.451,51,23,0,15,18,27,"long_axis_bearing_deg = bearing of the item's LONG side in world, counter-clockwise from +X, in [0,180). Place by this, not by yaw. yaw_deg is the MuJoCo local-frame rotation and its meaning differs between bricks (long side on local X) and blocks (long side on local Y).","every bar uses the wall_10/wall_11 ArUco mounting; wall_9 is excluded (tag rotated 90 deg, 19.0 cm not 19.5)"
easy_059,easy,hmax2,block,obj_4,24.8,39.2,91.7,12.0,7.5,5.0,3,12.8,13.1,0.0,33.2,65.0,0.451,51,23,0,15,18,27,"long_axis_bearing_deg = bearing of the item's LONG side in world, counter-clockwise from +X, in [0,180). Place by this, not by yaw. yaw_deg is the MuJoCo local-frame rotation and its meaning differs between bricks (long side on local X) and blocks (long side on local Y).","every bar uses the wall_10/wall_11 ArUco mounting; wall_9 is excluded (tag rotated 90 deg, 19.0 cm not 19.5)"
easy_060,easy,hmax2,brick,wall_10,9.9,43.1,176.0,19.5,5.5,10.0,1,39.1,26.7,0.0,15.9,59.3,0.6267,75,47,0,15,17,28,"long_axis_bearing_deg = bearing of the item's LONG side in world, counter-clockwise from +X, in [0,180). Place by this, not by yaw. yaw_deg is the MuJoCo local-frame rotation and its meaning differs between bricks (long side on local X) and blocks (long side on local Y).","every bar uses the wall_10/wall_11 ArUco mounting; wall_9 is excluded (tag rotated 90 deg, 19.0 cm not 19.5)"
easy_060,easy,hmax2,block,obj_1,35.2,46.0,177.8,15.0,7.0,4.0,1,39.1,26.7,0.0,15.9,59.3,0.6267,75,47,0,15,17,28,"long_axis_bearing_deg = bearing of the item's LONG side in world, counter-clockwise from +X, in [0,180). Place by this, not by yaw. yaw_deg is the MuJoCo local-frame rotation and its meaning differs between bricks (long side on local X) and blocks (long side on local Y).","every bar uses the wall_10/wall_11 ArUco mounting; wall_9 is excluded (tag rotated 90 deg, 19.0 cm not 19.5)"
easy_061,easy,hmax2,brick,wall_10,39.0,47.6,174.5,19.5,5.5,10.0,1,23.7,17.6,0.0,21.3,71.1,0.8056,108,87,0,26,25,9,"long_axis_bearing_deg = bearing of the item's LONG side in world, counter-clockwise from +X, in [0,180). Place by this, not by yaw. yaw_deg is the MuJoCo local-frame rotation and its meaning differs between bricks (long side on local X) and blocks (long side on local Y).","every bar uses the wall_10/wall_11 ArUco mounting; wall_9 is excluded (tag rotated 90 deg, 19.0 cm not 19.5)"
easy_061,easy,hmax2,block,obj_4,14.6,44.5,16.9,12.0,7.5,5.0,1,23.7,17.6,0.0,21.3,71.1,0.8056,108,87,0,26,25,9,"long_axis_bearing_deg = bearing of the item's LONG side in world, counter-clockwise from +X, in [0,180). Place by this, not by yaw. yaw_deg is the MuJoCo local-frame rotation and its meaning differs between bricks (long side on local X) and blocks (long side on local Y).","every bar uses the wall_10/wall_11 ArUco mounting; wall_9 is excluded (tag rotated 90 deg, 19.0 cm not 19.5)"
easy_062,easy,hmax2,brick,wall_10,39.1,38.4,3.5,19.5,5.5,10.0,2,14.6,6.4,0.0,33.3,56.1,0.3247,77,0,25,21,6,33,"long_axis_bearing_deg = bearing of the item's LONG side in world, counter-clockwise from +X, in [0,180). Place by this, not by yaw. yaw_deg is the MuJoCo local-frame rotation and its meaning differs between bricks (long side on local X) and blocks (long side on local Y).","every bar uses the wall_10/wall_11 ArUco mounting; wall_9 is excluded (tag rotated 90 deg, 19.0 cm not 19.5)"
easy_062,easy,hmax2,brick,wall_11,14.3,49.4,70.1,19.5,5.5,10.0,2,14.6,6.4,0.0,33.3,56.1,0.3247,77,0,25,21,6,33,"long_axis_bearing_deg = bearing of the item's LONG side in world, counter-clockwise from +X, in [0,180). Place by this, not by yaw. yaw_deg is the MuJoCo local-frame rotation and its meaning differs between bricks (long side on local X) and blocks (long side on local Y).","every bar uses the wall_10/wall_11 ArUco mounting; wall_9 is excluded (tag rotated 90 deg, 19.0 cm not 19.5)"
easy_062,easy,hmax2,block,obj_1,22.7,39.7,116.9,15.0,7.0,4.0,2,14.6,6.4,0.0,33.3,56.1,0.3247,77,0,25,21,6,33,"long_axis_bearing_deg = bearing of the item's LONG side in world, counter-clockwise from +X, in [0,180). Place by this, not by yaw. yaw_deg is the MuJoCo local-frame rotation and its meaning differs between bricks (long side on local X) and blocks (long side on local Y).","every bar uses the wall_10/wall_11 ArUco mounting; wall_9 is excluded (tag rotated 90 deg, 19.0 cm not 19.5)"
easy_063,easy,hmax2,brick,wall_10,10.1,39.3,9.1,19.5,5.5,10.0,2,35.3,21.5,0.0,13.7,59.0,0.3235,34,6,5,7,15,38,"long_axis_bearing_deg = bearing of the item's LONG side in world, counter-clockwise from +X, in [0,180). Place by this, not by yaw. yaw_deg is the MuJoCo local-frame rotation and its meaning differs between bricks (long side on local X) and blocks (long side on local Y).","every bar uses the wall_10/wall_11 ArUco mounting; wall_9 is excluded (tag rotated 90 deg, 19.0 cm not 19.5)"
easy_063,easy,hmax2,brick,wall_11,36.1,45.9,102.3,19.5,5.5,10.0,2,35.3,21.5,0.0,13.7,59.0,0.3235,34,6,5,7,15,38,"long_axis_bearing_deg = bearing of the item's LONG side in world, counter-clockwise from +X, in [0,180). Place by this, not by yaw. yaw_deg is the MuJoCo local-frame rotation and its meaning differs between bricks (long side on local X) and blocks (long side on local Y).","every bar uses the wall_10/wall_11 ArUco mounting; wall_9 is excluded (tag rotated 90 deg, 19.0 cm not 19.5)"
easy_063,easy,hmax2,block,obj_4,27.9,42.8,116.5,12.0,7.5,5.0,2,35.3,21.5,0.0,13.7,59.0,0.3235,34,6,5,7,15,38,"long_axis_bearing_deg = bearing of the item's LONG side in world, counter-clockwise from +X, in [0,180). Place by this, not by yaw. yaw_deg is the MuJoCo local-frame rotation and its meaning differs between bricks (long side on local X) and blocks (long side on local Y).","every bar uses the wall_10/wall_11 ArUco mounting; wall_9 is excluded (tag rotated 90 deg, 19.0 cm not 19.5)"
easy_064,easy,hmax2,brick,wall_10,39.1,32.9,176.9,19.5,5.5,10.0,3,31.0,7.6,0.0,40.2,62.6,0.4643,56,0,26,12,8,40,"long_axis_bearing_deg = bearing of the item's LONG side in world, counter-clockwise from +X, in [0,180). Place by this, not by yaw. yaw_deg is the MuJoCo local-frame rotation and its meaning differs between bricks (long side on local X) and blocks (long side on local Y).","every bar uses the wall_10/wall_11 ArUco mounting; wall_9 is excluded (tag rotated 90 deg, 19.0 cm not 19.5)"
easy_064,easy,hmax2,brick,wall_11,13.3,43.7,79.1,19.5,5.5,10.0,3,31.0,7.6,0.0,40.2,62.6,0.4643,56,0,26,12,8,40,"long_axis_bearing_deg = bearing of the item's LONG side in world, counter-clockwise from +X, in [0,180). Place by this, not by yaw. yaw_deg is the MuJoCo local-frame rotation and its meaning differs between bricks (long side on local X) and blocks (long side on local Y).","every bar uses the wall_10/wall_11 ArUco mounting; wall_9 is excluded (tag rotated 90 deg, 19.0 cm not 19.5)"
easy_064,easy,hmax2,brick,wall_12,13.3,22.0,106.5,19.5,5.5,10.0,3,31.0,7.6,0.0,40.2,62.6,0.4643,56,0,26,12,8,40,"long_axis_bearing_deg = bearing of the item's LONG side in world, counter-clockwise from +X, in [0,180). Place by this, not by yaw. yaw_deg is the MuJoCo local-frame rotation and its meaning differs between bricks (long side on local X) and blocks (long side on local Y).","every bar uses the wall_10/wall_11 ArUco mounting; wall_9 is excluded (tag rotated 90 deg, 19.0 cm not 19.5)"
easy_064,easy,hmax2,block,obj_1,20.8,28.3,94.9,15.0,7.0,4.0,3,31.0,7.6,0.0,40.2,62.6,0.4643,56,0,26,12,8,40,"long_axis_bearing_deg = bearing of the item's LONG side in world, counter-clockwise from +X, in [0,180). Place by this, not by yaw. yaw_deg is the MuJoCo local-frame rotation and its meaning differs between bricks (long side on local X) and blocks (long side on local Y).","every bar uses the wall_10/wall_11 ArUco mounting; wall_9 is excluded (tag rotated 90 deg, 19.0 cm not 19.5)"
easy_065,easy,hmax2,brick,wall_10,39.1,46.2,4.7,19.5,5.5,10.0,3,33.3,30.8,0.0,41.7,65.8,0.48,50,0,24,15,5,40,"long_axis_bearing_deg = bearing of the item's LONG side in world, counter-clockwise from +X, in [0,180). Place by this, not by yaw. yaw_deg is the MuJoCo local-frame rotation and its meaning differs between bricks (long side on local X) and blocks (long side on local Y).","every bar uses the wall_10/wall_11 ArUco mounting; wall_9 is excluded (tag rotated 90 deg, 19.0 cm not 19.5)"
easy_065,easy,hmax2,brick,wall_11,13.4,57.8,77.7,19.5,5.5,10.0,3,33.3,30.8,0.0,41.7,65.8,0.48,50,0,24,15,5,40,"long_axis_bearing_deg = bearing of the item's LONG side in world, counter-clockwise from +X, in [0,180). Place by this, not by yaw. yaw_deg is the MuJoCo local-frame rotation and its meaning differs between bricks (long side on local X) and blocks (long side on local Y).","every bar uses the wall_10/wall_11 ArUco mounting; wall_9 is excluded (tag rotated 90 deg, 19.0 cm not 19.5)"
easy_065,easy,hmax2,brick,wall_12,13.4,33.9,88.0,19.5,5.5,10.0,3,33.3,30.8,0.0,41.7,65.8,0.48,50,0,24,15,5,40,"long_axis_bearing_deg = bearing of the item's LONG side in world, counter-clockwise from +X, in [0,180). Place by this, not by yaw. yaw_deg is the MuJoCo local-frame rotation and its meaning differs between bricks (long side on local X) and blocks (long side on local Y).","every bar uses the wall_10/wall_11 ArUco mounting; wall_9 is excluded (tag rotated 90 deg, 19.0 cm not 19.5)"
easy_065,easy,hmax2,block,obj_4,21.0,46.1,112.4,12.0,7.5,5.0,3,33.3,30.8,0.0,41.7,65.8,0.48,50,0,24,15,5,40,"long_axis_bearing_deg = bearing of the item's LONG side in world, counter-clockwise from +X, in [0,180). Place by this, not by yaw. yaw_deg is the MuJoCo local-frame rotation and its meaning differs between bricks (long side on local X) and blocks (long side on local Y).","every bar uses the wall_10/wall_11 ArUco mounting; wall_9 is excluded (tag rotated 90 deg, 19.0 cm not 19.5)"
easy_066,easy,hmax2,brick,wall_10,39.0,32.3,174.8,19.5,5.5,10.0,1,35.3,18.4,0.0,18.9,68.9,0.6339,112,71,0,28,19,13,"long_axis_bearing_deg = bearing of the item's LONG side in world, counter-clockwise from +X, in [0,180). Place by this, not by yaw. yaw_deg is the MuJoCo local-frame rotation and its meaning differs between bricks (long side on local X) and blocks (long side on local Y).","every bar uses the wall_10/wall_11 ArUco mounting; wall_9 is excluded (tag rotated 90 deg, 19.0 cm not 19.5)"
easy_066,easy,hmax2,block,obj_1,16.4,35.1,16.2,15.0,7.0,4.0,1,35.3,18.4,0.0,18.9,68.9,0.6339,112,71,0,28,19,13,"long_axis_bearing_deg = bearing of the item's LONG side in world, counter-clockwise from +X, in [0,180). Place by this, not by yaw. yaw_deg is the MuJoCo local-frame rotation and its meaning differs between bricks (long side on local X) and blocks (long side on local Y).","every bar uses the wall_10/wall_11 ArUco mounting; wall_9 is excluded (tag rotated 90 deg, 19.0 cm not 19.5)"
easy_067,easy,hmax2,brick,wall_10,39.0,44.3,5.3,19.5,5.5,10.0,1,27.0,24.9,0.0,32.7,65.4,0.8077,130,105,0,30,22,8,"long_axis_bearing_deg = bearing of the item's LONG side in world, counter-clockwise from +X, in [0,180). Place by this, not by yaw. yaw_deg is the MuJoCo local-frame rotation and its meaning differs between bricks (long side on local X) and blocks (long side on local Y).","every bar uses the wall_10/wall_11 ArUco mounting; wall_9 is excluded (tag rotated 90 deg, 19.0 cm not 19.5)"
easy_067,easy,hmax2,block,obj_4,15.2,44.2,21.3,12.0,7.5,5.0,1,27.0,24.9,0.0,32.7,65.4,0.8077,130,105,0,30,22,8,"long_axis_bearing_deg = bearing of the item's LONG side in world, counter-clockwise from +X, in [0,180). Place by this, not by yaw. yaw_deg is the MuJoCo local-frame rotation and its meaning differs between bricks (long side on local X) and blocks (long side on local Y).","every bar uses the wall_10/wall_11 ArUco mounting; wall_9 is excluded (tag rotated 90 deg, 19.0 cm not 19.5)"
easy_068,easy,hmax2,brick,wall_10,9.8,39.7,177.9,19.5,5.5,10.0,2,31.4,10.3,0.0,19.7,62.2,0.3253,83,1,26,23,9,28,"long_axis_bearing_deg = bearing of the item's LONG side in world, counter-clockwise from +X, in [0,180). Place by this, not by yaw. yaw_deg is the MuJoCo local-frame rotation and its meaning differs between bricks (long side on local X) and blocks (long side on local Y).","every bar uses the wall_10/wall_11 ArUco mounting; wall_9 is excluded (tag rotated 90 deg, 19.0 cm not 19.5)"
easy_068,easy,hmax2,brick,wall_11,35.2,48.0,107.0,19.5,5.5,10.0,2,31.4,10.3,0.0,19.7,62.2,0.3253,83,1,26,23,9,28,"long_axis_bearing_deg = bearing of the item's LONG side in world, counter-clockwise from +X, in [0,180). Place by this, not by yaw. yaw_deg is the MuJoCo local-frame rotation and its meaning differs between bricks (long side on local X) and blocks (long side on local Y).","every bar uses the wall_10/wall_11 ArUco mounting; wall_9 is excluded (tag rotated 90 deg, 19.0 cm not 19.5)"
easy_068,easy,hmax2,block,obj_1,28.4,38.1,134.6,15.0,7.0,4.0,2,31.4,10.3,0.0,19.7,62.2,0.3253,83,1,26,23,9,28,"long_axis_bearing_deg = bearing of the item's LONG side in world, counter-clockwise from +X, in [0,180). Place by this, not by yaw. yaw_deg is the MuJoCo local-frame rotation and its meaning differs between bricks (long side on local X) and blocks (long side on local Y).","every bar uses the wall_10/wall_11 ArUco mounting; wall_9 is excluded (tag rotated 90 deg, 19.0 cm not 19.5)"
easy_069,easy,hmax2,brick,wall_10,39.1,40.8,3.4,19.5,5.5,10.0,2,32.6,15.4,0.0,38.6,62.4,0.3243,111,0,36,28,9,23,"long_axis_bearing_deg = bearing of the item's LONG side in world, counter-clockwise from +X, in [0,180). Place by this, not by yaw. yaw_deg is the MuJoCo local-frame rotation and its meaning differs between bricks (long side on local X) and blocks (long side on local Y).","every bar uses the wall_10/wall_11 ArUco mounting; wall_9 is excluded (tag rotated 90 deg, 19.0 cm not 19.5)"
easy_069,easy,hmax2,brick,wall_11,13.3,52.9,71.9,19.5,5.5,10.0,2,32.6,15.4,0.0,38.6,62.4,0.3243,111,0,36,28,9,23,"long_axis_bearing_deg = bearing of the item's LONG side in world, counter-clockwise from +X, in [0,180). Place by this, not by yaw. yaw_deg is the MuJoCo local-frame rotation and its meaning differs between bricks (long side on local X) and blocks (long side on local Y).","every bar uses the wall_10/wall_11 ArUco mounting; wall_9 is excluded (tag rotated 90 deg, 19.0 cm not 19.5)"
easy_069,easy,hmax2,block,obj_4,20.7,38.5,9.2,12.0,7.5,5.0,2,32.6,15.4,0.0,38.6,62.4,0.3243,111,0,36,28,9,23,"long_axis_bearing_deg = bearing of the item's LONG side in world, counter-clockwise from +X, in [0,180). Place by this, not by yaw. yaw_deg is the MuJoCo local-frame rotation and its meaning differs between bricks (long side on local X) and blocks (long side on local Y).","every bar uses the wall_10/wall_11 ArUco mounting; wall_9 is excluded (tag rotated 90 deg, 19.0 cm not 19.5)"
easy_070,easy,hmax2,brick,wall_10,38.9,30.5,170.1,19.5,5.5,10.0,3,39.2,13.6,0.0,23.9,61.2,0.4783,69,0,33,15,8,37,"long_axis_bearing_deg = bearing of the item's LONG side in world, counter-clockwise from +X, in [0,180). Place by this, not by yaw. yaw_deg is the MuJoCo local-frame rotation and its meaning differs between bricks (long side on local X) and blocks (long side on local Y).","every bar uses the wall_10/wall_11 ArUco mounting; wall_9 is excluded (tag rotated 90 deg, 19.0 cm not 19.5)"
easy_070,easy,hmax2,brick,wall_11,14.3,42.3,74.9,19.5,5.5,10.0,3,39.2,13.6,0.0,23.9,61.2,0.4783,69,0,33,15,8,37,"long_axis_bearing_deg = bearing of the item's LONG side in world, counter-clockwise from +X, in [0,180). Place by this, not by yaw. yaw_deg is the MuJoCo local-frame rotation and its meaning differs between bricks (long side on local X) and blocks (long side on local Y).","every bar uses the wall_10/wall_11 ArUco mounting; wall_9 is excluded (tag rotated 90 deg, 19.0 cm not 19.5)"
easy_070,easy,hmax2,brick,wall_12,14.3,17.5,101.2,19.5,5.5,10.0,3,39.2,13.6,0.0,23.9,61.2,0.4783,69,0,33,15,8,37,"long_axis_bearing_deg = bearing of the item's LONG side in world, counter-clockwise from +X, in [0,180). Place by this, not by yaw. yaw_deg is the MuJoCo local-frame rotation and its meaning differs between bricks (long side on local X) and blocks (long side on local Y).","every bar uses the wall_10/wall_11 ArUco mounting; wall_9 is excluded (tag rotated 90 deg, 19.0 cm not 19.5)"
easy_070,easy,hmax2,block,obj_1,21.6,27.3,95.0,15.0,7.0,4.0,3,39.2,13.6,0.0,23.9,61.2,0.4783,69,0,33,15,8,37,"long_axis_bearing_deg = bearing of the item's LONG side in world, counter-clockwise from +X, in [0,180). Place by this, not by yaw. yaw_deg is the MuJoCo local-frame rotation and its meaning differs between bricks (long side on local X) and blocks (long side on local Y).","every bar uses the wall_10/wall_11 ArUco mounting; wall_9 is excluded (tag rotated 90 deg, 19.0 cm not 19.5)"
easy_071,easy,hmax2,brick,wall_10,38.9,45.1,170.5,19.5,5.5,10.0,3,23.5,13.1,0.0,28.6,64.2,0.4933,75,0,37,17,9,34,"long_axis_bearing_deg = bearing of the item's LONG side in world, counter-clockwise from +X, in [0,180). Place by this, not by yaw. yaw_deg is the MuJoCo local-frame rotation and its meaning differs between bricks (long side on local X) and blocks (long side on local Y).","every bar uses the wall_10/wall_11 ArUco mounting; wall_9 is excluded (tag rotated 90 deg, 19.0 cm not 19.5)"
easy_071,easy,hmax2,brick,wall_11,13.2,57.0,73.3,19.5,5.5,10.0,3,23.5,13.1,0.0,28.6,64.2,0.4933,75,0,37,17,9,34,"long_axis_bearing_deg = bearing of the item's LONG side in world, counter-clockwise from +X, in [0,180). Place by this, not by yaw. yaw_deg is the MuJoCo local-frame rotation and its meaning differs between bricks (long side on local X) and blocks (long side on local Y).","every bar uses the wall_10/wall_11 ArUco mounting; wall_9 is excluded (tag rotated 90 deg, 19.0 cm not 19.5)"
easy_071,easy,hmax2,brick,wall_12,13.2,35.0,93.7,19.5,5.5,10.0,3,23.5,13.1,0.0,28.6,64.2,0.4933,75,0,37,17,9,34,"long_axis_bearing_deg = bearing of the item's LONG side in world, counter-clockwise from +X, in [0,180). Place by this, not by yaw. yaw_deg is the MuJoCo local-frame rotation and its meaning differs between bricks (long side on local X) and blocks (long side on local Y).","every bar uses the wall_10/wall_11 ArUco mounting; wall_9 is excluded (tag rotated 90 deg, 19.0 cm not 19.5)"
easy_071,easy,hmax2,block,obj_4,21.7,42.2,99.0,12.0,7.5,5.0,3,23.5,13.1,0.0,28.6,64.2,0.4933,75,0,37,17,9,34,"long_axis_bearing_deg = bearing of the item's LONG side in world, counter-clockwise from +X, in [0,180). Place by this, not by yaw. yaw_deg is the MuJoCo local-frame rotation and its meaning differs between bricks (long side on local X) and blocks (long side on local Y).","every bar uses the wall_10/wall_11 ArUco mounting; wall_9 is excluded (tag rotated 90 deg, 19.0 cm not 19.5)"
easy_072,easy,hmax2,brick,wall_10,39.1,44.6,177.0,19.5,5.5,10.0,1,21.5,20.2,0.0,22.6,69.8,0.6356,118,75,0,26,15,19,"long_axis_bearing_deg = bearing of the item's LONG side in world, counter-clockwise from +X, in [0,180). Place by this, not by yaw. yaw_deg is the MuJoCo local-frame rotation and its meaning differs between bricks (long side on local X) and blocks (long side on local Y).","every bar uses the wall_10/wall_11 ArUco mounting; wall_9 is excluded (tag rotated 90 deg, 19.0 cm not 19.5)"
easy_072,easy,hmax2,block,obj_1,15.9,41.5,19.5,15.0,7.0,4.0,1,21.5,20.2,0.0,22.6,69.8,0.6356,118,75,0,26,15,19,"long_axis_bearing_deg = bearing of the item's LONG side in world, counter-clockwise from +X, in [0,180). Place by this, not by yaw. yaw_deg is the MuJoCo local-frame rotation and its meaning differs between bricks (long side on local X) and blocks (long side on local Y).","every bar uses the wall_10/wall_11 ArUco mounting; wall_9 is excluded (tag rotated 90 deg, 19.0 cm not 19.5)"
easy_073,easy,hmax2,brick,wall_10,38.9,37.0,168.0,19.5,5.5,10.0,1,26.8,8.4,0.0,11.5,67.5,0.8087,115,93,0,24,24,12,"long_axis_bearing_deg = bearing of the item's LONG side in world, counter-clockwise from +X, in [0,180). Place by this, not by yaw. yaw_deg is the MuJoCo local-frame rotation and its meaning differs between bricks (long side on local X) and blocks (long side on local Y).","every bar uses the wall_10/wall_11 ArUco mounting; wall_9 is excluded (tag rotated 90 deg, 19.0 cm not 19.5)"
easy_073,easy,hmax2,block,obj_4,14.5,35.5,11.5,12.0,7.5,5.0,1,26.8,8.4,0.0,11.5,67.5,0.8087,115,93,0,24,24,12,"long_axis_bearing_deg = bearing of the item's LONG side in world, counter-clockwise from +X, in [0,180). Place by this, not by yaw. yaw_deg is the MuJoCo local-frame rotation and its meaning differs between bricks (long side on local X) and blocks (long side on local Y).","every bar uses the wall_10/wall_11 ArUco mounting; wall_9 is excluded (tag rotated 90 deg, 19.0 cm not 19.5)"
easy_074,easy,hmax2,brick,wall_10,10.1,32.5,11.7,19.5,5.5,10.0,2,30.4,15.7,0.0,39.9,64.2,0.3263,95,0,31,25,2,33,"long_axis_bearing_deg = bearing of the item's LONG side in world, counter-clockwise from +X, in [0,180). Place by this, not by yaw. yaw_deg is the MuJoCo local-frame rotation and its meaning differs between bricks (long side on local X) and blocks (long side on local Y).","every bar uses the wall_10/wall_11 ArUco mounting; wall_9 is excluded (tag rotated 90 deg, 19.0 cm not 19.5)"
easy_074,easy,hmax2,brick,wall_11,34.3,41.6,109.7,19.5,5.5,10.0,2,30.4,15.7,0.0,39.9,64.2,0.3263,95,0,31,25,2,33,"long_axis_bearing_deg = bearing of the item's LONG side in world, counter-clockwise from +X, in [0,180). Place by this, not by yaw. yaw_deg is the MuJoCo local-frame rotation and its meaning differs between bricks (long side on local X) and blocks (long side on local Y).","every bar uses the wall_10/wall_11 ArUco mounting; wall_9 is excluded (tag rotated 90 deg, 19.0 cm not 19.5)"
easy_074,easy,hmax2,block,obj_1,28.4,31.5,133.9,15.0,7.0,4.0,2,30.4,15.7,0.0,39.9,64.2,0.3263,95,0,31,25,2,33,"long_axis_bearing_deg = bearing of the item's LONG side in world, counter-clockwise from +X, in [0,180). Place by this, not by yaw. yaw_deg is the MuJoCo local-frame rotation and its meaning differs between bricks (long side on local X) and blocks (long side on local Y).","every bar uses the wall_10/wall_11 ArUco mounting; wall_9 is excluded (tag rotated 90 deg, 19.0 cm not 19.5)"
easy_075,easy,hmax2,brick,wall_10,10.0,38.7,174.9,19.5,5.5,10.0,2,35.3,17.3,0.0,7.5,70.5,0.3281,64,21,0,15,11,34,"long_axis_bearing_deg = bearing of the item's LONG side in world, counter-clockwise from +X, in [0,180). Place by this, not by yaw. yaw_deg is the MuJoCo local-frame rotation and its meaning differs between bricks (long side on local X) and blocks (long side on local Y).","every bar uses the wall_10/wall_11 ArUco mounting; wall_9 is excluded (tag rotated 90 deg, 19.0 cm not 19.5)"
easy_075,easy,hmax2,brick,wall_11,35.7,47.2,105.1,19.5,5.5,10.0,2,35.3,17.3,0.0,7.5,70.5,0.3281,64,21,0,15,11,34,"long_axis_bearing_deg = bearing of the item's LONG side in world, counter-clockwise from +X, in [0,180). Place by this, not by yaw. yaw_deg is the MuJoCo local-frame rotation and its meaning differs between bricks (long side on local X) and blocks (long side on local Y).","every bar uses the wall_10/wall_11 ArUco mounting; wall_9 is excluded (tag rotated 90 deg, 19.0 cm not 19.5)"
easy_075,easy,hmax2,block,obj_4,28.0,41.0,93.1,12.0,7.5,5.0,2,35.3,17.3,0.0,7.5,70.5,0.3281,64,21,0,15,11,34,"long_axis_bearing_deg = bearing of the item's LONG side in world, counter-clockwise from +X, in [0,180). Place by this, not by yaw. yaw_deg is the MuJoCo local-frame rotation and its meaning differs between bricks (long side on local X) and blocks (long side on local Y).","every bar uses the wall_10/wall_11 ArUco mounting; wall_9 is excluded (tag rotated 90 deg, 19.0 cm not 19.5)"
easy_076,easy,hmax2,brick,wall_10,10.0,32.9,8.2,19.5,5.5,10.0,3,12.1,18.2,0.0,11.3,56.2,0.4828,87,0,42,18,12,30,"long_axis_bearing_deg = bearing of the item's LONG side in world, counter-clockwise from +X, in [0,180). Place by this, not by yaw. yaw_deg is the MuJoCo local-frame rotation and its meaning differs between bricks (long side on local X) and blocks (long side on local Y).","every bar uses the wall_10/wall_11 ArUco mounting; wall_9 is excluded (tag rotated 90 deg, 19.0 cm not 19.5)"
easy_076,easy,hmax2,brick,wall_11,35.7,45.2,108.4,19.5,5.5,10.0,3,12.1,18.2,0.0,11.3,56.2,0.4828,87,0,42,18,12,30,"long_axis_bearing_deg = bearing of the item's LONG side in world, counter-clockwise from +X, in [0,180). Place by this, not by yaw. yaw_deg is the MuJoCo local-frame rotation and its meaning differs between bricks (long side on local X) and blocks (long side on local Y).","every bar uses the wall_10/wall_11 ArUco mounting; wall_9 is excluded (tag rotated 90 deg, 19.0 cm not 19.5)"
easy_076,easy,hmax2,brick,wall_12,35.7,24.0,94.8,19.5,5.5,10.0,3,12.1,18.2,0.0,11.3,56.2,0.4828,87,0,42,18,12,30,"long_axis_bearing_deg = bearing of the item's LONG side in world, counter-clockwise from +X, in [0,180). Place by this, not by yaw. yaw_deg is the MuJoCo local-frame rotation and its meaning differs between bricks (long side on local X) and blocks (long side on local Y).","every bar uses the wall_10/wall_11 ArUco mounting; wall_9 is excluded (tag rotated 90 deg, 19.0 cm not 19.5)"
easy_076,easy,hmax2,block,obj_1,27.8,28.2,89.5,15.0,7.0,4.0,3,12.1,18.2,0.0,11.3,56.2,0.4828,87,0,42,18,12,30,"long_axis_bearing_deg = bearing of the item's LONG side in world, counter-clockwise from +X, in [0,180). Place by this, not by yaw. yaw_deg is the MuJoCo local-frame rotation and its meaning differs between bricks (long side on local X) and blocks (long side on local Y).","every bar uses the wall_10/wall_11 ArUco mounting; wall_9 is excluded (tag rotated 90 deg, 19.0 cm not 19.5)"
easy_077,easy,hmax2,brick,wall_10,39.0,32.0,6.1,19.5,5.5,10.0,3,42.0,20.8,0.0,41.4,54.7,0.5,56,6,22,12,10,38,"long_axis_bearing_deg = bearing of the item's LONG side in world, counter-clockwise from +X, in [0,180). Place by this, not by yaw. yaw_deg is the MuJoCo local-frame rotation and its meaning differs between bricks (long side on local X) and blocks (long side on local Y).","every bar uses the wall_10/wall_11 ArUco mounting; wall_9 is excluded (tag rotated 90 deg, 19.0 cm not 19.5)"
easy_077,easy,hmax2,brick,wall_11,13.3,44.9,78.6,19.5,5.5,10.0,3,42.0,20.8,0.0,41.4,54.7,0.5,56,6,22,12,10,38,"long_axis_bearing_deg = bearing of the item's LONG side in world, counter-clockwise from +X, in [0,180). Place by this, not by yaw. yaw_deg is the MuJoCo local-frame rotation and its meaning differs between bricks (long side on local X) and blocks (long side on local Y).","every bar uses the wall_10/wall_11 ArUco mounting; wall_9 is excluded (tag rotated 90 deg, 19.0 cm not 19.5)"
easy_077,easy,hmax2,brick,wall_12,13.3,19.7,102.4,19.5,5.5,10.0,3,42.0,20.8,0.0,41.4,54.7,0.5,56,6,22,12,10,38,"long_axis_bearing_deg = bearing of the item's LONG side in world, counter-clockwise from +X, in [0,180). Place by this, not by yaw. yaw_deg is the MuJoCo local-frame rotation and its meaning differs between bricks (long side on local X) and blocks (long side on local Y).","every bar uses the wall_10/wall_11 ArUco mounting; wall_9 is excluded (tag rotated 90 deg, 19.0 cm not 19.5)"
easy_077,easy,hmax2,block,obj_4,20.8,27.9,91.7,12.0,7.5,5.0,3,42.0,20.8,0.0,41.4,54.7,0.5,56,6,22,12,10,38,"long_axis_bearing_deg = bearing of the item's LONG side in world, counter-clockwise from +X, in [0,180). Place by this, not by yaw. yaw_deg is the MuJoCo local-frame rotation and its meaning differs between bricks (long side on local X) and blocks (long side on local Y).","every bar uses the wall_10/wall_11 ArUco mounting; wall_9 is excluded (tag rotated 90 deg, 19.0 cm not 19.5)"
easy_078,easy,hmax2,brick,wall_10,39.0,32.4,174.8,19.5,5.5,10.0,1,26.8,17.4,0.0,11.5,66.9,0.6385,130,83,0,30,15,15,"long_axis_bearing_deg = bearing of the item's LONG side in world, counter-clockwise from +X, in [0,180). Place by this, not by yaw. yaw_deg is the MuJoCo local-frame rotation and its meaning differs between bricks (long side on local X) and blocks (long side on local Y).","every bar uses the wall_10/wall_11 ArUco mounting; wall_9 is excluded (tag rotated 90 deg, 19.0 cm not 19.5)"
easy_078,easy,hmax2,block,obj_1,16.5,30.5,17.9,15.0,7.0,4.0,1,26.8,17.4,0.0,11.5,66.9,0.6385,130,83,0,30,15,15,"long_axis_bearing_deg = bearing of the item's LONG side in world, counter-clockwise from +X, in [0,180). Place by this, not by yaw. yaw_deg is the MuJoCo local-frame rotation and its meaning differs between bricks (long side on local X) and blocks (long side on local Y).","every bar uses the wall_10/wall_11 ArUco mounting; wall_9 is excluded (tag rotated 90 deg, 19.0 cm not 19.5)"
easy_079,easy,hmax2,brick,wall_10,39.0,38.7,8.3,19.5,5.5,10.0,1,41.1,26.5,0.0,41.9,60.8,0.8125,128,104,0,29,23,8,"long_axis_bearing_deg = bearing of the item's LONG side in world, counter-clockwise from +X, in [0,180). Place by this, not by yaw. yaw_deg is the MuJoCo local-frame rotation and its meaning differs between bricks (long side on local X) and blocks (long side on local Y).","every bar uses the wall_10/wall_11 ArUco mounting; wall_9 is excluded (tag rotated 90 deg, 19.0 cm not 19.5)"
easy_079,easy,hmax2,block,obj_4,15.0,40.6,18.0,12.0,7.5,5.0,1,41.1,26.5,0.0,41.9,60.8,0.8125,128,104,0,29,23,8,"long_axis_bearing_deg = bearing of the item's LONG side in world, counter-clockwise from +X, in [0,180). Place by this, not by yaw. yaw_deg is the MuJoCo local-frame rotation and its meaning differs between bricks (long side on local X) and blocks (long side on local Y).","every bar uses the wall_10/wall_11 ArUco mounting; wall_9 is excluded (tag rotated 90 deg, 19.0 cm not 19.5)"
easy_080,easy,hmax2,brick,wall_10,10.5,46.9,50.4,19.5,5.5,10.0,2,8.0,10.3,0.0,29.2,62.4,0.3299,97,28,4,26,20,14,"long_axis_bearing_deg = bearing of the item's LONG side in world, counter-clockwise from +X, in [0,180). Place by this, not by yaw. yaw_deg is the MuJoCo local-frame rotation and its meaning differs between bricks (long side on local X) and blocks (long side on local Y).","every bar uses the wall_10/wall_11 ArUco mounting; wall_9 is excluded (tag rotated 90 deg, 19.0 cm not 19.5)"
easy_080,easy,hmax2,brick,wall_11,21.6,43.4,34.6,19.5,5.5,10.0,2,8.0,10.3,0.0,29.2,62.4,0.3299,97,28,4,26,20,14,"long_axis_bearing_deg = bearing of the item's LONG side in world, counter-clockwise from +X, in [0,180). Place by this, not by yaw. yaw_deg is the MuJoCo local-frame rotation and its meaning differs between bricks (long side on local X) and blocks (long side on local Y).","every bar uses the wall_10/wall_11 ArUco mounting; wall_9 is excluded (tag rotated 90 deg, 19.0 cm not 19.5)"
easy_080,easy,hmax2,block,obj_1,36.3,48.1,63.9,15.0,7.0,4.0,2,8.0,10.3,0.0,29.2,62.4,0.3299,97,28,4,26,20,14,"long_axis_bearing_deg = bearing of the item's LONG side in world, counter-clockwise from +X, in [0,180). Place by this, not by yaw. yaw_deg is the MuJoCo local-frame rotation and its meaning differs between bricks (long side on local X) and blocks (long side on local Y).","every bar uses the wall_10/wall_11 ArUco mounting; wall_9 is excluded (tag rotated 90 deg, 19.0 cm not 19.5)"
easy_081,easy,hmax2,brick,wall_10,38.9,33.8,170.5,19.5,5.5,10.0,2,18.1,16.7,0.0,21.9,61.8,0.3301,103,6,28,22,6,32,"long_axis_bearing_deg = bearing of the item's LONG side in world, counter-clockwise from +X, in [0,180). Place by this, not by yaw. yaw_deg is the MuJoCo local-frame rotation and its meaning differs between bricks (long side on local X) and blocks (long side on local Y).","every bar uses the wall_10/wall_11 ArUco mounting; wall_9 is excluded (tag rotated 90 deg, 19.0 cm not 19.5)"
easy_081,easy,hmax2,brick,wall_11,13.3,44.0,71.1,19.5,5.5,10.0,2,18.1,16.7,0.0,21.9,61.8,0.3301,103,6,28,22,6,32,"long_axis_bearing_deg = bearing of the item's LONG side in world, counter-clockwise from +X, in [0,180). Place by this, not by yaw. yaw_deg is the MuJoCo local-frame rotation and its meaning differs between bricks (long side on local X) and blocks (long side on local Y).","every bar uses the wall_10/wall_11 ArUco mounting; wall_9 is excluded (tag rotated 90 deg, 19.0 cm not 19.5)"
easy_081,easy,hmax2,block,obj_4,21.4,33.1,57.5,12.0,7.5,5.0,2,18.1,16.7,0.0,21.9,61.8,0.3301,103,6,28,22,6,32,"long_axis_bearing_deg = bearing of the item's LONG side in world, counter-clockwise from +X, in [0,180). Place by this, not by yaw. yaw_deg is the MuJoCo local-frame rotation and its meaning differs between bricks (long side on local X) and blocks (long side on local Y).","every bar uses the wall_10/wall_11 ArUco mounting; wall_9 is excluded (tag rotated 90 deg, 19.0 cm not 19.5)"
easy_082,easy,hmax2,brick,wall_10,9.8,44.9,1.6,19.5,5.5,10.0,3,8.3,11.7,0.0,12.2,66.1,0.4833,60,0,29,13,2,45,"long_axis_bearing_deg = bearing of the item's LONG side in world, counter-clockwise from +X, in [0,180). Place by this, not by yaw. yaw_deg is the MuJoCo local-frame rotation and its meaning differs between bricks (long side on local X) and blocks (long side on local Y).","every bar uses the wall_10/wall_11 ArUco mounting; wall_9 is excluded (tag rotated 90 deg, 19.0 cm not 19.5)"
easy_082,easy,hmax2,brick,wall_11,34.6,56.0,109.4,19.5,5.5,10.0,3,8.3,11.7,0.0,12.2,66.1,0.4833,60,0,29,13,2,45,"long_axis_bearing_deg = bearing of the item's LONG side in world, counter-clockwise from +X, in [0,180). Place by this, not by yaw. yaw_deg is the MuJoCo local-frame rotation and its meaning differs between bricks (long side on local X) and blocks (long side on local Y).","every bar uses the wall_10/wall_11 ArUco mounting; wall_9 is excluded (tag rotated 90 deg, 19.0 cm not 19.5)"
easy_082,easy,hmax2,brick,wall_12,34.6,33.7,73.6,19.5,5.5,10.0,3,8.3,11.7,0.0,12.2,66.1,0.4833,60,0,29,13,2,45,"long_axis_bearing_deg = bearing of the item's LONG side in world, counter-clockwise from +X, in [0,180). Place by this, not by yaw. yaw_deg is the MuJoCo local-frame rotation and its meaning differs between bricks (long side on local X) and blocks (long side on local Y).","every bar uses the wall_10/wall_11 ArUco mounting; wall_9 is excluded (tag rotated 90 deg, 19.0 cm not 19.5)"
easy_082,easy,hmax2,block,obj_1,27.4,44.2,75.3,15.0,7.0,4.0,3,8.3,11.7,0.0,12.2,66.1,0.4833,60,0,29,13,2,45,"long_axis_bearing_deg = bearing of the item's LONG side in world, counter-clockwise from +X, in [0,180). Place by this, not by yaw. yaw_deg is the MuJoCo local-frame rotation and its meaning differs between bricks (long side on local X) and blocks (long side on local Y).","every bar uses the wall_10/wall_11 ArUco mounting; wall_9 is excluded (tag rotated 90 deg, 19.0 cm not 19.5)"
easy_083,easy,hmax2,brick,wall_10,38.9,31.4,9.2,19.5,5.5,10.0,3,34.7,15.5,0.0,42.9,61.2,0.5,48,24,0,10,12,38,"long_axis_bearing_deg = bearing of the item's LONG side in world, counter-clockwise from +X, in [0,180). Place by this, not by yaw. yaw_deg is the MuJoCo local-frame rotation and its meaning differs between bricks (long side on local X) and blocks (long side on local Y).","every bar uses the wall_10/wall_11 ArUco mounting; wall_9 is excluded (tag rotated 90 deg, 19.0 cm not 19.5)"
easy_083,easy,hmax2,brick,wall_11,12.9,44.1,94.7,19.5,5.5,10.0,3,34.7,15.5,0.0,42.9,61.2,0.5,48,24,0,10,12,38,"long_axis_bearing_deg = bearing of the item's LONG side in world, counter-clockwise from +X, in [0,180). Place by this, not by yaw. yaw_deg is the MuJoCo local-frame rotation and its meaning differs between bricks (long side on local X) and blocks (long side on local Y).","every bar uses the wall_10/wall_11 ArUco mounting; wall_9 is excluded (tag rotated 90 deg, 19.0 cm not 19.5)"
easy_083,easy,hmax2,brick,wall_12,12.9,22.3,99.3,19.5,5.5,10.0,3,34.7,15.5,0.0,42.9,61.2,0.5,48,24,0,10,12,38,"long_axis_bearing_deg = bearing of the item's LONG side in world, counter-clockwise from +X, in [0,180). Place by this, not by yaw. yaw_deg is the MuJoCo local-frame rotation and its meaning differs between bricks (long side on local X) and blocks (long side on local Y).","every bar uses the wall_10/wall_11 ArUco mounting; wall_9 is excluded (tag rotated 90 deg, 19.0 cm not 19.5)"
easy_083,easy,hmax2,block,obj_4,21.2,32.5,91.8,12.0,7.5,5.0,3,34.7,15.5,0.0,42.9,61.2,0.5,48,24,0,10,12,38,"long_axis_bearing_deg = bearing of the item's LONG side in world, counter-clockwise from +X, in [0,180). Place by this, not by yaw. yaw_deg is the MuJoCo local-frame rotation and its meaning differs between bricks (long side on local X) and blocks (long side on local Y).","every bar uses the wall_10/wall_11 ArUco mounting; wall_9 is excluded (tag rotated 90 deg, 19.0 cm not 19.5)"
easy_084,easy,hmax2,brick,wall_10,10.1,41.5,11.3,19.5,5.5,10.0,1,29.8,13.9,0.0,35.8,62.3,0.64,125,80,0,28,15,17,"long_axis_bearing_deg = bearing of the item's LONG side in world, counter-clockwise from +X, in [0,180). Place by this, not by yaw. yaw_deg is the MuJoCo local-frame rotation and its meaning differs between bricks (long side on local X) and blocks (long side on local Y).","every bar uses the wall_10/wall_11 ArUco mounting; wall_9 is excluded (tag rotated 90 deg, 19.0 cm not 19.5)"
easy_084,easy,hmax2,block,obj_1,32.7,39.9,168.9,15.0,7.0,4.0,1,29.8,13.9,0.0,35.8,62.3,0.64,125,80,0,28,15,17,"long_axis_bearing_deg = bearing of the item's LONG side in world, counter-clockwise from +X, in [0,180). Place by this, not by yaw. yaw_deg is the MuJoCo local-frame rotation and its meaning differs between bricks (long side on local X) and blocks (long side on local Y).","every bar uses the wall_10/wall_11 ArUco mounting; wall_9 is excluded (tag rotated 90 deg, 19.0 cm not 19.5)"
easy_085,easy,hmax2,brick,wall_10,39.0,36.0,5.9,19.5,5.5,10.0,1,20.0,19.0,0.0,41.6,55.7,0.8133,150,122,0,30,16,14,"long_axis_bearing_deg = bearing of the item's LONG side in world, counter-clockwise from +X, in [0,180). Place by this, not by yaw. yaw_deg is the MuJoCo local-frame rotation and its meaning differs between bricks (long side on local X) and blocks (long side on local Y).","every bar uses the wall_10/wall_11 ArUco mounting; wall_9 is excluded (tag rotated 90 deg, 19.0 cm not 19.5)"
easy_085,easy,hmax2,block,obj_4,13.2,35.8,165.2,12.0,7.5,5.0,1,20.0,19.0,0.0,41.6,55.7,0.8133,150,122,0,30,16,14,"long_axis_bearing_deg = bearing of the item's LONG side in world, counter-clockwise from +X, in [0,180). Place by this, not by yaw. yaw_deg is the MuJoCo local-frame rotation and its meaning differs between bricks (long side on local X) and blocks (long side on local Y).","every bar uses the wall_10/wall_11 ArUco mounting; wall_9 is excluded (tag rotated 90 deg, 19.0 cm not 19.5)"
easy_086,easy,hmax2,brick,wall_10,10.1,47.2,10.7,19.5,5.5,10.0,2,12.6,14.9,0.0,9.9,63.4,0.3308,133,6,38,28,7,25,"long_axis_bearing_deg = bearing of the item's LONG side in world, counter-clockwise from +X, in [0,180). Place by this, not by yaw. yaw_deg is the MuJoCo local-frame rotation and its meaning differs between bricks (long side on local X) and blocks (long side on local Y).","every bar uses the wall_10/wall_11 ArUco mounting; wall_9 is excluded (tag rotated 90 deg, 19.0 cm not 19.5)"
easy_086,easy,hmax2,brick,wall_11,36.0,57.9,100.7,19.5,5.5,10.0,2,12.6,14.9,0.0,9.9,63.4,0.3308,133,6,38,28,7,25,"long_axis_bearing_deg = bearing of the item's LONG side in world, counter-clockwise from +X, in [0,180). Place by this, not by yaw. yaw_deg is the MuJoCo local-frame rotation and its meaning differs between bricks (long side on local X) and blocks (long side on local Y).","every bar uses the wall_10/wall_11 ArUco mounting; wall_9 is excluded (tag rotated 90 deg, 19.0 cm not 19.5)"
easy_086,easy,hmax2,block,obj_1,28.5,44.2,121.2,15.0,7.0,4.0,2,12.6,14.9,0.0,9.9,63.4,0.3308,133,6,38,28,7,25,"long_axis_bearing_deg = bearing of the item's LONG side in world, counter-clockwise from +X, in [0,180). Place by this, not by yaw. yaw_deg is the MuJoCo local-frame rotation and its meaning differs between bricks (long side on local X) and blocks (long side on local Y).","every bar uses the wall_10/wall_11 ArUco mounting; wall_9 is excluded (tag rotated 90 deg, 19.0 cm not 19.5)"
easy_087,easy,hmax2,brick,wall_10,38.9,45.9,170.8,19.5,5.5,10.0,2,37.6,28.2,0.0,40.2,62.3,0.331,142,10,37,29,13,18,"long_axis_bearing_deg = bearing of the item's LONG side in world, counter-clockwise from +X, in [0,180). Place by this, not by yaw. yaw_deg is the MuJoCo local-frame rotation and its meaning differs between bricks (long side on local X) and blocks (long side on local Y).","every bar uses the wall_10/wall_11 ArUco mounting; wall_9 is excluded (tag rotated 90 deg, 19.0 cm not 19.5)"
easy_087,easy,hmax2,brick,wall_11,13.1,58.2,75.6,19.5,5.5,10.0,2,37.6,28.2,0.0,40.2,62.3,0.331,142,10,37,29,13,18,"long_axis_bearing_deg = bearing of the item's LONG side in world, counter-clockwise from +X, in [0,180). Place by this, not by yaw. yaw_deg is the MuJoCo local-frame rotation and its meaning differs between bricks (long side on local X) and blocks (long side on local Y).","every bar uses the wall_10/wall_11 ArUco mounting; wall_9 is excluded (tag rotated 90 deg, 19.0 cm not 19.5)"
easy_087,easy,hmax2,block,obj_4,19.5,43.1,77.9,12.0,7.5,5.0,2,37.6,28.2,0.0,40.2,62.3,0.331,142,10,37,29,13,18,"long_axis_bearing_deg = bearing of the item's LONG side in world, counter-clockwise from +X, in [0,180). Place by this, not by yaw. yaw_deg is the MuJoCo local-frame rotation and its meaning differs between bricks (long side on local X) and blocks (long side on local Y).","every bar uses the wall_10/wall_11 ArUco mounting; wall_9 is excluded (tag rotated 90 deg, 19.0 cm not 19.5)"
easy_088,easy,hmax2,brick,wall_10,38.9,35.7,170.1,19.5,5.5,10.0,3,23.5,14.6,0.0,41.0,50.8,0.4839,62,0,30,15,7,38,"long_axis_bearing_deg = bearing of the item's LONG side in world, counter-clockwise from +X, in [0,180). Place by this, not by yaw. yaw_deg is the MuJoCo local-frame rotation and its meaning differs between bricks (long side on local X) and blocks (long side on local Y).","every bar uses the wall_10/wall_11 ArUco mounting; wall_9 is excluded (tag rotated 90 deg, 19.0 cm not 19.5)"
easy_088,easy,hmax2,brick,wall_11,13.7,47.6,72.3,19.5,5.5,10.0,3,23.5,14.6,0.0,41.0,50.8,0.4839,62,0,30,15,7,38,"long_axis_bearing_deg = bearing of the item's LONG side in world, counter-clockwise from +X, in [0,180). Place by this, not by yaw. yaw_deg is the MuJoCo local-frame rotation and its meaning differs between bricks (long side on local X) and blocks (long side on local Y).","every bar uses the wall_10/wall_11 ArUco mounting; wall_9 is excluded (tag rotated 90 deg, 19.0 cm not 19.5)"
easy_088,easy,hmax2,brick,wall_12,13.7,25.9,91.3,19.5,5.5,10.0,3,23.5,14.6,0.0,41.0,50.8,0.4839,62,0,30,15,7,38,"long_axis_bearing_deg = bearing of the item's LONG side in world, counter-clockwise from +X, in [0,180). Place by this, not by yaw. yaw_deg is the MuJoCo local-frame rotation and its meaning differs between bricks (long side on local X) and blocks (long side on local Y).","every bar uses the wall_10/wall_11 ArUco mounting; wall_9 is excluded (tag rotated 90 deg, 19.0 cm not 19.5)"
easy_088,easy,hmax2,block,obj_1,20.7,32.7,95.1,15.0,7.0,4.0,3,23.5,14.6,0.0,41.0,50.8,0.4839,62,0,30,15,7,38,"long_axis_bearing_deg = bearing of the item's LONG side in world, counter-clockwise from +X, in [0,180). Place by this, not by yaw. yaw_deg is the MuJoCo local-frame rotation and its meaning differs between bricks (long side on local X) and blocks (long side on local Y).","every bar uses the wall_10/wall_11 ArUco mounting; wall_9 is excluded (tag rotated 90 deg, 19.0 cm not 19.5)"
easy_089,easy,hmax2,brick,wall_10,39.0,31.6,8.3,19.5,5.5,10.0,3,29.8,6.0,0.0,28.7,65.8,0.5,64,0,32,15,7,38,"long_axis_bearing_deg = bearing of the item's LONG side in world, counter-clockwise from +X, in [0,180). Place by this, not by yaw. yaw_deg is the MuJoCo local-frame rotation and its meaning differs between bricks (long side on local X) and blocks (long side on local Y).","every bar uses the wall_10/wall_11 ArUco mounting; wall_9 is excluded (tag rotated 90 deg, 19.0 cm not 19.5)"
easy_089,easy,hmax2,brick,wall_11,13.0,42.2,77.8,19.5,5.5,10.0,3,29.8,6.0,0.0,28.7,65.8,0.5,64,0,32,15,7,38,"long_axis_bearing_deg = bearing of the item's LONG side in world, counter-clockwise from +X, in [0,180). Place by this, not by yaw. yaw_deg is the MuJoCo local-frame rotation and its meaning differs between bricks (long side on local X) and blocks (long side on local Y).","every bar uses the wall_10/wall_11 ArUco mounting; wall_9 is excluded (tag rotated 90 deg, 19.0 cm not 19.5)"
easy_089,easy,hmax2,brick,wall_12,13.0,19.9,95.0,19.5,5.5,10.0,3,29.8,6.0,0.0,28.7,65.8,0.5,64,0,32,15,7,38,"long_axis_bearing_deg = bearing of the item's LONG side in world, counter-clockwise from +X, in [0,180). Place by this, not by yaw. yaw_deg is the MuJoCo local-frame rotation and its meaning differs between bricks (long side on local X) and blocks (long side on local Y).","every bar uses the wall_10/wall_11 ArUco mounting; wall_9 is excluded (tag rotated 90 deg, 19.0 cm not 19.5)"
easy_089,easy,hmax2,block,obj_4,22.3,28.4,112.9,12.0,7.5,5.0,3,29.8,6.0,0.0,28.7,65.8,0.5,64,0,32,15,7,38,"long_axis_bearing_deg = bearing of the item's LONG side in world, counter-clockwise from +X, in [0,180). Place by this, not by yaw. yaw_deg is the MuJoCo local-frame rotation and its meaning differs between bricks (long side on local X) and blocks (long side on local Y).","every bar uses the wall_10/wall_11 ArUco mounting; wall_9 is excluded (tag rotated 90 deg, 19.0 cm not 19.5)"
easy_090,easy,hmax2,brick,wall_10,38.9,43.3,8.8,19.5,5.5,10.0,1,37.3,31.1,0.0,24.9,69.2,0.6429,126,81,0,28,16,16,"long_axis_bearing_deg = bearing of the item's LONG side in world, counter-clockwise from +X, in [0,180). Place by this, not by yaw. yaw_deg is the MuJoCo local-frame rotation and its meaning differs between bricks (long side on local X) and blocks (long side on local Y).","every bar uses the wall_10/wall_11 ArUco mounting; wall_9 is excluded (tag rotated 90 deg, 19.0 cm not 19.5)"
easy_090,easy,hmax2,block,obj_1,16.4,40.9,20.3,15.0,7.0,4.0,1,37.3,31.1,0.0,24.9,69.2,0.6429,126,81,0,28,16,16,"long_axis_bearing_deg = bearing of the item's LONG side in world, counter-clockwise from +X, in [0,180). Place by this, not by yaw. yaw_deg is the MuJoCo local-frame rotation and its meaning differs between bricks (long side on local X) and blocks (long side on local Y).","every bar uses the wall_10/wall_11 ArUco mounting; wall_9 is excluded (tag rotated 90 deg, 19.0 cm not 19.5)"
easy_091,easy,hmax2,brick,wall_10,38.9,31.9,10.5,19.5,5.5,10.0,1,38.6,10.4,0.0,11.9,46.9,0.8142,113,92,0,26,26,8,"long_axis_bearing_deg = bearing of the item's LONG side in world, counter-clockwise from +X, in [0,180). Place by this, not by yaw. yaw_deg is the MuJoCo local-frame rotation and its meaning differs between bricks (long side on local X) and blocks (long side on local Y).","every bar uses the wall_10/wall_11 ArUco mounting; wall_9 is excluded (tag rotated 90 deg, 19.0 cm not 19.5)"
easy_091,easy,hmax2,block,obj_4,14.5,34.5,18.9,12.0,7.5,5.0,1,38.6,10.4,0.0,11.9,46.9,0.8142,113,92,0,26,26,8,"long_axis_bearing_deg = bearing of the item's LONG side in world, counter-clockwise from +X, in [0,180). Place by this, not by yaw. yaw_deg is the MuJoCo local-frame rotation and its meaning differs between bricks (long side on local X) and blocks (long side on local Y).","every bar uses the wall_10/wall_11 ArUco mounting; wall_9 is excluded (tag rotated 90 deg, 19.0 cm not 19.5)"
easy_092,easy,hmax2,brick,wall_10,15.4,43.9,14.9,19.5,5.5,10.0,2,14.0,18.5,0.0,10.2,56.2,0.3333,114,15,23,26,17,17,"long_axis_bearing_deg = bearing of the item's LONG side in world, counter-clockwise from +X, in [0,180). Place by this, not by yaw. yaw_deg is the MuJoCo local-frame rotation and its meaning differs between bricks (long side on local X) and blocks (long side on local Y).","every bar uses the wall_10/wall_11 ArUco mounting; wall_9 is excluded (tag rotated 90 deg, 19.0 cm not 19.5)"
easy_092,easy,hmax2,brick,wall_11,23.6,33.4,51.3,19.5,5.5,10.0,2,14.0,18.5,0.0,10.2,56.2,0.3333,114,15,23,26,17,17,"long_axis_bearing_deg = bearing of the item's LONG side in world, counter-clockwise from +X, in [0,180). Place by this, not by yaw. yaw_deg is the MuJoCo local-frame rotation and its meaning differs between bricks (long side on local X) and blocks (long side on local Y).","every bar uses the wall_10/wall_11 ArUco mounting; wall_9 is excluded (tag rotated 90 deg, 19.0 cm not 19.5)"
easy_092,easy,hmax2,block,obj_1,36.2,36.0,64.4,15.0,7.0,4.0,2,14.0,18.5,0.0,10.2,56.2,0.3333,114,15,23,26,17,17,"long_axis_bearing_deg = bearing of the item's LONG side in world, counter-clockwise from +X, in [0,180). Place by this, not by yaw. yaw_deg is the MuJoCo local-frame rotation and its meaning differs between bricks (long side on local X) and blocks (long side on local Y).","every bar uses the wall_10/wall_11 ArUco mounting; wall_9 is excluded (tag rotated 90 deg, 19.0 cm not 19.5)"
easy_093,easy,hmax2,brick,wall_10,39.1,34.9,175.4,19.5,5.5,10.0,2,42.8,10.0,0.0,29.5,69.0,0.3333,84,3,25,21,8,31,"long_axis_bearing_deg = bearing of the item's LONG side in world, counter-clockwise from +X, in [0,180). Place by this, not by yaw. yaw_deg is the MuJoCo local-frame rotation and its meaning differs between bricks (long side on local X) and blocks (long side on local Y).","every bar uses the wall_10/wall_11 ArUco mounting; wall_9 is excluded (tag rotated 90 deg, 19.0 cm not 19.5)"
easy_093,easy,hmax2,brick,wall_11,13.4,45.2,75.5,19.5,5.5,10.0,2,42.8,10.0,0.0,29.5,69.0,0.3333,84,3,25,21,8,31,"long_axis_bearing_deg = bearing of the item's LONG side in world, counter-clockwise from +X, in [0,180). Place by this, not by yaw. yaw_deg is the MuJoCo local-frame rotation and its meaning differs between bricks (long side on local X) and blocks (long side on local Y).","every bar uses the wall_10/wall_11 ArUco mounting; wall_9 is excluded (tag rotated 90 deg, 19.0 cm not 19.5)"
easy_093,easy,hmax2,block,obj_4,22.6,32.4,179.9,12.0,7.5,5.0,2,42.8,10.0,0.0,29.5,69.0,0.3333,84,3,25,21,8,31,"long_axis_bearing_deg = bearing of the item's LONG side in world, counter-clockwise from +X, in [0,180). Place by this, not by yaw. yaw_deg is the MuJoCo local-frame rotation and its meaning differs between bricks (long side on local X) and blocks (long side on local Y).","every bar uses the wall_10/wall_11 ArUco mounting; wall_9 is excluded (tag rotated 90 deg, 19.0 cm not 19.5)"
easy_094,easy,hmax2,brick,wall_10,38.9,46.5,8.7,19.5,5.5,10.0,3,26.9,24.4,0.0,42.0,62.0,0.4839,31,15,0,7,17,36,"long_axis_bearing_deg = bearing of the item's LONG side in world, counter-clockwise from +X, in [0,180). Place by this, not by yaw. yaw_deg is the MuJoCo local-frame rotation and its meaning differs between bricks (long side on local X) and blocks (long side on local Y).","every bar uses the wall_10/wall_11 ArUco mounting; wall_9 is excluded (tag rotated 90 deg, 19.0 cm not 19.5)"
easy_094,easy,hmax2,brick,wall_11,13.3,59.1,81.7,19.5,5.5,10.0,3,26.9,24.4,0.0,42.0,62.0,0.4839,31,15,0,7,17,36,"long_axis_bearing_deg = bearing of the item's LONG side in world, counter-clockwise from +X, in [0,180). Place by this, not by yaw. yaw_deg is the MuJoCo local-frame rotation and its meaning differs between bricks (long side on local X) and blocks (long side on local Y).","every bar uses the wall_10/wall_11 ArUco mounting; wall_9 is excluded (tag rotated 90 deg, 19.0 cm not 19.5)"
easy_094,easy,hmax2,brick,wall_12,13.3,33.6,96.9,19.5,5.5,10.0,3,26.9,24.4,0.0,42.0,62.0,0.4839,31,15,0,7,17,36,"long_axis_bearing_deg = bearing of the item's LONG side in world, counter-clockwise from +X, in [0,180). Place by this, not by yaw. yaw_deg is the MuJoCo local-frame rotation and its meaning differs between bricks (long side on local X) and blocks (long side on local Y).","every bar uses the wall_10/wall_11 ArUco mounting; wall_9 is excluded (tag rotated 90 deg, 19.0 cm not 19.5)"
easy_094,easy,hmax2,block,obj_1,21.1,50.6,81.8,15.0,7.0,4.0,3,26.9,24.4,0.0,42.0,62.0,0.4839,31,15,0,7,17,36,"long_axis_bearing_deg = bearing of the item's LONG side in world, counter-clockwise from +X, in [0,180). Place by this, not by yaw. yaw_deg is the MuJoCo local-frame rotation and its meaning differs between bricks (long side on local X) and blocks (long side on local Y).","every bar uses the wall_10/wall_11 ArUco mounting; wall_9 is excluded (tag rotated 90 deg, 19.0 cm not 19.5)"
easy_095,easy,hmax2,brick,wall_10,39.1,32.5,176.0,19.5,5.5,10.0,3,34.6,6.1,0.0,15.4,59.9,0.5088,57,29,0,13,13,34,"long_axis_bearing_deg = bearing of the item's LONG side in world, counter-clockwise from +X, in [0,180). Place by this, not by yaw. yaw_deg is the MuJoCo local-frame rotation and its meaning differs between bricks (long side on local X) and blocks (long side on local Y).","every bar uses the wall_10/wall_11 ArUco mounting; wall_9 is excluded (tag rotated 90 deg, 19.0 cm not 19.5)"
easy_095,easy,hmax2,brick,wall_11,13.7,42.9,84.7,19.5,5.5,10.0,3,34.6,6.1,0.0,15.4,59.9,0.5088,57,29,0,13,13,34,"long_axis_bearing_deg = bearing of the item's LONG side in world, counter-clockwise from +X, in [0,180). Place by this, not by yaw. yaw_deg is the MuJoCo local-frame rotation and its meaning differs between bricks (long side on local X) and blocks (long side on local Y).","every bar uses the wall_10/wall_11 ArUco mounting; wall_9 is excluded (tag rotated 90 deg, 19.0 cm not 19.5)"
easy_095,easy,hmax2,brick,wall_12,13.7,19.6,106.8,19.5,5.5,10.0,3,34.6,6.1,0.0,15.4,59.9,0.5088,57,29,0,13,13,34,"long_axis_bearing_deg = bearing of the item's LONG side in world, counter-clockwise from +X, in [0,180). Place by this, not by yaw. yaw_deg is the MuJoCo local-frame rotation and its meaning differs between bricks (long side on local X) and blocks (long side on local Y).","every bar uses the wall_10/wall_11 ArUco mounting; wall_9 is excluded (tag rotated 90 deg, 19.0 cm not 19.5)"
easy_095,easy,hmax2,block,obj_4,21.9,36.6,87.1,12.0,7.5,5.0,3,34.6,6.1,0.0,15.4,59.9,0.5088,57,29,0,13,13,34,"long_axis_bearing_deg = bearing of the item's LONG side in world, counter-clockwise from +X, in [0,180). Place by this, not by yaw. yaw_deg is the MuJoCo local-frame rotation and its meaning differs between bricks (long side on local X) and blocks (long side on local Y).","every bar uses the wall_10/wall_11 ArUco mounting; wall_9 is excluded (tag rotated 90 deg, 19.0 cm not 19.5)"
easy_096,easy,hmax2,brick,wall_10,9.8,32.5,2.1,19.5,5.5,10.0,1,25.3,8.3,0.0,37.6,70.9,0.6504,123,80,0,29,15,16,"long_axis_bearing_deg = bearing of the item's LONG side in world, counter-clockwise from +X, in [0,180). Place by this, not by yaw. yaw_deg is the MuJoCo local-frame rotation and its meaning differs between bricks (long side on local X) and blocks (long side on local Y).","every bar uses the wall_10/wall_11 ArUco mounting; wall_9 is excluded (tag rotated 90 deg, 19.0 cm not 19.5)"
easy_096,easy,hmax2,block,obj_1,36.2,32.2,14.9,15.0,7.0,4.0,1,25.3,8.3,0.0,37.6,70.9,0.6504,123,80,0,29,15,16,"long_axis_bearing_deg = bearing of the item's LONG side in world, counter-clockwise from +X, in [0,180). Place by this, not by yaw. yaw_deg is the MuJoCo local-frame rotation and its meaning differs between bricks (long side on local X) and blocks (long side on local Y).","every bar uses the wall_10/wall_11 ArUco mounting; wall_9 is excluded (tag rotated 90 deg, 19.0 cm not 19.5)"
easy_097,easy,hmax2,brick,wall_10,39.2,40.6,0.5,19.5,5.5,10.0,1,19.0,6.7,0.0,23.1,54.1,0.8154,130,106,0,30,23,7,"long_axis_bearing_deg = bearing of the item's LONG side in world, counter-clockwise from +X, in [0,180). Place by this, not by yaw. yaw_deg is the MuJoCo local-frame rotation and its meaning differs between bricks (long side on local X) and blocks (long side on local Y).","every bar uses the wall_10/wall_11 ArUco mounting; wall_9 is excluded (tag rotated 90 deg, 19.0 cm not 19.5)"
easy_097,easy,hmax2,block,obj_4,15.1,38.6,9.3,12.0,7.5,5.0,1,19.0,6.7,0.0,23.1,54.1,0.8154,130,106,0,30,23,7,"long_axis_bearing_deg = bearing of the item's LONG side in world, counter-clockwise from +X, in [0,180). Place by this, not by yaw. yaw_deg is the MuJoCo local-frame rotation and its meaning differs between bricks (long side on local X) and blocks (long side on local Y).","every bar uses the wall_10/wall_11 ArUco mounting; wall_9 is excluded (tag rotated 90 deg, 19.0 cm not 19.5)"
easy_098,easy,hmax2,brick,wall_10,10.1,42.9,9.4,19.5,5.5,10.0,2,12.2,10.6,0.0,7.4,67.7,0.3333,99,0,33,26,4,30,"long_axis_bearing_deg = bearing of the item's LONG side in world, counter-clockwise from +X, in [0,180). Place by this, not by yaw. yaw_deg is the MuJoCo local-frame rotation and its meaning differs between bricks (long side on local X) and blocks (long side on local Y).","every bar uses the wall_10/wall_11 ArUco mounting; wall_9 is excluded (tag rotated 90 deg, 19.0 cm not 19.5)"
easy_098,easy,hmax2,brick,wall_11,35.4,53.7,102.7,19.5,5.5,10.0,2,12.2,10.6,0.0,7.4,67.7,0.3333,99,0,33,26,4,30,"long_axis_bearing_deg = bearing of the item's LONG side in world, counter-clockwise from +X, in [0,180). Place by this, not by yaw. yaw_deg is the MuJoCo local-frame rotation and its meaning differs between bricks (long side on local X) and blocks (long side on local Y).","every bar uses the wall_10/wall_11 ArUco mounting; wall_9 is excluded (tag rotated 90 deg, 19.0 cm not 19.5)"
easy_098,easy,hmax2,block,obj_1,30.3,41.7,138.1,15.0,7.0,4.0,2,12.2,10.6,0.0,7.4,67.7,0.3333,99,0,33,26,4,30,"long_axis_bearing_deg = bearing of the item's LONG side in world, counter-clockwise from +X, in [0,180). Place by this, not by yaw. yaw_deg is the MuJoCo local-frame rotation and its meaning differs between bricks (long side on local X) and blocks (long side on local Y).","every bar uses the wall_10/wall_11 ArUco mounting; wall_9 is excluded (tag rotated 90 deg, 19.0 cm not 19.5)"
easy_099,easy,hmax2,brick,wall_10,10.1,40.8,170.1,19.5,5.5,10.0,2,37.2,11.8,0.0,42.6,64.9,0.3333,90,0,30,22,2,36,"long_axis_bearing_deg = bearing of the item's LONG side in world, counter-clockwise from +X, in [0,180). Place by this, not by yaw. yaw_deg is the MuJoCo local-frame rotation and its meaning differs between bricks (long side on local X) and blocks (long side on local Y).","every bar uses the wall_10/wall_11 ArUco mounting; wall_9 is excluded (tag rotated 90 deg, 19.0 cm not 19.5)"
easy_099,easy,hmax2,brick,wall_11,35.7,47.3,101.7,19.5,5.5,10.0,2,37.2,11.8,0.0,42.6,64.9,0.3333,90,0,30,22,2,36,"long_axis_bearing_deg = bearing of the item's LONG side in world, counter-clockwise from +X, in [0,180). Place by this, not by yaw. yaw_deg is the MuJoCo local-frame rotation and its meaning differs between bricks (long side on local X) and blocks (long side on local Y).","every bar uses the wall_10/wall_11 ArUco mounting; wall_9 is excluded (tag rotated 90 deg, 19.0 cm not 19.5)"
easy_099,easy,hmax2,block,obj_4,27.0,37.1,65.0,12.0,7.5,5.0,2,37.2,11.8,0.0,42.6,64.9,0.3333,90,0,30,22,2,36,"long_axis_bearing_deg = bearing of the item's LONG side in world, counter-clockwise from +X, in [0,180). Place by this, not by yaw. yaw_deg is the MuJoCo local-frame rotation and its meaning differs between bricks (long side on local X) and blocks (long side on local Y).","every bar uses the wall_10/wall_11 ArUco mounting; wall_9 is excluded (tag rotated 90 deg, 19.0 cm not 19.5)"
