build_id,tier,axis,item,marker_hint,centre_x_cm,centre_y_cm,long_axis_bearing_deg,long_cm,short_cm,height_cm,n_bricks,robot_start_x_cm,robot_start_y_cm,goal_x_cm,goal_y_cm,solve_rate,tried,valid_1push,valid_first_push,n_contacts_reachable,n_contacts_cutoff,n_contacts_collision,angle_convention,tag_convention
hard_000,hard,hmax2,brick,wall_10,38.9,47.6,169.4,19.5,5.5,10.0,2,13.8,24.3,28.0,63.9,0.0068,146,1,0,31,12,17,"long_axis_bearing_deg = bearing of the item's LONG side in world, counter-clockwise from +X, in [0,180). Place by this, not by yaw. yaw_deg is the MuJoCo local-frame rotation and its meaning differs between bricks (long side on local X) and blocks (long side on local Y).","every bar uses the wall_10/wall_11 ArUco mounting; wall_9 is excluded (tag rotated 90 deg, 19.0 cm not 19.5)"
hard_000,hard,hmax2,brick,wall_11,13.1,60.3,95.5,19.5,5.5,10.0,2,13.8,24.3,28.0,63.9,0.0068,146,1,0,31,12,17,"long_axis_bearing_deg = bearing of the item's LONG side in world, counter-clockwise from +X, in [0,180). Place by this, not by yaw. yaw_deg is the MuJoCo local-frame rotation and its meaning differs between bricks (long side on local X) and blocks (long side on local Y).","every bar uses the wall_10/wall_11 ArUco mounting; wall_9 is excluded (tag rotated 90 deg, 19.0 cm not 19.5)"
hard_000,hard,hmax2,block,obj_1,21.7,44.1,78.2,15.0,7.0,4.0,2,13.8,24.3,28.0,63.9,0.0068,146,1,0,31,12,17,"long_axis_bearing_deg = bearing of the item's LONG side in world, counter-clockwise from +X, in [0,180). Place by this, not by yaw. yaw_deg is the MuJoCo local-frame rotation and its meaning differs between bricks (long side on local X) and blocks (long side on local Y).","every bar uses the wall_10/wall_11 ArUco mounting; wall_9 is excluded (tag rotated 90 deg, 19.0 cm not 19.5)"
hard_001,hard,hmax2,brick,wall_10,11.2,38.5,141.4,19.5,5.5,10.0,2,22.2,14.0,31.1,60.6,0.0067,150,0,1,30,2,28,"long_axis_bearing_deg = bearing of the item's LONG side in world, counter-clockwise from +X, in [0,180). Place by this, not by yaw. yaw_deg is the MuJoCo local-frame rotation and its meaning differs between bricks (long side on local X) and blocks (long side on local Y).","every bar uses the wall_10/wall_11 ArUco mounting; wall_9 is excluded (tag rotated 90 deg, 19.0 cm not 19.5)"
hard_001,hard,hmax2,brick,wall_11,38.1,37.4,133.5,19.5,5.5,10.0,2,22.2,14.0,31.1,60.6,0.0067,150,0,1,30,2,28,"long_axis_bearing_deg = bearing of the item's LONG side in world, counter-clockwise from +X, in [0,180). Place by this, not by yaw. yaw_deg is the MuJoCo local-frame rotation and its meaning differs between bricks (long side on local X) and blocks (long side on local Y).","every bar uses the wall_10/wall_11 ArUco mounting; wall_9 is excluded (tag rotated 90 deg, 19.0 cm not 19.5)"
hard_001,hard,hmax2,block,obj_4,27.0,28.8,50.2,12.0,7.5,5.0,2,22.2,14.0,31.1,60.6,0.0067,150,0,1,30,2,28,"long_axis_bearing_deg = bearing of the item's LONG side in world, counter-clockwise from +X, in [0,180). Place by this, not by yaw. yaw_deg is the MuJoCo local-frame rotation and its meaning differs between bricks (long side on local X) and blocks (long side on local Y).","every bar uses the wall_10/wall_11 ArUco mounting; wall_9 is excluded (tag rotated 90 deg, 19.0 cm not 19.5)"
hard_002,hard,hmax2,brick,wall_10,39.2,37.8,179.2,19.5,5.5,10.0,3,23.4,17.2,12.6,66.4,0.027,74,0,2,20,8,32,"long_axis_bearing_deg = bearing of the item's LONG side in world, counter-clockwise from +X, in [0,180). Place by this, not by yaw. yaw_deg is the MuJoCo local-frame rotation and its meaning differs between bricks (long side on local X) and blocks (long side on local Y).","every bar uses the wall_10/wall_11 ArUco mounting; wall_9 is excluded (tag rotated 90 deg, 19.0 cm not 19.5)"
hard_002,hard,hmax2,brick,wall_11,13.6,49.6,73.0,19.5,5.5,10.0,3,23.4,17.2,12.6,66.4,0.027,74,0,2,20,8,32,"long_axis_bearing_deg = bearing of the item's LONG side in world, counter-clockwise from +X, in [0,180). Place by this, not by yaw. yaw_deg is the MuJoCo local-frame rotation and its meaning differs between bricks (long side on local X) and blocks (long side on local Y).","every bar uses the wall_10/wall_11 ArUco mounting; wall_9 is excluded (tag rotated 90 deg, 19.0 cm not 19.5)"
hard_002,hard,hmax2,brick,wall_12,13.6,24.9,97.7,19.5,5.5,10.0,3,23.4,17.2,12.6,66.4,0.027,74,0,2,20,8,32,"long_axis_bearing_deg = bearing of the item's LONG side in world, counter-clockwise from +X, in [0,180). Place by this, not by yaw. yaw_deg is the MuJoCo local-frame rotation and its meaning differs between bricks (long side on local X) and blocks (long side on local Y).","every bar uses the wall_10/wall_11 ArUco mounting; wall_9 is excluded (tag rotated 90 deg, 19.0 cm not 19.5)"
hard_002,hard,hmax2,block,obj_1,25.4,33.2,123.1,15.0,7.0,4.0,3,23.4,17.2,12.6,66.4,0.027,74,0,2,20,8,32,"long_axis_bearing_deg = bearing of the item's LONG side in world, counter-clockwise from +X, in [0,180). Place by this, not by yaw. yaw_deg is the MuJoCo local-frame rotation and its meaning differs between bricks (long side on local X) and blocks (long side on local Y).","every bar uses the wall_10/wall_11 ArUco mounting; wall_9 is excluded (tag rotated 90 deg, 19.0 cm not 19.5)"
hard_003,hard,hmax2,brick,wall_10,39.1,40.5,176.3,19.5,5.5,10.0,3,26.3,27.2,39.1,69.4,0.0189,53,0,1,15,3,42,"long_axis_bearing_deg = bearing of the item's LONG side in world, counter-clockwise from +X, in [0,180). Place by this, not by yaw. yaw_deg is the MuJoCo local-frame rotation and its meaning differs between bricks (long side on local X) and blocks (long side on local Y).","every bar uses the wall_10/wall_11 ArUco mounting; wall_9 is excluded (tag rotated 90 deg, 19.0 cm not 19.5)"
hard_003,hard,hmax2,brick,wall_11,14.7,52.6,74.3,19.5,5.5,10.0,3,26.3,27.2,39.1,69.4,0.0189,53,0,1,15,3,42,"long_axis_bearing_deg = bearing of the item's LONG side in world, counter-clockwise from +X, in [0,180). Place by this, not by yaw. yaw_deg is the MuJoCo local-frame rotation and its meaning differs between bricks (long side on local X) and blocks (long side on local Y).","every bar uses the wall_10/wall_11 ArUco mounting; wall_9 is excluded (tag rotated 90 deg, 19.0 cm not 19.5)"
hard_003,hard,hmax2,brick,wall_12,14.7,27.6,109.8,19.5,5.5,10.0,3,26.3,27.2,39.1,69.4,0.0189,53,0,1,15,3,42,"long_axis_bearing_deg = bearing of the item's LONG side in world, counter-clockwise from +X, in [0,180). Place by this, not by yaw. yaw_deg is the MuJoCo local-frame rotation and its meaning differs between bricks (long side on local X) and blocks (long side on local Y).","every bar uses the wall_10/wall_11 ArUco mounting; wall_9 is excluded (tag rotated 90 deg, 19.0 cm not 19.5)"
hard_003,hard,hmax2,block,obj_4,21.2,39.2,127.7,12.0,7.5,5.0,3,26.3,27.2,39.1,69.4,0.0189,53,0,1,15,3,42,"long_axis_bearing_deg = bearing of the item's LONG side in world, counter-clockwise from +X, in [0,180). Place by this, not by yaw. yaw_deg is the MuJoCo local-frame rotation and its meaning differs between bricks (long side on local X) and blocks (long side on local Y).","every bar uses the wall_10/wall_11 ArUco mounting; wall_9 is excluded (tag rotated 90 deg, 19.0 cm not 19.5)"
hard_004,hard,hmax2,brick,wall_10,38.9,38.8,169.8,19.5,5.5,10.0,2,21.2,10.8,11.0,67.6,0.0072,139,0,1,30,4,26,"long_axis_bearing_deg = bearing of the item's LONG side in world, counter-clockwise from +X, in [0,180). Place by this, not by yaw. yaw_deg is the MuJoCo local-frame rotation and its meaning differs between bricks (long side on local X) and blocks (long side on local Y).","every bar uses the wall_10/wall_11 ArUco mounting; wall_9 is excluded (tag rotated 90 deg, 19.0 cm not 19.5)"
hard_004,hard,hmax2,brick,wall_11,14.0,49.2,74.7,19.5,5.5,10.0,2,21.2,10.8,11.0,67.6,0.0072,139,0,1,30,4,26,"long_axis_bearing_deg = bearing of the item's LONG side in world, counter-clockwise from +X, in [0,180). Place by this, not by yaw. yaw_deg is the MuJoCo local-frame rotation and its meaning differs between bricks (long side on local X) and blocks (long side on local Y).","every bar uses the wall_10/wall_11 ArUco mounting; wall_9 is excluded (tag rotated 90 deg, 19.0 cm not 19.5)"
hard_004,hard,hmax2,block,obj_1,23.0,34.2,136.5,15.0,7.0,4.0,2,21.2,10.8,11.0,67.6,0.0072,139,0,1,30,4,26,"long_axis_bearing_deg = bearing of the item's LONG side in world, counter-clockwise from +X, in [0,180). Place by this, not by yaw. yaw_deg is the MuJoCo local-frame rotation and its meaning differs between bricks (long side on local X) and blocks (long side on local Y).","every bar uses the wall_10/wall_11 ArUco mounting; wall_9 is excluded (tag rotated 90 deg, 19.0 cm not 19.5)"
hard_005,hard,hmax2,brick,wall_10,39.0,42.2,6.8,19.5,5.5,10.0,2,36.8,16.9,27.3,69.0,0.0085,117,0,1,30,1,29,"long_axis_bearing_deg = bearing of the item's LONG side in world, counter-clockwise from +X, in [0,180). Place by this, not by yaw. yaw_deg is the MuJoCo local-frame rotation and its meaning differs between bricks (long side on local X) and blocks (long side on local Y).","every bar uses the wall_10/wall_11 ArUco mounting; wall_9 is excluded (tag rotated 90 deg, 19.0 cm not 19.5)"
hard_005,hard,hmax2,brick,wall_11,13.5,50.5,76.8,19.5,5.5,10.0,2,36.8,16.9,27.3,69.0,0.0085,117,0,1,30,1,29,"long_axis_bearing_deg = bearing of the item's LONG side in world, counter-clockwise from +X, in [0,180). Place by this, not by yaw. yaw_deg is the MuJoCo local-frame rotation and its meaning differs between bricks (long side on local X) and blocks (long side on local Y).","every bar uses the wall_10/wall_11 ArUco mounting; wall_9 is excluded (tag rotated 90 deg, 19.0 cm not 19.5)"
hard_005,hard,hmax2,block,obj_4,22.8,37.6,135.2,12.0,7.5,5.0,2,36.8,16.9,27.3,69.0,0.0085,117,0,1,30,1,29,"long_axis_bearing_deg = bearing of the item's LONG side in world, counter-clockwise from +X, in [0,180). Place by this, not by yaw. yaw_deg is the MuJoCo local-frame rotation and its meaning differs between bricks (long side on local X) and blocks (long side on local Y).","every bar uses the wall_10/wall_11 ArUco mounting; wall_9 is excluded (tag rotated 90 deg, 19.0 cm not 19.5)"
hard_006,hard,hmax2,brick,wall_10,10.0,37.4,6.7,19.5,5.5,10.0,3,22.3,8.4,7.6,64.1,0.0204,49,0,1,15,3,42,"long_axis_bearing_deg = bearing of the item's LONG side in world, counter-clockwise from +X, in [0,180). Place by this, not by yaw. yaw_deg is the MuJoCo local-frame rotation and its meaning differs between bricks (long side on local X) and blocks (long side on local Y).","every bar uses the wall_10/wall_11 ArUco mounting; wall_9 is excluded (tag rotated 90 deg, 19.0 cm not 19.5)"
hard_006,hard,hmax2,brick,wall_11,35.3,48.1,100.8,19.5,5.5,10.0,3,22.3,8.4,7.6,64.1,0.0204,49,0,1,15,3,42,"long_axis_bearing_deg = bearing of the item's LONG side in world, counter-clockwise from +X, in [0,180). Place by this, not by yaw. yaw_deg is the MuJoCo local-frame rotation and its meaning differs between bricks (long side on local X) and blocks (long side on local Y).","every bar uses the wall_10/wall_11 ArUco mounting; wall_9 is excluded (tag rotated 90 deg, 19.0 cm not 19.5)"
hard_006,hard,hmax2,brick,wall_12,35.3,24.8,73.0,19.5,5.5,10.0,3,22.3,8.4,7.6,64.1,0.0204,49,0,1,15,3,42,"long_axis_bearing_deg = bearing of the item's LONG side in world, counter-clockwise from +X, in [0,180). Place by this, not by yaw. yaw_deg is the MuJoCo local-frame rotation and its meaning differs between bricks (long side on local X) and blocks (long side on local Y).","every bar uses the wall_10/wall_11 ArUco mounting; wall_9 is excluded (tag rotated 90 deg, 19.0 cm not 19.5)"
hard_006,hard,hmax2,block,obj_4,26.8,36.4,51.0,12.0,7.5,5.0,3,22.3,8.4,7.6,64.1,0.0204,49,0,1,15,3,42,"long_axis_bearing_deg = bearing of the item's LONG side in world, counter-clockwise from +X, in [0,180). Place by this, not by yaw. yaw_deg is the MuJoCo local-frame rotation and its meaning differs between bricks (long side on local X) and blocks (long side on local Y).","every bar uses the wall_10/wall_11 ArUco mounting; wall_9 is excluded (tag rotated 90 deg, 19.0 cm not 19.5)"
hard_007,hard,hmax2,brick,wall_10,39.1,41.0,177.4,19.5,5.5,10.0,2,16.2,18.4,34.9,58.2,0.0073,137,0,1,30,6,24,"long_axis_bearing_deg = bearing of the item's LONG side in world, counter-clockwise from +X, in [0,180). Place by this, not by yaw. yaw_deg is the MuJoCo local-frame rotation and its meaning differs between bricks (long side on local X) and blocks (long side on local Y).","every bar uses the wall_10/wall_11 ArUco mounting; wall_9 is excluded (tag rotated 90 deg, 19.0 cm not 19.5)"
hard_007,hard,hmax2,brick,wall_11,13.7,51.7,74.7,19.5,5.5,10.0,2,16.2,18.4,34.9,58.2,0.0073,137,0,1,30,6,24,"long_axis_bearing_deg = bearing of the item's LONG side in world, counter-clockwise from +X, in [0,180). Place by this, not by yaw. yaw_deg is the MuJoCo local-frame rotation and its meaning differs between bricks (long side on local X) and blocks (long side on local Y).","every bar uses the wall_10/wall_11 ArUco mounting; wall_9 is excluded (tag rotated 90 deg, 19.0 cm not 19.5)"
hard_007,hard,hmax2,block,obj_1,21.5,36.4,137.0,15.0,7.0,4.0,2,16.2,18.4,34.9,58.2,0.0073,137,0,1,30,6,24,"long_axis_bearing_deg = bearing of the item's LONG side in world, counter-clockwise from +X, in [0,180). Place by this, not by yaw. yaw_deg is the MuJoCo local-frame rotation and its meaning differs between bricks (long side on local X) and blocks (long side on local Y).","every bar uses the wall_10/wall_11 ArUco mounting; wall_9 is excluded (tag rotated 90 deg, 19.0 cm not 19.5)"
hard_008,hard,hmax2,brick,wall_10,38.9,31.9,171.0,19.5,5.5,10.0,2,18.4,9.5,37.0,57.2,0.0086,116,0,1,24,1,35,"long_axis_bearing_deg = bearing of the item's LONG side in world, counter-clockwise from +X, in [0,180). Place by this, not by yaw. yaw_deg is the MuJoCo local-frame rotation and its meaning differs between bricks (long side on local X) and blocks (long side on local Y).","every bar uses the wall_10/wall_11 ArUco mounting; wall_9 is excluded (tag rotated 90 deg, 19.0 cm not 19.5)"
hard_008,hard,hmax2,brick,wall_11,13.1,38.0,78.1,19.5,5.5,10.0,2,18.4,9.5,37.0,57.2,0.0086,116,0,1,24,1,35,"long_axis_bearing_deg = bearing of the item's LONG side in world, counter-clockwise from +X, in [0,180). Place by this, not by yaw. yaw_deg is the MuJoCo local-frame rotation and its meaning differs between bricks (long side on local X) and blocks (long side on local Y).","every bar uses the wall_10/wall_11 ArUco mounting; wall_9 is excluded (tag rotated 90 deg, 19.0 cm not 19.5)"
hard_008,hard,hmax2,block,obj_4,22.4,27.6,128.0,12.0,7.5,5.0,2,18.4,9.5,37.0,57.2,0.0086,116,0,1,24,1,35,"long_axis_bearing_deg = bearing of the item's LONG side in world, counter-clockwise from +X, in [0,180). Place by this, not by yaw. yaw_deg is the MuJoCo local-frame rotation and its meaning differs between bricks (long side on local X) and blocks (long side on local Y).","every bar uses the wall_10/wall_11 ArUco mounting; wall_9 is excluded (tag rotated 90 deg, 19.0 cm not 19.5)"
hard_009,hard,hmax2,brick,wall_10,10.0,45.1,172.4,19.5,5.5,10.0,3,11.5,11.5,23.3,61.0,0.0238,42,0,1,12,5,43,"long_axis_bearing_deg = bearing of the item's LONG side in world, counter-clockwise from +X, in [0,180). Place by this, not by yaw. yaw_deg is the MuJoCo local-frame rotation and its meaning differs between bricks (long side on local X) and blocks (long side on local Y).","every bar uses the wall_10/wall_11 ArUco mounting; wall_9 is excluded (tag rotated 90 deg, 19.0 cm not 19.5)"
hard_009,hard,hmax2,brick,wall_11,35.2,55.7,94.6,19.5,5.5,10.0,3,11.5,11.5,23.3,61.0,0.0238,42,0,1,12,5,43,"long_axis_bearing_deg = bearing of the item's LONG side in world, counter-clockwise from +X, in [0,180). Place by this, not by yaw. yaw_deg is the MuJoCo local-frame rotation and its meaning differs between bricks (long side on local X) and blocks (long side on local Y).","every bar uses the wall_10/wall_11 ArUco mounting; wall_9 is excluded (tag rotated 90 deg, 19.0 cm not 19.5)"
hard_009,hard,hmax2,brick,wall_12,35.2,34.4,70.3,19.5,5.5,10.0,3,11.5,11.5,23.3,61.0,0.0238,42,0,1,12,5,43,"long_axis_bearing_deg = bearing of the item's LONG side in world, counter-clockwise from +X, in [0,180). Place by this, not by yaw. yaw_deg is the MuJoCo local-frame rotation and its meaning differs between bricks (long side on local X) and blocks (long side on local Y).","every bar uses the wall_10/wall_11 ArUco mounting; wall_9 is excluded (tag rotated 90 deg, 19.0 cm not 19.5)"
hard_009,hard,hmax2,block,obj_4,27.1,41.7,30.0,12.0,7.5,5.0,3,11.5,11.5,23.3,61.0,0.0238,42,0,1,12,5,43,"long_axis_bearing_deg = bearing of the item's LONG side in world, counter-clockwise from +X, in [0,180). Place by this, not by yaw. yaw_deg is the MuJoCo local-frame rotation and its meaning differs between bricks (long side on local X) and blocks (long side on local Y).","every bar uses the wall_10/wall_11 ArUco mounting; wall_9 is excluded (tag rotated 90 deg, 19.0 cm not 19.5)"
hard_010,hard,hmax2,brick,wall_10,39.1,31.3,177.2,19.5,5.5,10.0,2,18.5,13.3,23.0,66.9,0.0077,130,0,1,30,3,27,"long_axis_bearing_deg = bearing of the item's LONG side in world, counter-clockwise from +X, in [0,180). Place by this, not by yaw. yaw_deg is the MuJoCo local-frame rotation and its meaning differs between bricks (long side on local X) and blocks (long side on local Y).","every bar uses the wall_10/wall_11 ArUco mounting; wall_9 is excluded (tag rotated 90 deg, 19.0 cm not 19.5)"
hard_010,hard,hmax2,brick,wall_11,14.3,39.0,74.7,19.5,5.5,10.0,2,18.5,13.3,23.0,66.9,0.0077,130,0,1,30,3,27,"long_axis_bearing_deg = bearing of the item's LONG side in world, counter-clockwise from +X, in [0,180). Place by this, not by yaw. yaw_deg is the MuJoCo local-frame rotation and its meaning differs between bricks (long side on local X) and blocks (long side on local Y).","every bar uses the wall_10/wall_11 ArUco mounting; wall_9 is excluded (tag rotated 90 deg, 19.0 cm not 19.5)"
hard_010,hard,hmax2,block,obj_1,24.4,26.4,141.1,15.0,7.0,4.0,2,18.5,13.3,23.0,66.9,0.0077,130,0,1,30,3,27,"long_axis_bearing_deg = bearing of the item's LONG side in world, counter-clockwise from +X, in [0,180). Place by this, not by yaw. yaw_deg is the MuJoCo local-frame rotation and its meaning differs between bricks (long side on local X) and blocks (long side on local Y).","every bar uses the wall_10/wall_11 ArUco mounting; wall_9 is excluded (tag rotated 90 deg, 19.0 cm not 19.5)"
hard_011,hard,hmax2,brick,wall_10,10.0,41.2,8.0,19.5,5.5,10.0,2,13.4,15.9,19.7,71.3,0.0088,113,0,1,24,2,34,"long_axis_bearing_deg = bearing of the item's LONG side in world, counter-clockwise from +X, in [0,180). Place by this, not by yaw. yaw_deg is the MuJoCo local-frame rotation and its meaning differs between bricks (long side on local X) and blocks (long side on local Y).","every bar uses the wall_10/wall_11 ArUco mounting; wall_9 is excluded (tag rotated 90 deg, 19.0 cm not 19.5)"
hard_011,hard,hmax2,brick,wall_11,34.9,49.2,109.3,19.5,5.5,10.0,2,13.4,15.9,19.7,71.3,0.0088,113,0,1,24,2,34,"long_axis_bearing_deg = bearing of the item's LONG side in world, counter-clockwise from +X, in [0,180). Place by this, not by yaw. yaw_deg is the MuJoCo local-frame rotation and its meaning differs between bricks (long side on local X) and blocks (long side on local Y).","every bar uses the wall_10/wall_11 ArUco mounting; wall_9 is excluded (tag rotated 90 deg, 19.0 cm not 19.5)"
hard_011,hard,hmax2,block,obj_4,25.8,37.0,60.5,12.0,7.5,5.0,2,13.4,15.9,19.7,71.3,0.0088,113,0,1,24,2,34,"long_axis_bearing_deg = bearing of the item's LONG side in world, counter-clockwise from +X, in [0,180). Place by this, not by yaw. yaw_deg is the MuJoCo local-frame rotation and its meaning differs between bricks (long side on local X) and blocks (long side on local Y).","every bar uses the wall_10/wall_11 ArUco mounting; wall_9 is excluded (tag rotated 90 deg, 19.0 cm not 19.5)"
hard_012,hard,hmax2,brick,wall_10,39.2,30.6,178.1,19.5,5.5,10.0,3,33.8,17.1,29.1,55.7,0.025,40,0,1,10,6,44,"long_axis_bearing_deg = bearing of the item's LONG side in world, counter-clockwise from +X, in [0,180). Place by this, not by yaw. yaw_deg is the MuJoCo local-frame rotation and its meaning differs between bricks (long side on local X) and blocks (long side on local Y).","every bar uses the wall_10/wall_11 ArUco mounting; wall_9 is excluded (tag rotated 90 deg, 19.0 cm not 19.5)"
hard_012,hard,hmax2,brick,wall_11,14.2,43.6,70.6,19.5,5.5,10.0,3,33.8,17.1,29.1,55.7,0.025,40,0,1,10,6,44,"long_axis_bearing_deg = bearing of the item's LONG side in world, counter-clockwise from +X, in [0,180). Place by this, not by yaw. yaw_deg is the MuJoCo local-frame rotation and its meaning differs between bricks (long side on local X) and blocks (long side on local Y).","every bar uses the wall_10/wall_11 ArUco mounting; wall_9 is excluded (tag rotated 90 deg, 19.0 cm not 19.5)"
hard_012,hard,hmax2,brick,wall_12,14.2,21.1,87.5,19.5,5.5,10.0,3,33.8,17.1,29.1,55.7,0.025,40,0,1,10,6,44,"long_axis_bearing_deg = bearing of the item's LONG side in world, counter-clockwise from +X, in [0,180). Place by this, not by yaw. yaw_deg is the MuJoCo local-frame rotation and its meaning differs between bricks (long side on local X) and blocks (long side on local Y).","every bar uses the wall_10/wall_11 ArUco mounting; wall_9 is excluded (tag rotated 90 deg, 19.0 cm not 19.5)"
hard_012,hard,hmax2,block,obj_4,21.7,32.2,121.2,12.0,7.5,5.0,3,33.8,17.1,29.1,55.7,0.025,40,0,1,10,6,44,"long_axis_bearing_deg = bearing of the item's LONG side in world, counter-clockwise from +X, in [0,180). Place by this, not by yaw. yaw_deg is the MuJoCo local-frame rotation and its meaning differs between bricks (long side on local X) and blocks (long side on local Y).","every bar uses the wall_10/wall_11 ArUco mounting; wall_9 is excluded (tag rotated 90 deg, 19.0 cm not 19.5)"
hard_013,hard,hmax2,brick,wall_10,39.1,42.9,177.3,19.5,5.5,10.0,2,39.5,30.6,26.7,69.8,0.0077,130,1,0,27,8,25,"long_axis_bearing_deg = bearing of the item's LONG side in world, counter-clockwise from +X, in [0,180). Place by this, not by yaw. yaw_deg is the MuJoCo local-frame rotation and its meaning differs between bricks (long side on local X) and blocks (long side on local Y).","every bar uses the wall_10/wall_11 ArUco mounting; wall_9 is excluded (tag rotated 90 deg, 19.0 cm not 19.5)"
hard_013,hard,hmax2,brick,wall_11,13.8,51.9,72.7,19.5,5.5,10.0,2,39.5,30.6,26.7,69.8,0.0077,130,1,0,27,8,25,"long_axis_bearing_deg = bearing of the item's LONG side in world, counter-clockwise from +X, in [0,180). Place by this, not by yaw. yaw_deg is the MuJoCo local-frame rotation and its meaning differs between bricks (long side on local X) and blocks (long side on local Y).","every bar uses the wall_10/wall_11 ArUco mounting; wall_9 is excluded (tag rotated 90 deg, 19.0 cm not 19.5)"
hard_013,hard,hmax2,block,obj_1,22.8,38.3,79.0,15.0,7.0,4.0,2,39.5,30.6,26.7,69.8,0.0077,130,1,0,27,8,25,"long_axis_bearing_deg = bearing of the item's LONG side in world, counter-clockwise from +X, in [0,180). Place by this, not by yaw. yaw_deg is the MuJoCo local-frame rotation and its meaning differs between bricks (long side on local X) and blocks (long side on local Y).","every bar uses the wall_10/wall_11 ArUco mounting; wall_9 is excluded (tag rotated 90 deg, 19.0 cm not 19.5)"
hard_014,hard,hmax2,brick,wall_10,39.1,40.0,175.1,19.5,5.5,10.0,2,27.5,7.1,38.4,57.2,0.009,111,1,0,25,8,27,"long_axis_bearing_deg = bearing of the item's LONG side in world, counter-clockwise from +X, in [0,180). Place by this, not by yaw. yaw_deg is the MuJoCo local-frame rotation and its meaning differs between bricks (long side on local X) and blocks (long side on local Y).","every bar uses the wall_10/wall_11 ArUco mounting; wall_9 is excluded (tag rotated 90 deg, 19.0 cm not 19.5)"
hard_014,hard,hmax2,brick,wall_11,13.5,48.1,77.1,19.5,5.5,10.0,2,27.5,7.1,38.4,57.2,0.009,111,1,0,25,8,27,"long_axis_bearing_deg = bearing of the item's LONG side in world, counter-clockwise from +X, in [0,180). Place by this, not by yaw. yaw_deg is the MuJoCo local-frame rotation and its meaning differs between bricks (long side on local X) and blocks (long side on local Y).","every bar uses the wall_10/wall_11 ArUco mounting; wall_9 is excluded (tag rotated 90 deg, 19.0 cm not 19.5)"
hard_014,hard,hmax2,block,obj_4,21.6,36.3,65.6,12.0,7.5,5.0,2,27.5,7.1,38.4,57.2,0.009,111,1,0,25,8,27,"long_axis_bearing_deg = bearing of the item's LONG side in world, counter-clockwise from +X, in [0,180). Place by this, not by yaw. yaw_deg is the MuJoCo local-frame rotation and its meaning differs between bricks (long side on local X) and blocks (long side on local Y).","every bar uses the wall_10/wall_11 ArUco mounting; wall_9 is excluded (tag rotated 90 deg, 19.0 cm not 19.5)"
hard_015,hard,hmax2,brick,wall_10,10.0,31.9,172.6,19.5,5.5,10.0,3,10.9,7.1,22.9,52.2,0.0364,55,0,2,16,4,40,"long_axis_bearing_deg = bearing of the item's LONG side in world, counter-clockwise from +X, in [0,180). Place by this, not by yaw. yaw_deg is the MuJoCo local-frame rotation and its meaning differs between bricks (long side on local X) and blocks (long side on local Y).","every bar uses the wall_10/wall_11 ArUco mounting; wall_9 is excluded (tag rotated 90 deg, 19.0 cm not 19.5)"
hard_015,hard,hmax2,brick,wall_11,35.8,44.9,84.8,19.5,5.5,10.0,3,10.9,7.1,22.9,52.2,0.0364,55,0,2,16,4,40,"long_axis_bearing_deg = bearing of the item's LONG side in world, counter-clockwise from +X, in [0,180). Place by this, not by yaw. yaw_deg is the MuJoCo local-frame rotation and its meaning differs between bricks (long side on local X) and blocks (long side on local Y).","every bar uses the wall_10/wall_11 ArUco mounting; wall_9 is excluded (tag rotated 90 deg, 19.0 cm not 19.5)"
hard_015,hard,hmax2,brick,wall_12,35.8,19.5,76.3,19.5,5.5,10.0,3,10.9,7.1,22.9,52.2,0.0364,55,0,2,16,4,40,"long_axis_bearing_deg = bearing of the item's LONG side in world, counter-clockwise from +X, in [0,180). Place by this, not by yaw. yaw_deg is the MuJoCo local-frame rotation and its meaning differs between bricks (long side on local X) and blocks (long side on local Y).","every bar uses the wall_10/wall_11 ArUco mounting; wall_9 is excluded (tag rotated 90 deg, 19.0 cm not 19.5)"
hard_015,hard,hmax2,block,obj_4,26.9,28.6,40.3,12.0,7.5,5.0,3,10.9,7.1,22.9,52.2,0.0364,55,0,2,16,4,40,"long_axis_bearing_deg = bearing of the item's LONG side in world, counter-clockwise from +X, in [0,180). Place by this, not by yaw. yaw_deg is the MuJoCo local-frame rotation and its meaning differs between bricks (long side on local X) and blocks (long side on local Y).","every bar uses the wall_10/wall_11 ArUco mounting; wall_9 is excluded (tag rotated 90 deg, 19.0 cm not 19.5)"
hard_016,hard,hmax2,brick,wall_10,25.0,37.9,175.6,19.5,5.5,10.0,2,40.7,21.3,7.8,49.2,0.008,125,0,1,24,7,29,"long_axis_bearing_deg = bearing of the item's LONG side in world, counter-clockwise from +X, in [0,180). Place by this, not by yaw. yaw_deg is the MuJoCo local-frame rotation and its meaning differs between bricks (long side on local X) and blocks (long side on local Y).","every bar uses the wall_10/wall_11 ArUco mounting; wall_9 is excluded (tag rotated 90 deg, 19.0 cm not 19.5)"
hard_016,hard,hmax2,brick,wall_11,36.0,30.6,29.4,19.5,5.5,10.0,2,40.7,21.3,7.8,49.2,0.008,125,0,1,24,7,29,"long_axis_bearing_deg = bearing of the item's LONG side in world, counter-clockwise from +X, in [0,180). Place by this, not by yaw. yaw_deg is the MuJoCo local-frame rotation and its meaning differs between bricks (long side on local X) and blocks (long side on local Y).","every bar uses the wall_10/wall_11 ArUco mounting; wall_9 is excluded (tag rotated 90 deg, 19.0 cm not 19.5)"
hard_016,hard,hmax2,block,obj_1,8.3,28.3,170.6,15.0,7.0,4.0,2,40.7,21.3,7.8,49.2,0.008,125,0,1,24,7,29,"long_axis_bearing_deg = bearing of the item's LONG side in world, counter-clockwise from +X, in [0,180). Place by this, not by yaw. yaw_deg is the MuJoCo local-frame rotation and its meaning differs between bricks (long side on local X) and blocks (long side on local Y).","every bar uses the wall_10/wall_11 ArUco mounting; wall_9 is excluded (tag rotated 90 deg, 19.0 cm not 19.5)"
hard_017,hard,hmax2,brick,wall_10,13.3,25.4,42.4,19.5,5.5,10.0,2,26.0,15.3,6.7,63.3,0.0091,110,0,1,26,4,30,"long_axis_bearing_deg = bearing of the item's LONG side in world, counter-clockwise from +X, in [0,180). Place by this, not by yaw. yaw_deg is the MuJoCo local-frame rotation and its meaning differs between bricks (long side on local X) and blocks (long side on local Y).","every bar uses the wall_10/wall_11 ArUco mounting; wall_9 is excluded (tag rotated 90 deg, 19.0 cm not 19.5)"
hard_017,hard,hmax2,brick,wall_11,38.3,34.2,127.7,19.5,5.5,10.0,2,26.0,15.3,6.7,63.3,0.0091,110,0,1,26,4,30,"long_axis_bearing_deg = bearing of the item's LONG side in world, counter-clockwise from +X, in [0,180). Place by this, not by yaw. yaw_deg is the MuJoCo local-frame rotation and its meaning differs between bricks (long side on local X) and blocks (long side on local Y).","every bar uses the wall_10/wall_11 ArUco mounting; wall_9 is excluded (tag rotated 90 deg, 19.0 cm not 19.5)"
hard_017,hard,hmax2,block,obj_4,26.3,27.2,75.9,12.0,7.5,5.0,2,26.0,15.3,6.7,63.3,0.0091,110,0,1,26,4,30,"long_axis_bearing_deg = bearing of the item's LONG side in world, counter-clockwise from +X, in [0,180). Place by this, not by yaw. yaw_deg is the MuJoCo local-frame rotation and its meaning differs between bricks (long side on local X) and blocks (long side on local Y).","every bar uses the wall_10/wall_11 ArUco mounting; wall_9 is excluded (tag rotated 90 deg, 19.0 cm not 19.5)"
hard_018,hard,hmax2,brick,wall_10,10.1,45.8,11.6,19.5,5.5,10.0,2,31.3,15.1,18.2,71.3,0.0082,122,1,0,26,8,26,"long_axis_bearing_deg = bearing of the item's LONG side in world, counter-clockwise from +X, in [0,180). Place by this, not by yaw. yaw_deg is the MuJoCo local-frame rotation and its meaning differs between bricks (long side on local X) and blocks (long side on local Y).","every bar uses the wall_10/wall_11 ArUco mounting; wall_9 is excluded (tag rotated 90 deg, 19.0 cm not 19.5)"
hard_018,hard,hmax2,brick,wall_11,35.6,53.7,109.0,19.5,5.5,10.0,2,31.3,15.1,18.2,71.3,0.0082,122,1,0,26,8,26,"long_axis_bearing_deg = bearing of the item's LONG side in world, counter-clockwise from +X, in [0,180). Place by this, not by yaw. yaw_deg is the MuJoCo local-frame rotation and its meaning differs between bricks (long side on local X) and blocks (long side on local Y).","every bar uses the wall_10/wall_11 ArUco mounting; wall_9 is excluded (tag rotated 90 deg, 19.0 cm not 19.5)"
hard_018,hard,hmax2,block,obj_1,31.0,42.7,104.4,15.0,7.0,4.0,2,31.3,15.1,18.2,71.3,0.0082,122,1,0,26,8,26,"long_axis_bearing_deg = bearing of the item's LONG side in world, counter-clockwise from +X, in [0,180). Place by this, not by yaw. yaw_deg is the MuJoCo local-frame rotation and its meaning differs between bricks (long side on local X) and blocks (long side on local Y).","every bar uses the wall_10/wall_11 ArUco mounting; wall_9 is excluded (tag rotated 90 deg, 19.0 cm not 19.5)"
hard_019,hard,hmax2,brick,wall_10,10.1,46.3,11.9,19.5,5.5,10.0,2,17.4,6.0,8.5,60.6,0.0097,103,1,0,25,9,26,"long_axis_bearing_deg = bearing of the item's LONG side in world, counter-clockwise from +X, in [0,180). Place by this, not by yaw. yaw_deg is the MuJoCo local-frame rotation and its meaning differs between bricks (long side on local X) and blocks (long side on local Y).","every bar uses the wall_10/wall_11 ArUco mounting; wall_9 is excluded (tag rotated 90 deg, 19.0 cm not 19.5)"
hard_019,hard,hmax2,brick,wall_11,34.8,54.4,108.4,19.5,5.5,10.0,2,17.4,6.0,8.5,60.6,0.0097,103,1,0,25,9,26,"long_axis_bearing_deg = bearing of the item's LONG side in world, counter-clockwise from +X, in [0,180). Place by this, not by yaw. yaw_deg is the MuJoCo local-frame rotation and its meaning differs between bricks (long side on local X) and blocks (long side on local Y).","every bar uses the wall_10/wall_11 ArUco mounting; wall_9 is excluded (tag rotated 90 deg, 19.0 cm not 19.5)"
hard_019,hard,hmax2,block,obj_4,30.7,43.9,115.6,12.0,7.5,5.0,2,17.4,6.0,8.5,60.6,0.0097,103,1,0,25,9,26,"long_axis_bearing_deg = bearing of the item's LONG side in world, counter-clockwise from +X, in [0,180). Place by this, not by yaw. yaw_deg is the MuJoCo local-frame rotation and its meaning differs between bricks (long side on local X) and blocks (long side on local Y).","every bar uses the wall_10/wall_11 ArUco mounting; wall_9 is excluded (tag rotated 90 deg, 19.0 cm not 19.5)"
hard_020,hard,hmax2,brick,wall_10,10.1,47.0,11.0,19.5,5.5,10.0,2,8.5,10.9,13.8,64.4,0.0083,121,0,1,26,2,32,"long_axis_bearing_deg = bearing of the item's LONG side in world, counter-clockwise from +X, in [0,180). Place by this, not by yaw. yaw_deg is the MuJoCo local-frame rotation and its meaning differs between bricks (long side on local X) and blocks (long side on local Y).","every bar uses the wall_10/wall_11 ArUco mounting; wall_9 is excluded (tag rotated 90 deg, 19.0 cm not 19.5)"
hard_020,hard,hmax2,brick,wall_11,35.9,57.0,108.0,19.5,5.5,10.0,2,8.5,10.9,13.8,64.4,0.0083,121,0,1,26,2,32,"long_axis_bearing_deg = bearing of the item's LONG side in world, counter-clockwise from +X, in [0,180). Place by this, not by yaw. yaw_deg is the MuJoCo local-frame rotation and its meaning differs between bricks (long side on local X) and blocks (long side on local Y).","every bar uses the wall_10/wall_11 ArUco mounting; wall_9 is excluded (tag rotated 90 deg, 19.0 cm not 19.5)"
hard_020,hard,hmax2,block,obj_1,25.3,44.1,53.2,15.0,7.0,4.0,2,8.5,10.9,13.8,64.4,0.0083,121,0,1,26,2,32,"long_axis_bearing_deg = bearing of the item's LONG side in world, counter-clockwise from +X, in [0,180). Place by this, not by yaw. yaw_deg is the MuJoCo local-frame rotation and its meaning differs between bricks (long side on local X) and blocks (long side on local Y).","every bar uses the wall_10/wall_11 ArUco mounting; wall_9 is excluded (tag rotated 90 deg, 19.0 cm not 19.5)"
hard_021,hard,hmax2,brick,wall_10,39.2,41.3,2.0,19.5,5.5,10.0,2,31.8,11.1,28.1,65.4,0.0104,96,0,1,25,1,34,"long_axis_bearing_deg = bearing of the item's LONG side in world, counter-clockwise from +X, in [0,180). Place by this, not by yaw. yaw_deg is the MuJoCo local-frame rotation and its meaning differs between bricks (long side on local X) and blocks (long side on local Y).","every bar uses the wall_10/wall_11 ArUco mounting; wall_9 is excluded (tag rotated 90 deg, 19.0 cm not 19.5)"
hard_021,hard,hmax2,brick,wall_11,13.7,47.8,74.8,19.5,5.5,10.0,2,31.8,11.1,28.1,65.4,0.0104,96,0,1,25,1,34,"long_axis_bearing_deg = bearing of the item's LONG side in world, counter-clockwise from +X, in [0,180). Place by this, not by yaw. yaw_deg is the MuJoCo local-frame rotation and its meaning differs between bricks (long side on local X) and blocks (long side on local Y).","every bar uses the wall_10/wall_11 ArUco mounting; wall_9 is excluded (tag rotated 90 deg, 19.0 cm not 19.5)"
hard_021,hard,hmax2,block,obj_4,24.1,37.5,133.3,12.0,7.5,5.0,2,31.8,11.1,28.1,65.4,0.0104,96,0,1,25,1,34,"long_axis_bearing_deg = bearing of the item's LONG side in world, counter-clockwise from +X, in [0,180). Place by this, not by yaw. yaw_deg is the MuJoCo local-frame rotation and its meaning differs between bricks (long side on local X) and blocks (long side on local Y).","every bar uses the wall_10/wall_11 ArUco mounting; wall_9 is excluded (tag rotated 90 deg, 19.0 cm not 19.5)"
hard_022,hard,hmax2,brick,wall_10,15.0,38.4,130.9,19.5,5.5,10.0,2,6.6,32.5,14.1,65.5,0.0085,117,0,1,25,0,35,"long_axis_bearing_deg = bearing of the item's LONG side in world, counter-clockwise from +X, in [0,180). Place by this, not by yaw. yaw_deg is the MuJoCo local-frame rotation and its meaning differs between bricks (long side on local X) and blocks (long side on local Y).","every bar uses the wall_10/wall_11 ArUco mounting; wall_9 is excluded (tag rotated 90 deg, 19.0 cm not 19.5)"
hard_022,hard,hmax2,brick,wall_11,26.7,48.9,169.5,19.5,5.5,10.0,2,6.6,32.5,14.1,65.5,0.0085,117,0,1,25,0,35,"long_axis_bearing_deg = bearing of the item's LONG side in world, counter-clockwise from +X, in [0,180). Place by this, not by yaw. yaw_deg is the MuJoCo local-frame rotation and its meaning differs between bricks (long side on local X) and blocks (long side on local Y).","every bar uses the wall_10/wall_11 ArUco mounting; wall_9 is excluded (tag rotated 90 deg, 19.0 cm not 19.5)"
hard_022,hard,hmax2,block,obj_1,39.2,39.9,43.6,15.0,7.0,4.0,2,6.6,32.5,14.1,65.5,0.0085,117,0,1,25,0,35,"long_axis_bearing_deg = bearing of the item's LONG side in world, counter-clockwise from +X, in [0,180). Place by this, not by yaw. yaw_deg is the MuJoCo local-frame rotation and its meaning differs between bricks (long side on local X) and blocks (long side on local Y).","every bar uses the wall_10/wall_11 ArUco mounting; wall_9 is excluded (tag rotated 90 deg, 19.0 cm not 19.5)"
hard_023,hard,hmax2,brick,wall_10,39.0,35.1,172.9,19.5,5.5,10.0,2,28.8,9.6,8.8,61.0,0.0114,88,0,1,23,1,36,"long_axis_bearing_deg = bearing of the item's LONG side in world, counter-clockwise from +X, in [0,180). Place by this, not by yaw. yaw_deg is the MuJoCo local-frame rotation and its meaning differs between bricks (long side on local X) and blocks (long side on local Y).","every bar uses the wall_10/wall_11 ArUco mounting; wall_9 is excluded (tag rotated 90 deg, 19.0 cm not 19.5)"
hard_023,hard,hmax2,brick,wall_11,13.0,41.5,78.9,19.5,5.5,10.0,2,28.8,9.6,8.8,61.0,0.0114,88,0,1,23,1,36,"long_axis_bearing_deg = bearing of the item's LONG side in world, counter-clockwise from +X, in [0,180). Place by this, not by yaw. yaw_deg is the MuJoCo local-frame rotation and its meaning differs between bricks (long side on local X) and blocks (long side on local Y).","every bar uses the wall_10/wall_11 ArUco mounting; wall_9 is excluded (tag rotated 90 deg, 19.0 cm not 19.5)"
hard_023,hard,hmax2,block,obj_4,24.0,32.7,129.7,12.0,7.5,5.0,2,28.8,9.6,8.8,61.0,0.0114,88,0,1,23,1,36,"long_axis_bearing_deg = bearing of the item's LONG side in world, counter-clockwise from +X, in [0,180). Place by this, not by yaw. yaw_deg is the MuJoCo local-frame rotation and its meaning differs between bricks (long side on local X) and blocks (long side on local Y).","every bar uses the wall_10/wall_11 ArUco mounting; wall_9 is excluded (tag rotated 90 deg, 19.0 cm not 19.5)"
hard_024,hard,hmax2,brick,wall_10,39.2,36.9,177.8,19.5,5.5,10.0,2,26.7,14.5,16.9,60.0,0.0086,116,0,1,24,3,33,"long_axis_bearing_deg = bearing of the item's LONG side in world, counter-clockwise from +X, in [0,180). Place by this, not by yaw. yaw_deg is the MuJoCo local-frame rotation and its meaning differs between bricks (long side on local X) and blocks (long side on local Y).","every bar uses the wall_10/wall_11 ArUco mounting; wall_9 is excluded (tag rotated 90 deg, 19.0 cm not 19.5)"
hard_024,hard,hmax2,brick,wall_11,14.0,44.6,72.1,19.5,5.5,10.0,2,26.7,14.5,16.9,60.0,0.0086,116,0,1,24,3,33,"long_axis_bearing_deg = bearing of the item's LONG side in world, counter-clockwise from +X, in [0,180). Place by this, not by yaw. yaw_deg is the MuJoCo local-frame rotation and its meaning differs between bricks (long side on local X) and blocks (long side on local Y).","every bar uses the wall_10/wall_11 ArUco mounting; wall_9 is excluded (tag rotated 90 deg, 19.0 cm not 19.5)"
hard_024,hard,hmax2,block,obj_1,22.6,33.8,130.7,15.0,7.0,4.0,2,26.7,14.5,16.9,60.0,0.0086,116,0,1,24,3,33,"long_axis_bearing_deg = bearing of the item's LONG side in world, counter-clockwise from +X, in [0,180). Place by this, not by yaw. yaw_deg is the MuJoCo local-frame rotation and its meaning differs between bricks (long side on local X) and blocks (long side on local Y).","every bar uses the wall_10/wall_11 ArUco mounting; wall_9 is excluded (tag rotated 90 deg, 19.0 cm not 19.5)"
hard_025,hard,hmax2,brick,wall_10,39.1,42.6,3.9,19.5,5.5,10.0,2,35.4,6.1,40.0,64.3,0.0114,88,1,0,22,9,29,"long_axis_bearing_deg = bearing of the item's LONG side in world, counter-clockwise from +X, in [0,180). Place by this, not by yaw. yaw_deg is the MuJoCo local-frame rotation and its meaning differs between bricks (long side on local X) and blocks (long side on local Y).","every bar uses the wall_10/wall_11 ArUco mounting; wall_9 is excluded (tag rotated 90 deg, 19.0 cm not 19.5)"
hard_025,hard,hmax2,brick,wall_11,13.2,50.9,79.0,19.5,5.5,10.0,2,35.4,6.1,40.0,64.3,0.0114,88,1,0,22,9,29,"long_axis_bearing_deg = bearing of the item's LONG side in world, counter-clockwise from +X, in [0,180). Place by this, not by yaw. yaw_deg is the MuJoCo local-frame rotation and its meaning differs between bricks (long side on local X) and blocks (long side on local Y).","every bar uses the wall_10/wall_11 ArUco mounting; wall_9 is excluded (tag rotated 90 deg, 19.0 cm not 19.5)"
hard_025,hard,hmax2,block,obj_4,19.9,40.1,57.6,12.0,7.5,5.0,2,35.4,6.1,40.0,64.3,0.0114,88,1,0,22,9,29,"long_axis_bearing_deg = bearing of the item's LONG side in world, counter-clockwise from +X, in [0,180). Place by this, not by yaw. yaw_deg is the MuJoCo local-frame rotation and its meaning differs between bricks (long side on local X) and blocks (long side on local Y).","every bar uses the wall_10/wall_11 ArUco mounting; wall_9 is excluded (tag rotated 90 deg, 19.0 cm not 19.5)"
hard_026,hard,hmax2,brick,wall_10,10.0,33.7,174.6,19.5,5.5,10.0,2,15.9,9.6,7.8,64.9,0.0088,114,0,1,26,2,32,"long_axis_bearing_deg = bearing of the item's LONG side in world, counter-clockwise from +X, in [0,180). Place by this, not by yaw. yaw_deg is the MuJoCo local-frame rotation and its meaning differs between bricks (long side on local X) and blocks (long side on local Y).","every bar uses the wall_10/wall_11 ArUco mounting; wall_9 is excluded (tag rotated 90 deg, 19.0 cm not 19.5)"
hard_026,hard,hmax2,brick,wall_11,34.9,40.1,107.3,19.5,5.5,10.0,2,15.9,9.6,7.8,64.9,0.0088,114,0,1,26,2,32,"long_axis_bearing_deg = bearing of the item's LONG side in world, counter-clockwise from +X, in [0,180). Place by this, not by yaw. yaw_deg is the MuJoCo local-frame rotation and its meaning differs between bricks (long side on local X) and blocks (long side on local Y).","every bar uses the wall_10/wall_11 ArUco mounting; wall_9 is excluded (tag rotated 90 deg, 19.0 cm not 19.5)"
hard_026,hard,hmax2,block,obj_1,24.7,28.9,41.9,15.0,7.0,4.0,2,15.9,9.6,7.8,64.9,0.0088,114,0,1,26,2,32,"long_axis_bearing_deg = bearing of the item's LONG side in world, counter-clockwise from +X, in [0,180). Place by this, not by yaw. yaw_deg is the MuJoCo local-frame rotation and its meaning differs between bricks (long side on local X) and blocks (long side on local Y).","every bar uses the wall_10/wall_11 ArUco mounting; wall_9 is excluded (tag rotated 90 deg, 19.0 cm not 19.5)"
hard_027,hard,hmax2,brick,wall_10,39.0,40.8,5.8,19.5,5.5,10.0,2,36.7,25.4,28.4,67.1,0.0172,116,2,0,27,10,23,"long_axis_bearing_deg = bearing of the item's LONG side in world, counter-clockwise from +X, in [0,180). Place by this, not by yaw. yaw_deg is the MuJoCo local-frame rotation and its meaning differs between bricks (long side on local X) and blocks (long side on local Y).","every bar uses the wall_10/wall_11 ArUco mounting; wall_9 is excluded (tag rotated 90 deg, 19.0 cm not 19.5)"
hard_027,hard,hmax2,brick,wall_11,14.3,53.2,74.1,19.5,5.5,10.0,2,36.7,25.4,28.4,67.1,0.0172,116,2,0,27,10,23,"long_axis_bearing_deg = bearing of the item's LONG side in world, counter-clockwise from +X, in [0,180). Place by this, not by yaw. yaw_deg is the MuJoCo local-frame rotation and its meaning differs between bricks (long side on local X) and blocks (long side on local Y).","every bar uses the wall_10/wall_11 ArUco mounting; wall_9 is excluded (tag rotated 90 deg, 19.0 cm not 19.5)"
hard_027,hard,hmax2,block,obj_4,18.4,38.7,50.9,12.0,7.5,5.0,2,36.7,25.4,28.4,67.1,0.0172,116,2,0,27,10,23,"long_axis_bearing_deg = bearing of the item's LONG side in world, counter-clockwise from +X, in [0,180). Place by this, not by yaw. yaw_deg is the MuJoCo local-frame rotation and its meaning differs between bricks (long side on local X) and blocks (long side on local Y).","every bar uses the wall_10/wall_11 ArUco mounting; wall_9 is excluded (tag rotated 90 deg, 19.0 cm not 19.5)"
hard_028,hard,hmax2,brick,wall_10,39.0,39.8,174.9,19.5,5.5,10.0,2,8.8,17.7,30.5,61.6,0.0091,110,0,1,22,1,37,"long_axis_bearing_deg = bearing of the item's LONG side in world, counter-clockwise from +X, in [0,180). Place by this, not by yaw. yaw_deg is the MuJoCo local-frame rotation and its meaning differs between bricks (long side on local X) and blocks (long side on local Y).","every bar uses the wall_10/wall_11 ArUco mounting; wall_9 is excluded (tag rotated 90 deg, 19.0 cm not 19.5)"
hard_028,hard,hmax2,brick,wall_11,14.6,47.6,72.0,19.5,5.5,10.0,2,8.8,17.7,30.5,61.6,0.0091,110,0,1,22,1,37,"long_axis_bearing_deg = bearing of the item's LONG side in world, counter-clockwise from +X, in [0,180). Place by this, not by yaw. yaw_deg is the MuJoCo local-frame rotation and its meaning differs between bricks (long side on local X) and blocks (long side on local Y).","every bar uses the wall_10/wall_11 ArUco mounting; wall_9 is excluded (tag rotated 90 deg, 19.0 cm not 19.5)"
hard_028,hard,hmax2,block,obj_1,23.2,37.1,119.8,15.0,7.0,4.0,2,8.8,17.7,30.5,61.6,0.0091,110,0,1,22,1,37,"long_axis_bearing_deg = bearing of the item's LONG side in world, counter-clockwise from +X, in [0,180). Place by this, not by yaw. yaw_deg is the MuJoCo local-frame rotation and its meaning differs between bricks (long side on local X) and blocks (long side on local Y).","every bar uses the wall_10/wall_11 ArUco mounting; wall_9 is excluded (tag rotated 90 deg, 19.0 cm not 19.5)"
hard_029,hard,hmax2,brick,wall_10,11.1,52.7,46.9,19.5,5.5,10.0,2,10.5,15.8,27.0,68.6,0.0179,112,0,2,25,4,31,"long_axis_bearing_deg = bearing of the item's LONG side in world, counter-clockwise from +X, in [0,180). Place by this, not by yaw. yaw_deg is the MuJoCo local-frame rotation and its meaning differs between bricks (long side on local X) and blocks (long side on local Y).","every bar uses the wall_10/wall_11 ArUco mounting; wall_9 is excluded (tag rotated 90 deg, 19.0 cm not 19.5)"
hard_029,hard,hmax2,brick,wall_11,35.8,47.8,29.3,19.5,5.5,10.0,2,10.5,15.8,27.0,68.6,0.0179,112,0,2,25,4,31,"long_axis_bearing_deg = bearing of the item's LONG side in world, counter-clockwise from +X, in [0,180). Place by this, not by yaw. yaw_deg is the MuJoCo local-frame rotation and its meaning differs between bricks (long side on local X) and blocks (long side on local Y).","every bar uses the wall_10/wall_11 ArUco mounting; wall_9 is excluded (tag rotated 90 deg, 19.0 cm not 19.5)"
hard_029,hard,hmax2,block,obj_4,18.9,43.6,113.9,12.0,7.5,5.0,2,10.5,15.8,27.0,68.6,0.0179,112,0,2,25,4,31,"long_axis_bearing_deg = bearing of the item's LONG side in world, counter-clockwise from +X, in [0,180). Place by this, not by yaw. yaw_deg is the MuJoCo local-frame rotation and its meaning differs between bricks (long side on local X) and blocks (long side on local Y).","every bar uses the wall_10/wall_11 ArUco mounting; wall_9 is excluded (tag rotated 90 deg, 19.0 cm not 19.5)"
hard_030,hard,hmax2,brick,wall_10,24.3,38.6,158.6,19.5,5.5,10.0,2,17.7,7.0,22.7,70.8,0.0098,102,1,0,24,8,28,"long_axis_bearing_deg = bearing of the item's LONG side in world, counter-clockwise from +X, in [0,180). Place by this, not by yaw. yaw_deg is the MuJoCo local-frame rotation and its meaning differs between bricks (long side on local X) and blocks (long side on local Y).","every bar uses the wall_10/wall_11 ArUco mounting; wall_9 is excluded (tag rotated 90 deg, 19.0 cm not 19.5)"
hard_030,hard,hmax2,brick,wall_11,38.7,42.6,134.1,19.5,5.5,10.0,2,17.7,7.0,22.7,70.8,0.0098,102,1,0,24,8,28,"long_axis_bearing_deg = bearing of the item's LONG side in world, counter-clockwise from +X, in [0,180). Place by this, not by yaw. yaw_deg is the MuJoCo local-frame rotation and its meaning differs between bricks (long side on local X) and blocks (long side on local Y).","every bar uses the wall_10/wall_11 ArUco mounting; wall_9 is excluded (tag rotated 90 deg, 19.0 cm not 19.5)"
hard_030,hard,hmax2,block,obj_1,9.0,32.1,78.4,15.0,7.0,4.0,2,17.7,7.0,22.7,70.8,0.0098,102,1,0,24,8,28,"long_axis_bearing_deg = bearing of the item's LONG side in world, counter-clockwise from +X, in [0,180). Place by this, not by yaw. yaw_deg is the MuJoCo local-frame rotation and its meaning differs between bricks (long side on local X) and blocks (long side on local Y).","every bar uses the wall_10/wall_11 ArUco mounting; wall_9 is excluded (tag rotated 90 deg, 19.0 cm not 19.5)"
hard_031,hard,hmax2,brick,wall_10,39.1,33.4,177.2,19.5,5.5,10.0,2,20.7,11.4,31.8,51.1,0.0189,106,0,2,28,0,32,"long_axis_bearing_deg = bearing of the item's LONG side in world, counter-clockwise from +X, in [0,180). Place by this, not by yaw. yaw_deg is the MuJoCo local-frame rotation and its meaning differs between bricks (long side on local X) and blocks (long side on local Y).","every bar uses the wall_10/wall_11 ArUco mounting; wall_9 is excluded (tag rotated 90 deg, 19.0 cm not 19.5)"
hard_031,hard,hmax2,brick,wall_11,14.0,43.5,71.7,19.5,5.5,10.0,2,20.7,11.4,31.8,51.1,0.0189,106,0,2,28,0,32,"long_axis_bearing_deg = bearing of the item's LONG side in world, counter-clockwise from +X, in [0,180). Place by this, not by yaw. yaw_deg is the MuJoCo local-frame rotation and its meaning differs between bricks (long side on local X) and blocks (long side on local Y).","every bar uses the wall_10/wall_11 ArUco mounting; wall_9 is excluded (tag rotated 90 deg, 19.0 cm not 19.5)"
hard_031,hard,hmax2,block,obj_4,23.5,30.8,131.3,12.0,7.5,5.0,2,20.7,11.4,31.8,51.1,0.0189,106,0,2,28,0,32,"long_axis_bearing_deg = bearing of the item's LONG side in world, counter-clockwise from +X, in [0,180). Place by this, not by yaw. yaw_deg is the MuJoCo local-frame rotation and its meaning differs between bricks (long side on local X) and blocks (long side on local Y).","every bar uses the wall_10/wall_11 ArUco mounting; wall_9 is excluded (tag rotated 90 deg, 19.0 cm not 19.5)"
hard_032,hard,hmax2,brick,wall_10,38.9,37.7,169.4,19.5,5.5,10.0,2,33.4,19.8,34.3,55.7,0.0137,146,0,2,30,6,24,"long_axis_bearing_deg = bearing of the item's LONG side in world, counter-clockwise from +X, in [0,180). Place by this, not by yaw. yaw_deg is the MuJoCo local-frame rotation and its meaning differs between bricks (long side on local X) and blocks (long side on local Y).","every bar uses the wall_10/wall_11 ArUco mounting; wall_9 is excluded (tag rotated 90 deg, 19.0 cm not 19.5)"
hard_032,hard,hmax2,brick,wall_11,14.0,49.6,71.8,19.5,5.5,10.0,2,33.4,19.8,34.3,55.7,0.0137,146,0,2,30,6,24,"long_axis_bearing_deg = bearing of the item's LONG side in world, counter-clockwise from +X, in [0,180). Place by this, not by yaw. yaw_deg is the MuJoCo local-frame rotation and its meaning differs between bricks (long side on local X) and blocks (long side on local Y).","every bar uses the wall_10/wall_11 ArUco mounting; wall_9 is excluded (tag rotated 90 deg, 19.0 cm not 19.5)"
hard_032,hard,hmax2,block,obj_1,21.6,32.7,141.8,15.0,7.0,4.0,2,33.4,19.8,34.3,55.7,0.0137,146,0,2,30,6,24,"long_axis_bearing_deg = bearing of the item's LONG side in world, counter-clockwise from +X, in [0,180). Place by this, not by yaw. yaw_deg is the MuJoCo local-frame rotation and its meaning differs between bricks (long side on local X) and blocks (long side on local Y).","every bar uses the wall_10/wall_11 ArUco mounting; wall_9 is excluded (tag rotated 90 deg, 19.0 cm not 19.5)"
hard_033,hard,hmax2,brick,wall_10,39.0,33.2,174.8,19.5,5.5,10.0,2,22.3,19.1,26.2,52.0,0.0192,104,0,2,25,4,31,"long_axis_bearing_deg = bearing of the item's LONG side in world, counter-clockwise from +X, in [0,180). Place by this, not by yaw. yaw_deg is the MuJoCo local-frame rotation and its meaning differs between bricks (long side on local X) and blocks (long side on local Y).","every bar uses the wall_10/wall_11 ArUco mounting; wall_9 is excluded (tag rotated 90 deg, 19.0 cm not 19.5)"
hard_033,hard,hmax2,brick,wall_11,13.3,40.1,78.3,19.5,5.5,10.0,2,22.3,19.1,26.2,52.0,0.0192,104,0,2,25,4,31,"long_axis_bearing_deg = bearing of the item's LONG side in world, counter-clockwise from +X, in [0,180). Place by this, not by yaw. yaw_deg is the MuJoCo local-frame rotation and its meaning differs between bricks (long side on local X) and blocks (long side on local Y).","every bar uses the wall_10/wall_11 ArUco mounting; wall_9 is excluded (tag rotated 90 deg, 19.0 cm not 19.5)"
hard_033,hard,hmax2,block,obj_4,24.7,28.9,127.2,12.0,7.5,5.0,2,22.3,19.1,26.2,52.0,0.0192,104,0,2,25,4,31,"long_axis_bearing_deg = bearing of the item's LONG side in world, counter-clockwise from +X, in [0,180). Place by this, not by yaw. yaw_deg is the MuJoCo local-frame rotation and its meaning differs between bricks (long side on local X) and blocks (long side on local Y).","every bar uses the wall_10/wall_11 ArUco mounting; wall_9 is excluded (tag rotated 90 deg, 19.0 cm not 19.5)"
hard_034,hard,hmax2,brick,wall_10,10.1,44.7,10.4,19.5,5.5,10.0,2,17.9,18.4,12.4,67.7,0.0138,145,1,1,29,12,19,"long_axis_bearing_deg = bearing of the item's LONG side in world, counter-clockwise from +X, in [0,180). Place by this, not by yaw. yaw_deg is the MuJoCo local-frame rotation and its meaning differs between bricks (long side on local X) and blocks (long side on local Y).","every bar uses the wall_10/wall_11 ArUco mounting; wall_9 is excluded (tag rotated 90 deg, 19.0 cm not 19.5)"
hard_034,hard,hmax2,brick,wall_11,35.0,55.8,109.8,19.5,5.5,10.0,2,17.9,18.4,12.4,67.7,0.0138,145,1,1,29,12,19,"long_axis_bearing_deg = bearing of the item's LONG side in world, counter-clockwise from +X, in [0,180). Place by this, not by yaw. yaw_deg is the MuJoCo local-frame rotation and its meaning differs between bricks (long side on local X) and blocks (long side on local Y).","every bar uses the wall_10/wall_11 ArUco mounting; wall_9 is excluded (tag rotated 90 deg, 19.0 cm not 19.5)"
hard_034,hard,hmax2,block,obj_1,28.9,41.6,105.5,15.0,7.0,4.0,2,17.9,18.4,12.4,67.7,0.0138,145,1,1,29,12,19,"long_axis_bearing_deg = bearing of the item's LONG side in world, counter-clockwise from +X, in [0,180). Place by this, not by yaw. yaw_deg is the MuJoCo local-frame rotation and its meaning differs between bricks (long side on local X) and blocks (long side on local Y).","every bar uses the wall_10/wall_11 ArUco mounting; wall_9 is excluded (tag rotated 90 deg, 19.0 cm not 19.5)"
hard_035,hard,hmax2,brick,wall_10,39.0,45.3,5.2,19.5,5.5,10.0,2,25.9,30.1,8.0,59.8,0.0206,97,0,2,27,1,32,"long_axis_bearing_deg = bearing of the item's LONG side in world, counter-clockwise from +X, in [0,180). Place by this, not by yaw. yaw_deg is the MuJoCo local-frame rotation and its meaning differs between bricks (long side on local X) and blocks (long side on local Y).","every bar uses the wall_10/wall_11 ArUco mounting; wall_9 is excluded (tag rotated 90 deg, 19.0 cm not 19.5)"
hard_035,hard,hmax2,brick,wall_11,14.8,54.6,71.2,19.5,5.5,10.0,2,25.9,30.1,8.0,59.8,0.0206,97,0,2,27,1,32,"long_axis_bearing_deg = bearing of the item's LONG side in world, counter-clockwise from +X, in [0,180). Place by this, not by yaw. yaw_deg is the MuJoCo local-frame rotation and its meaning differs between bricks (long side on local X) and blocks (long side on local Y).","every bar uses the wall_10/wall_11 ArUco mounting; wall_9 is excluded (tag rotated 90 deg, 19.0 cm not 19.5)"
hard_035,hard,hmax2,block,obj_4,24.2,41.8,125.0,12.0,7.5,5.0,2,25.9,30.1,8.0,59.8,0.0206,97,0,2,27,1,32,"long_axis_bearing_deg = bearing of the item's LONG side in world, counter-clockwise from +X, in [0,180). Place by this, not by yaw. yaw_deg is the MuJoCo local-frame rotation and its meaning differs between bricks (long side on local X) and blocks (long side on local Y).","every bar uses the wall_10/wall_11 ArUco mounting; wall_9 is excluded (tag rotated 90 deg, 19.0 cm not 19.5)"
hard_036,hard,hmax2,brick,wall_10,9.8,30.1,1.5,19.5,5.5,10.0,2,13.2,16.5,21.3,44.8,0.0138,145,1,1,29,10,21,"long_axis_bearing_deg = bearing of the item's LONG side in world, counter-clockwise from +X, in [0,180). Place by this, not by yaw. yaw_deg is the MuJoCo local-frame rotation and its meaning differs between bricks (long side on local X) and blocks (long side on local Y).","every bar uses the wall_10/wall_11 ArUco mounting; wall_9 is excluded (tag rotated 90 deg, 19.0 cm not 19.5)"
hard_036,hard,hmax2,brick,wall_11,34.8,39.9,107.1,19.5,5.5,10.0,2,13.2,16.5,21.3,44.8,0.0138,145,1,1,29,10,21,"long_axis_bearing_deg = bearing of the item's LONG side in world, counter-clockwise from +X, in [0,180). Place by this, not by yaw. yaw_deg is the MuJoCo local-frame rotation and its meaning differs between bricks (long side on local X) and blocks (long side on local Y).","every bar uses the wall_10/wall_11 ArUco mounting; wall_9 is excluded (tag rotated 90 deg, 19.0 cm not 19.5)"
hard_036,hard,hmax2,block,obj_1,28.9,25.2,105.8,15.0,7.0,4.0,2,13.2,16.5,21.3,44.8,0.0138,145,1,1,29,10,21,"long_axis_bearing_deg = bearing of the item's LONG side in world, counter-clockwise from +X, in [0,180). Place by this, not by yaw. yaw_deg is the MuJoCo local-frame rotation and its meaning differs between bricks (long side on local X) and blocks (long side on local Y).","every bar uses the wall_10/wall_11 ArUco mounting; wall_9 is excluded (tag rotated 90 deg, 19.0 cm not 19.5)"
hard_037,hard,hmax2,brick,wall_10,39.0,43.3,173.8,19.5,5.5,10.0,2,19.2,27.9,26.3,57.3,0.0217,138,2,1,28,13,19,"long_axis_bearing_deg = bearing of the item's LONG side in world, counter-clockwise from +X, in [0,180). Place by this, not by yaw. yaw_deg is the MuJoCo local-frame rotation and its meaning differs between bricks (long side on local X) and blocks (long side on local Y).","every bar uses the wall_10/wall_11 ArUco mounting; wall_9 is excluded (tag rotated 90 deg, 19.0 cm not 19.5)"
hard_037,hard,hmax2,brick,wall_11,13.3,53.7,76.5,19.5,5.5,10.0,2,19.2,27.9,26.3,57.3,0.0217,138,2,1,28,13,19,"long_axis_bearing_deg = bearing of the item's LONG side in world, counter-clockwise from +X, in [0,180). Place by this, not by yaw. yaw_deg is the MuJoCo local-frame rotation and its meaning differs between bricks (long side on local X) and blocks (long side on local Y).","every bar uses the wall_10/wall_11 ArUco mounting; wall_9 is excluded (tag rotated 90 deg, 19.0 cm not 19.5)"
hard_037,hard,hmax2,block,obj_4,23.6,38.8,97.0,12.0,7.5,5.0,2,19.2,27.9,26.3,57.3,0.0217,138,2,1,28,13,19,"long_axis_bearing_deg = bearing of the item's LONG side in world, counter-clockwise from +X, in [0,180). Place by this, not by yaw. yaw_deg is the MuJoCo local-frame rotation and its meaning differs between bricks (long side on local X) and blocks (long side on local Y).","every bar uses the wall_10/wall_11 ArUco mounting; wall_9 is excluded (tag rotated 90 deg, 19.0 cm not 19.5)"
hard_038,hard,hmax2,brick,wall_10,38.9,47.4,171.3,19.5,5.5,10.0,2,19.4,20.1,32.1,69.1,0.0142,141,0,2,30,3,27,"long_axis_bearing_deg = bearing of the item's LONG side in world, counter-clockwise from +X, in [0,180). Place by this, not by yaw. yaw_deg is the MuJoCo local-frame rotation and its meaning differs between bricks (long side on local X) and blocks (long side on local Y).","every bar uses the wall_10/wall_11 ArUco mounting; wall_9 is excluded (tag rotated 90 deg, 19.0 cm not 19.5)"
hard_038,hard,hmax2,brick,wall_11,15.4,59.8,85.2,19.5,5.5,10.0,2,19.4,20.1,32.1,69.1,0.0142,141,0,2,30,3,27,"long_axis_bearing_deg = bearing of the item's LONG side in world, counter-clockwise from +X, in [0,180). Place by this, not by yaw. yaw_deg is the MuJoCo local-frame rotation and its meaning differs between bricks (long side on local X) and blocks (long side on local Y).","every bar uses the wall_10/wall_11 ArUco mounting; wall_9 is excluded (tag rotated 90 deg, 19.0 cm not 19.5)"
hard_038,hard,hmax2,block,obj_1,19.7,44.1,20.4,15.0,7.0,4.0,2,19.4,20.1,32.1,69.1,0.0142,141,0,2,30,3,27,"long_axis_bearing_deg = bearing of the item's LONG side in world, counter-clockwise from +X, in [0,180). Place by this, not by yaw. yaw_deg is the MuJoCo local-frame rotation and its meaning differs between bricks (long side on local X) and blocks (long side on local Y).","every bar uses the wall_10/wall_11 ArUco mounting; wall_9 is excluded (tag rotated 90 deg, 19.0 cm not 19.5)"
hard_039,hard,hmax2,brick,wall_10,39.1,35.6,177.6,19.5,5.5,10.0,2,10.3,20.2,41.8,59.2,0.024,125,0,3,30,0,30,"long_axis_bearing_deg = bearing of the item's LONG side in world, counter-clockwise from +X, in [0,180). Place by this, not by yaw. yaw_deg is the MuJoCo local-frame rotation and its meaning differs between bricks (long side on local X) and blocks (long side on local Y).","every bar uses the wall_10/wall_11 ArUco mounting; wall_9 is excluded (tag rotated 90 deg, 19.0 cm not 19.5)"
hard_039,hard,hmax2,brick,wall_11,13.5,45.9,76.3,19.5,5.5,10.0,2,10.3,20.2,41.8,59.2,0.024,125,0,3,30,0,30,"long_axis_bearing_deg = bearing of the item's LONG side in world, counter-clockwise from +X, in [0,180). Place by this, not by yaw. yaw_deg is the MuJoCo local-frame rotation and its meaning differs between bricks (long side on local X) and blocks (long side on local Y).","every bar uses the wall_10/wall_11 ArUco mounting; wall_9 is excluded (tag rotated 90 deg, 19.0 cm not 19.5)"
hard_039,hard,hmax2,block,obj_4,22.6,31.8,126.6,12.0,7.5,5.0,2,10.3,20.2,41.8,59.2,0.024,125,0,3,30,0,30,"long_axis_bearing_deg = bearing of the item's LONG side in world, counter-clockwise from +X, in [0,180). Place by this, not by yaw. yaw_deg is the MuJoCo local-frame rotation and its meaning differs between bricks (long side on local X) and blocks (long side on local Y).","every bar uses the wall_10/wall_11 ArUco mounting; wall_9 is excluded (tag rotated 90 deg, 19.0 cm not 19.5)"
hard_040,hard,hmax2,brick,wall_10,38.9,37.8,10.7,19.5,5.5,10.0,2,27.8,7.4,42.3,57.7,0.0155,129,1,1,28,13,19,"long_axis_bearing_deg = bearing of the item's LONG side in world, counter-clockwise from +X, in [0,180). Place by this, not by yaw. yaw_deg is the MuJoCo local-frame rotation and its meaning differs between bricks (long side on local X) and blocks (long side on local Y).","every bar uses the wall_10/wall_11 ArUco mounting; wall_9 is excluded (tag rotated 90 deg, 19.0 cm not 19.5)"
hard_040,hard,hmax2,brick,wall_11,13.5,46.6,73.3,19.5,5.5,10.0,2,27.8,7.4,42.3,57.7,0.0155,129,1,1,28,13,19,"long_axis_bearing_deg = bearing of the item's LONG side in world, counter-clockwise from +X, in [0,180). Place by this, not by yaw. yaw_deg is the MuJoCo local-frame rotation and its meaning differs between bricks (long side on local X) and blocks (long side on local Y).","every bar uses the wall_10/wall_11 ArUco mounting; wall_9 is excluded (tag rotated 90 deg, 19.0 cm not 19.5)"
hard_040,hard,hmax2,block,obj_1,18.0,33.6,65.4,15.0,7.0,4.0,2,27.8,7.4,42.3,57.7,0.0155,129,1,1,28,13,19,"long_axis_bearing_deg = bearing of the item's LONG side in world, counter-clockwise from +X, in [0,180). Place by this, not by yaw. yaw_deg is the MuJoCo local-frame rotation and its meaning differs between bricks (long side on local X) and blocks (long side on local Y).","every bar uses the wall_10/wall_11 ArUco mounting; wall_9 is excluded (tag rotated 90 deg, 19.0 cm not 19.5)"
hard_041,hard,hmax2,brick,wall_10,9.9,35.0,3.7,19.5,5.5,10.0,2,8.8,19.6,16.7,71.3,0.0248,121,2,1,25,7,28,"long_axis_bearing_deg = bearing of the item's LONG side in world, counter-clockwise from +X, in [0,180). Place by this, not by yaw. yaw_deg is the MuJoCo local-frame rotation and its meaning differs between bricks (long side on local X) and blocks (long side on local Y).","every bar uses the wall_10/wall_11 ArUco mounting; wall_9 is excluded (tag rotated 90 deg, 19.0 cm not 19.5)"
hard_041,hard,hmax2,brick,wall_11,35.3,43.8,107.5,19.5,5.5,10.0,2,8.8,19.6,16.7,71.3,0.0248,121,2,1,25,7,28,"long_axis_bearing_deg = bearing of the item's LONG side in world, counter-clockwise from +X, in [0,180). Place by this, not by yaw. yaw_deg is the MuJoCo local-frame rotation and its meaning differs between bricks (long side on local X) and blocks (long side on local Y).","every bar uses the wall_10/wall_11 ArUco mounting; wall_9 is excluded (tag rotated 90 deg, 19.0 cm not 19.5)"
hard_041,hard,hmax2,block,obj_4,26.4,30.6,74.1,12.0,7.5,5.0,2,8.8,19.6,16.7,71.3,0.0248,121,2,1,25,7,28,"long_axis_bearing_deg = bearing of the item's LONG side in world, counter-clockwise from +X, in [0,180). Place by this, not by yaw. yaw_deg is the MuJoCo local-frame rotation and its meaning differs between bricks (long side on local X) and blocks (long side on local Y).","every bar uses the wall_10/wall_11 ArUco mounting; wall_9 is excluded (tag rotated 90 deg, 19.0 cm not 19.5)"
hard_042,hard,hmax2,brick,wall_10,25.2,47.1,169.5,19.5,5.5,10.0,2,35.2,15.4,19.4,57.9,0.0159,126,0,2,26,6,28,"long_axis_bearing_deg = bearing of the item's LONG side in world, counter-clockwise from +X, in [0,180). Place by this, not by yaw. yaw_deg is the MuJoCo local-frame rotation and its meaning differs between bricks (long side on local X) and blocks (long side on local Y).","every bar uses the wall_10/wall_11 ArUco mounting; wall_9 is excluded (tag rotated 90 deg, 19.0 cm not 19.5)"
hard_042,hard,hmax2,brick,wall_11,36.8,38.6,52.7,19.5,5.5,10.0,2,35.2,15.4,19.4,57.9,0.0159,126,0,2,26,6,28,"long_axis_bearing_deg = bearing of the item's LONG side in world, counter-clockwise from +X, in [0,180). Place by this, not by yaw. yaw_deg is the MuJoCo local-frame rotation and its meaning differs between bricks (long side on local X) and blocks (long side on local Y).","every bar uses the wall_10/wall_11 ArUco mounting; wall_9 is excluded (tag rotated 90 deg, 19.0 cm not 19.5)"
hard_042,hard,hmax2,block,obj_1,11.2,40.3,167.8,15.0,7.0,4.0,2,35.2,15.4,19.4,57.9,0.0159,126,0,2,26,6,28,"long_axis_bearing_deg = bearing of the item's LONG side in world, counter-clockwise from +X, in [0,180). Place by this, not by yaw. yaw_deg is the MuJoCo local-frame rotation and its meaning differs between bricks (long side on local X) and blocks (long side on local Y).","every bar uses the wall_10/wall_11 ArUco mounting; wall_9 is excluded (tag rotated 90 deg, 19.0 cm not 19.5)"
hard_043,hard,hmax2,brick,wall_10,16.5,35.4,151.3,19.5,5.5,10.0,2,15.8,13.8,18.1,57.1,0.027,111,3,0,24,11,25,"long_axis_bearing_deg = bearing of the item's LONG side in world, counter-clockwise from +X, in [0,180). Place by this, not by yaw. yaw_deg is the MuJoCo local-frame rotation and its meaning differs between bricks (long side on local X) and blocks (long side on local Y).","every bar uses the wall_10/wall_11 ArUco mounting; wall_9 is excluded (tag rotated 90 deg, 19.0 cm not 19.5)"
hard_043,hard,hmax2,brick,wall_11,37.2,46.8,154.7,19.5,5.5,10.0,2,15.8,13.8,18.1,57.1,0.027,111,3,0,24,11,25,"long_axis_bearing_deg = bearing of the item's LONG side in world, counter-clockwise from +X, in [0,180). Place by this, not by yaw. yaw_deg is the MuJoCo local-frame rotation and its meaning differs between bricks (long side on local X) and blocks (long side on local Y).","every bar uses the wall_10/wall_11 ArUco mounting; wall_9 is excluded (tag rotated 90 deg, 19.0 cm not 19.5)"
hard_043,hard,hmax2,block,obj_4,33.9,37.0,154.4,12.0,7.5,5.0,2,15.8,13.8,18.1,57.1,0.027,111,3,0,24,11,25,"long_axis_bearing_deg = bearing of the item's LONG side in world, counter-clockwise from +X, in [0,180). Place by this, not by yaw. yaw_deg is the MuJoCo local-frame rotation and its meaning differs between bricks (long side on local X) and blocks (long side on local Y).","every bar uses the wall_10/wall_11 ArUco mounting; wall_9 is excluded (tag rotated 90 deg, 19.0 cm not 19.5)"
hard_044,hard,hmax2,brick,wall_10,10.1,38.7,169.7,19.5,5.5,10.0,2,36.5,22.1,22.8,64.4,0.0161,124,1,1,24,8,28,"long_axis_bearing_deg = bearing of the item's LONG side in world, counter-clockwise from +X, in [0,180). Place by this, not by yaw. yaw_deg is the MuJoCo local-frame rotation and its meaning differs between bricks (long side on local X) and blocks (long side on local Y).","every bar uses the wall_10/wall_11 ArUco mounting; wall_9 is excluded (tag rotated 90 deg, 19.0 cm not 19.5)"
hard_044,hard,hmax2,brick,wall_11,35.3,47.0,109.9,19.5,5.5,10.0,2,36.5,22.1,22.8,64.4,0.0161,124,1,1,24,8,28,"long_axis_bearing_deg = bearing of the item's LONG side in world, counter-clockwise from +X, in [0,180). Place by this, not by yaw. yaw_deg is the MuJoCo local-frame rotation and its meaning differs between bricks (long side on local X) and blocks (long side on local Y).","every bar uses the wall_10/wall_11 ArUco mounting; wall_9 is excluded (tag rotated 90 deg, 19.0 cm not 19.5)"
hard_044,hard,hmax2,block,obj_1,27.1,34.0,83.6,15.0,7.0,4.0,2,36.5,22.1,22.8,64.4,0.0161,124,1,1,24,8,28,"long_axis_bearing_deg = bearing of the item's LONG side in world, counter-clockwise from +X, in [0,180). Place by this, not by yaw. yaw_deg is the MuJoCo local-frame rotation and its meaning differs between bricks (long side on local X) and blocks (long side on local Y).","every bar uses the wall_10/wall_11 ArUco mounting; wall_9 is excluded (tag rotated 90 deg, 19.0 cm not 19.5)"
hard_045,hard,hmax2,brick,wall_10,9.9,42.1,2.7,19.5,5.5,10.0,2,16.8,25.4,14.0,66.4,0.0305,131,3,1,27,10,23,"long_axis_bearing_deg = bearing of the item's LONG side in world, counter-clockwise from +X, in [0,180). Place by this, not by yaw. yaw_deg is the MuJoCo local-frame rotation and its meaning differs between bricks (long side on local X) and blocks (long side on local Y).","every bar uses the wall_10/wall_11 ArUco mounting; wall_9 is excluded (tag rotated 90 deg, 19.0 cm not 19.5)"
hard_045,hard,hmax2,brick,wall_11,35.5,53.0,109.0,19.5,5.5,10.0,2,16.8,25.4,14.0,66.4,0.0305,131,3,1,27,10,23,"long_axis_bearing_deg = bearing of the item's LONG side in world, counter-clockwise from +X, in [0,180). Place by this, not by yaw. yaw_deg is the MuJoCo local-frame rotation and its meaning differs between bricks (long side on local X) and blocks (long side on local Y).","every bar uses the wall_10/wall_11 ArUco mounting; wall_9 is excluded (tag rotated 90 deg, 19.0 cm not 19.5)"
hard_045,hard,hmax2,block,obj_4,26.9,38.3,80.5,12.0,7.5,5.0,2,16.8,25.4,14.0,66.4,0.0305,131,3,1,27,10,23,"long_axis_bearing_deg = bearing of the item's LONG side in world, counter-clockwise from +X, in [0,180). Place by this, not by yaw. yaw_deg is the MuJoCo local-frame rotation and its meaning differs between bricks (long side on local X) and blocks (long side on local Y).","every bar uses the wall_10/wall_11 ArUco mounting; wall_9 is excluded (tag rotated 90 deg, 19.0 cm not 19.5)"
hard_046,hard,hmax2,brick,wall_10,38.9,46.9,11.4,19.5,5.5,10.0,2,37.1,27.3,25.2,68.4,0.0163,123,2,0,25,15,20,"long_axis_bearing_deg = bearing of the item's LONG side in world, counter-clockwise from +X, in [0,180). Place by this, not by yaw. yaw_deg is the MuJoCo local-frame rotation and its meaning differs between bricks (long side on local X) and blocks (long side on local Y).","every bar uses the wall_10/wall_11 ArUco mounting; wall_9 is excluded (tag rotated 90 deg, 19.0 cm not 19.5)"
hard_046,hard,hmax2,brick,wall_11,13.2,56.3,70.8,19.5,5.5,10.0,2,37.1,27.3,25.2,68.4,0.0163,123,2,0,25,15,20,"long_axis_bearing_deg = bearing of the item's LONG side in world, counter-clockwise from +X, in [0,180). Place by this, not by yaw. yaw_deg is the MuJoCo local-frame rotation and its meaning differs between bricks (long side on local X) and blocks (long side on local Y).","every bar uses the wall_10/wall_11 ArUco mounting; wall_9 is excluded (tag rotated 90 deg, 19.0 cm not 19.5)"
hard_046,hard,hmax2,block,obj_1,19.5,43.5,58.2,15.0,7.0,4.0,2,37.1,27.3,25.2,68.4,0.0163,123,2,0,25,15,20,"long_axis_bearing_deg = bearing of the item's LONG side in world, counter-clockwise from +X, in [0,180). Place by this, not by yaw. yaw_deg is the MuJoCo local-frame rotation and its meaning differs between bricks (long side on local X) and blocks (long side on local Y).","every bar uses the wall_10/wall_11 ArUco mounting; wall_9 is excluded (tag rotated 90 deg, 19.0 cm not 19.5)"
hard_047,hard,hmax2,brick,wall_10,10.1,41.8,10.8,19.5,5.5,10.0,2,26.5,17.7,16.9,60.8,0.0323,124,2,2,28,12,20,"long_axis_bearing_deg = bearing of the item's LONG side in world, counter-clockwise from +X, in [0,180). Place by this, not by yaw. yaw_deg is the MuJoCo local-frame rotation and its meaning differs between bricks (long side on local X) and blocks (long side on local Y).","every bar uses the wall_10/wall_11 ArUco mounting; wall_9 is excluded (tag rotated 90 deg, 19.0 cm not 19.5)"
hard_047,hard,hmax2,brick,wall_11,35.5,51.1,102.2,19.5,5.5,10.0,2,26.5,17.7,16.9,60.8,0.0323,124,2,2,28,12,20,"long_axis_bearing_deg = bearing of the item's LONG side in world, counter-clockwise from +X, in [0,180). Place by this, not by yaw. yaw_deg is the MuJoCo local-frame rotation and its meaning differs between bricks (long side on local X) and blocks (long side on local Y).","every bar uses the wall_10/wall_11 ArUco mounting; wall_9 is excluded (tag rotated 90 deg, 19.0 cm not 19.5)"
hard_047,hard,hmax2,block,obj_4,24.4,37.1,79.2,12.0,7.5,5.0,2,26.5,17.7,16.9,60.8,0.0323,124,2,2,28,12,20,"long_axis_bearing_deg = bearing of the item's LONG side in world, counter-clockwise from +X, in [0,180). Place by this, not by yaw. yaw_deg is the MuJoCo local-frame rotation and its meaning differs between bricks (long side on local X) and blocks (long side on local Y).","every bar uses the wall_10/wall_11 ArUco mounting; wall_9 is excluded (tag rotated 90 deg, 19.0 cm not 19.5)"
hard_048,hard,hmax2,brick,wall_10,26.7,44.8,153.2,19.5,5.5,10.0,2,42.6,19.1,26.0,66.9,0.0165,121,1,1,24,7,29,"long_axis_bearing_deg = bearing of the item's LONG side in world, counter-clockwise from +X, in [0,180). Place by this, not by yaw. yaw_deg is the MuJoCo local-frame rotation and its meaning differs between bricks (long side on local X) and blocks (long side on local Y).","every bar uses the wall_10/wall_11 ArUco mounting; wall_9 is excluded (tag rotated 90 deg, 19.0 cm not 19.5)"
hard_048,hard,hmax2,brick,wall_11,38.0,32.9,52.7,19.5,5.5,10.0,2,42.6,19.1,26.0,66.9,0.0165,121,1,1,24,7,29,"long_axis_bearing_deg = bearing of the item's LONG side in world, counter-clockwise from +X, in [0,180). Place by this, not by yaw. yaw_deg is the MuJoCo local-frame rotation and its meaning differs between bricks (long side on local X) and blocks (long side on local Y).","every bar uses the wall_10/wall_11 ArUco mounting; wall_9 is excluded (tag rotated 90 deg, 19.0 cm not 19.5)"
hard_048,hard,hmax2,block,obj_1,12.3,37.4,0.5,15.0,7.0,4.0,2,42.6,19.1,26.0,66.9,0.0165,121,1,1,24,7,29,"long_axis_bearing_deg = bearing of the item's LONG side in world, counter-clockwise from +X, in [0,180). Place by this, not by yaw. yaw_deg is the MuJoCo local-frame rotation and its meaning differs between bricks (long side on local X) and blocks (long side on local Y).","every bar uses the wall_10/wall_11 ArUco mounting; wall_9 is excluded (tag rotated 90 deg, 19.0 cm not 19.5)"
hard_049,hard,hmax2,brick,wall_10,39.1,34.2,2.3,19.5,5.5,10.0,2,6.7,11.6,24.7,64.5,0.0333,120,0,4,27,5,28,"long_axis_bearing_deg = bearing of the item's LONG side in world, counter-clockwise from +X, in [0,180). Place by this, not by yaw. yaw_deg is the MuJoCo local-frame rotation and its meaning differs between bricks (long side on local X) and blocks (long side on local Y).","every bar uses the wall_10/wall_11 ArUco mounting; wall_9 is excluded (tag rotated 90 deg, 19.0 cm not 19.5)"
hard_049,hard,hmax2,brick,wall_11,13.6,43.5,77.6,19.5,5.5,10.0,2,6.7,11.6,24.7,64.5,0.0333,120,0,4,27,5,28,"long_axis_bearing_deg = bearing of the item's LONG side in world, counter-clockwise from +X, in [0,180). Place by this, not by yaw. yaw_deg is the MuJoCo local-frame rotation and its meaning differs between bricks (long side on local X) and blocks (long side on local Y).","every bar uses the wall_10/wall_11 ArUco mounting; wall_9 is excluded (tag rotated 90 deg, 19.0 cm not 19.5)"
hard_049,hard,hmax2,block,obj_4,22.8,29.6,152.2,12.0,7.5,5.0,2,6.7,11.6,24.7,64.5,0.0333,120,0,4,27,5,28,"long_axis_bearing_deg = bearing of the item's LONG side in world, counter-clockwise from +X, in [0,180). Place by this, not by yaw. yaw_deg is the MuJoCo local-frame rotation and its meaning differs between bricks (long side on local X) and blocks (long side on local Y).","every bar uses the wall_10/wall_11 ArUco mounting; wall_9 is excluded (tag rotated 90 deg, 19.0 cm not 19.5)"
hard_050,hard,hmax2,brick,wall_10,38.9,30.7,169.8,19.5,5.5,10.0,2,33.3,14.6,13.5,65.5,0.0165,121,2,0,25,2,33,"long_axis_bearing_deg = bearing of the item's LONG side in world, counter-clockwise from +X, in [0,180). Place by this, not by yaw. yaw_deg is the MuJoCo local-frame rotation and its meaning differs between bricks (long side on local X) and blocks (long side on local Y).","every bar uses the wall_10/wall_11 ArUco mounting; wall_9 is excluded (tag rotated 90 deg, 19.0 cm not 19.5)"
hard_050,hard,hmax2,brick,wall_11,13.0,38.5,73.5,19.5,5.5,10.0,2,33.3,14.6,13.5,65.5,0.0165,121,2,0,25,2,33,"long_axis_bearing_deg = bearing of the item's LONG side in world, counter-clockwise from +X, in [0,180). Place by this, not by yaw. yaw_deg is the MuJoCo local-frame rotation and its meaning differs between bricks (long side on local X) and blocks (long side on local Y).","every bar uses the wall_10/wall_11 ArUco mounting; wall_9 is excluded (tag rotated 90 deg, 19.0 cm not 19.5)"
hard_050,hard,hmax2,block,obj_1,21.9,26.7,112.4,15.0,7.0,4.0,2,33.3,14.6,13.5,65.5,0.0165,121,2,0,25,2,33,"long_axis_bearing_deg = bearing of the item's LONG side in world, counter-clockwise from +X, in [0,180). Place by this, not by yaw. yaw_deg is the MuJoCo local-frame rotation and its meaning differs between bricks (long side on local X) and blocks (long side on local Y).","every bar uses the wall_10/wall_11 ArUco mounting; wall_9 is excluded (tag rotated 90 deg, 19.0 cm not 19.5)"
hard_051,hard,hmax2,brick,wall_10,39.0,34.2,5.3,19.5,5.5,10.0,2,23.5,14.6,8.6,66.2,0.0355,141,5,0,29,3,28,"long_axis_bearing_deg = bearing of the item's LONG side in world, counter-clockwise from +X, in [0,180). Place by this, not by yaw. yaw_deg is the MuJoCo local-frame rotation and its meaning differs between bricks (long side on local X) and blocks (long side on local Y).","every bar uses the wall_10/wall_11 ArUco mounting; wall_9 is excluded (tag rotated 90 deg, 19.0 cm not 19.5)"
hard_051,hard,hmax2,brick,wall_11,13.7,45.1,75.1,19.5,5.5,10.0,2,23.5,14.6,8.6,66.2,0.0355,141,5,0,29,3,28,"long_axis_bearing_deg = bearing of the item's LONG side in world, counter-clockwise from +X, in [0,180). Place by this, not by yaw. yaw_deg is the MuJoCo local-frame rotation and its meaning differs between bricks (long side on local X) and blocks (long side on local Y).","every bar uses the wall_10/wall_11 ArUco mounting; wall_9 is excluded (tag rotated 90 deg, 19.0 cm not 19.5)"
hard_051,hard,hmax2,block,obj_4,20.4,29.4,108.4,12.0,7.5,5.0,2,23.5,14.6,8.6,66.2,0.0355,141,5,0,29,3,28,"long_axis_bearing_deg = bearing of the item's LONG side in world, counter-clockwise from +X, in [0,180). Place by this, not by yaw. yaw_deg is the MuJoCo local-frame rotation and its meaning differs between bricks (long side on local X) and blocks (long side on local Y).","every bar uses the wall_10/wall_11 ArUco mounting; wall_9 is excluded (tag rotated 90 deg, 19.0 cm not 19.5)"
hard_052,hard,hmax2,brick,wall_10,39.1,38.1,177.5,19.5,5.5,10.0,2,37.9,18.6,19.7,63.8,0.0168,119,2,0,24,15,21,"long_axis_bearing_deg = bearing of the item's LONG side in world, counter-clockwise from +X, in [0,180). Place by this, not by yaw. yaw_deg is the MuJoCo local-frame rotation and its meaning differs between bricks (long side on local X) and blocks (long side on local Y).","every bar uses the wall_10/wall_11 ArUco mounting; wall_9 is excluded (tag rotated 90 deg, 19.0 cm not 19.5)"
hard_052,hard,hmax2,brick,wall_11,13.7,49.2,75.9,19.5,5.5,10.0,2,37.9,18.6,19.7,63.8,0.0168,119,2,0,24,15,21,"long_axis_bearing_deg = bearing of the item's LONG side in world, counter-clockwise from +X, in [0,180). Place by this, not by yaw. yaw_deg is the MuJoCo local-frame rotation and its meaning differs between bricks (long side on local X) and blocks (long side on local Y).","every bar uses the wall_10/wall_11 ArUco mounting; wall_9 is excluded (tag rotated 90 deg, 19.0 cm not 19.5)"
hard_052,hard,hmax2,block,obj_1,19.9,36.7,62.1,15.0,7.0,4.0,2,37.9,18.6,19.7,63.8,0.0168,119,2,0,24,15,21,"long_axis_bearing_deg = bearing of the item's LONG side in world, counter-clockwise from +X, in [0,180). Place by this, not by yaw. yaw_deg is the MuJoCo local-frame rotation and its meaning differs between bricks (long side on local X) and blocks (long side on local Y).","every bar uses the wall_10/wall_11 ArUco mounting; wall_9 is excluded (tag rotated 90 deg, 19.0 cm not 19.5)"
hard_053,hard,hmax2,brick,wall_10,38.9,47.7,171.3,19.5,5.5,10.0,2,25.4,32.6,36.4,68.9,0.0355,141,3,2,30,2,28,"long_axis_bearing_deg = bearing of the item's LONG side in world, counter-clockwise from +X, in [0,180). Place by this, not by yaw. yaw_deg is the MuJoCo local-frame rotation and its meaning differs between bricks (long side on local X) and blocks (long side on local Y).","every bar uses the wall_10/wall_11 ArUco mounting; wall_9 is excluded (tag rotated 90 deg, 19.0 cm not 19.5)"
hard_053,hard,hmax2,brick,wall_11,14.9,58.9,81.2,19.5,5.5,10.0,2,25.4,32.6,36.4,68.9,0.0355,141,3,2,30,2,28,"long_axis_bearing_deg = bearing of the item's LONG side in world, counter-clockwise from +X, in [0,180). Place by this, not by yaw. yaw_deg is the MuJoCo local-frame rotation and its meaning differs between bricks (long side on local X) and blocks (long side on local Y).","every bar uses the wall_10/wall_11 ArUco mounting; wall_9 is excluded (tag rotated 90 deg, 19.0 cm not 19.5)"
hard_053,hard,hmax2,block,obj_4,20.6,43.8,45.5,12.0,7.5,5.0,2,25.4,32.6,36.4,68.9,0.0355,141,3,2,30,2,28,"long_axis_bearing_deg = bearing of the item's LONG side in world, counter-clockwise from +X, in [0,180). Place by this, not by yaw. yaw_deg is the MuJoCo local-frame rotation and its meaning differs between bricks (long side on local X) and blocks (long side on local Y).","every bar uses the wall_10/wall_11 ArUco mounting; wall_9 is excluded (tag rotated 90 deg, 19.0 cm not 19.5)"
hard_054,hard,hmax2,brick,wall_10,9.8,41.4,0.5,19.5,5.5,10.0,2,11.2,24.7,9.7,59.9,0.0168,119,0,2,30,7,23,"long_axis_bearing_deg = bearing of the item's LONG side in world, counter-clockwise from +X, in [0,180). Place by this, not by yaw. yaw_deg is the MuJoCo local-frame rotation and its meaning differs between bricks (long side on local X) and blocks (long side on local Y).","every bar uses the wall_10/wall_11 ArUco mounting; wall_9 is excluded (tag rotated 90 deg, 19.0 cm not 19.5)"
hard_054,hard,hmax2,brick,wall_11,35.5,52.2,104.6,19.5,5.5,10.0,2,11.2,24.7,9.7,59.9,0.0168,119,0,2,30,7,23,"long_axis_bearing_deg = bearing of the item's LONG side in world, counter-clockwise from +X, in [0,180). Place by this, not by yaw. yaw_deg is the MuJoCo local-frame rotation and its meaning differs between bricks (long side on local X) and blocks (long side on local Y).","every bar uses the wall_10/wall_11 ArUco mounting; wall_9 is excluded (tag rotated 90 deg, 19.0 cm not 19.5)"
hard_054,hard,hmax2,block,obj_1,28.3,37.2,40.1,15.0,7.0,4.0,2,11.2,24.7,9.7,59.9,0.0168,119,0,2,30,7,23,"long_axis_bearing_deg = bearing of the item's LONG side in world, counter-clockwise from +X, in [0,180). Place by this, not by yaw. yaw_deg is the MuJoCo local-frame rotation and its meaning differs between bricks (long side on local X) and blocks (long side on local Y).","every bar uses the wall_10/wall_11 ArUco mounting; wall_9 is excluded (tag rotated 90 deg, 19.0 cm not 19.5)"
hard_055,hard,hmax2,brick,wall_10,39.1,46.5,176.6,19.5,5.5,10.0,2,11.8,17.7,28.9,71.4,0.0355,141,4,1,28,5,27,"long_axis_bearing_deg = bearing of the item's LONG side in world, counter-clockwise from +X, in [0,180). Place by this, not by yaw. yaw_deg is the MuJoCo local-frame rotation and its meaning differs between bricks (long side on local X) and blocks (long side on local Y).","every bar uses the wall_10/wall_11 ArUco mounting; wall_9 is excluded (tag rotated 90 deg, 19.0 cm not 19.5)"
hard_055,hard,hmax2,brick,wall_11,15.2,59.1,81.6,19.5,5.5,10.0,2,11.8,17.7,28.9,71.4,0.0355,141,4,1,28,5,27,"long_axis_bearing_deg = bearing of the item's LONG side in world, counter-clockwise from +X, in [0,180). Place by this, not by yaw. yaw_deg is the MuJoCo local-frame rotation and its meaning differs between bricks (long side on local X) and blocks (long side on local Y).","every bar uses the wall_10/wall_11 ArUco mounting; wall_9 is excluded (tag rotated 90 deg, 19.0 cm not 19.5)"
hard_055,hard,hmax2,block,obj_4,20.8,43.3,2.6,12.0,7.5,5.0,2,11.8,17.7,28.9,71.4,0.0355,141,4,1,28,5,27,"long_axis_bearing_deg = bearing of the item's LONG side in world, counter-clockwise from +X, in [0,180). Place by this, not by yaw. yaw_deg is the MuJoCo local-frame rotation and its meaning differs between bricks (long side on local X) and blocks (long side on local Y).","every bar uses the wall_10/wall_11 ArUco mounting; wall_9 is excluded (tag rotated 90 deg, 19.0 cm not 19.5)"
hard_056,hard,hmax2,brick,wall_10,39.0,30.1,174.2,19.5,5.5,10.0,2,10.1,7.4,29.3,68.2,0.0174,115,0,2,28,6,26,"long_axis_bearing_deg = bearing of the item's LONG side in world, counter-clockwise from +X, in [0,180). Place by this, not by yaw. yaw_deg is the MuJoCo local-frame rotation and its meaning differs between bricks (long side on local X) and blocks (long side on local Y).","every bar uses the wall_10/wall_11 ArUco mounting; wall_9 is excluded (tag rotated 90 deg, 19.0 cm not 19.5)"
hard_056,hard,hmax2,brick,wall_11,14.0,39.9,72.5,19.5,5.5,10.0,2,10.1,7.4,29.3,68.2,0.0174,115,0,2,28,6,26,"long_axis_bearing_deg = bearing of the item's LONG side in world, counter-clockwise from +X, in [0,180). Place by this, not by yaw. yaw_deg is the MuJoCo local-frame rotation and its meaning differs between bricks (long side on local X) and blocks (long side on local Y).","every bar uses the wall_10/wall_11 ArUco mounting; wall_9 is excluded (tag rotated 90 deg, 19.0 cm not 19.5)"
hard_056,hard,hmax2,block,obj_1,23.2,27.2,150.3,15.0,7.0,4.0,2,10.1,7.4,29.3,68.2,0.0174,115,0,2,28,6,26,"long_axis_bearing_deg = bearing of the item's LONG side in world, counter-clockwise from +X, in [0,180). Place by this, not by yaw. yaw_deg is the MuJoCo local-frame rotation and its meaning differs between bricks (long side on local X) and blocks (long side on local Y).","every bar uses the wall_10/wall_11 ArUco mounting; wall_9 is excluded (tag rotated 90 deg, 19.0 cm not 19.5)"
hard_057,hard,hmax2,brick,wall_10,39.0,36.5,172.1,19.5,5.5,10.0,2,23.0,11.3,40.2,62.8,0.0377,106,4,0,28,8,24,"long_axis_bearing_deg = bearing of the item's LONG side in world, counter-clockwise from +X, in [0,180). Place by this, not by yaw. yaw_deg is the MuJoCo local-frame rotation and its meaning differs between bricks (long side on local X) and blocks (long side on local Y).","every bar uses the wall_10/wall_11 ArUco mounting; wall_9 is excluded (tag rotated 90 deg, 19.0 cm not 19.5)"
hard_057,hard,hmax2,brick,wall_11,13.2,44.4,78.1,19.5,5.5,10.0,2,23.0,11.3,40.2,62.8,0.0377,106,4,0,28,8,24,"long_axis_bearing_deg = bearing of the item's LONG side in world, counter-clockwise from +X, in [0,180). Place by this, not by yaw. yaw_deg is the MuJoCo local-frame rotation and its meaning differs between bricks (long side on local X) and blocks (long side on local Y).","every bar uses the wall_10/wall_11 ArUco mounting; wall_9 is excluded (tag rotated 90 deg, 19.0 cm not 19.5)"
hard_057,hard,hmax2,block,obj_4,20.3,31.6,162.0,12.0,7.5,5.0,2,23.0,11.3,40.2,62.8,0.0377,106,4,0,28,8,24,"long_axis_bearing_deg = bearing of the item's LONG side in world, counter-clockwise from +X, in [0,180). Place by this, not by yaw. yaw_deg is the MuJoCo local-frame rotation and its meaning differs between bricks (long side on local X) and blocks (long side on local Y).","every bar uses the wall_10/wall_11 ArUco mounting; wall_9 is excluded (tag rotated 90 deg, 19.0 cm not 19.5)"
hard_058,hard,hmax2,brick,wall_10,38.9,31.3,169.1,19.5,5.5,10.0,2,41.3,18.7,30.0,64.2,0.0177,113,0,2,24,5,31,"long_axis_bearing_deg = bearing of the item's LONG side in world, counter-clockwise from +X, in [0,180). Place by this, not by yaw. yaw_deg is the MuJoCo local-frame rotation and its meaning differs between bricks (long side on local X) and blocks (long side on local Y).","every bar uses the wall_10/wall_11 ArUco mounting; wall_9 is excluded (tag rotated 90 deg, 19.0 cm not 19.5)"
hard_058,hard,hmax2,brick,wall_11,13.9,38.5,74.1,19.5,5.5,10.0,2,41.3,18.7,30.0,64.2,0.0177,113,0,2,24,5,31,"long_axis_bearing_deg = bearing of the item's LONG side in world, counter-clockwise from +X, in [0,180). Place by this, not by yaw. yaw_deg is the MuJoCo local-frame rotation and its meaning differs between bricks (long side on local X) and blocks (long side on local Y).","every bar uses the wall_10/wall_11 ArUco mounting; wall_9 is excluded (tag rotated 90 deg, 19.0 cm not 19.5)"
hard_058,hard,hmax2,block,obj_1,23.4,26.6,169.6,15.0,7.0,4.0,2,41.3,18.7,30.0,64.2,0.0177,113,0,2,24,5,31,"long_axis_bearing_deg = bearing of the item's LONG side in world, counter-clockwise from +X, in [0,180). Place by this, not by yaw. yaw_deg is the MuJoCo local-frame rotation and its meaning differs between bricks (long side on local X) and blocks (long side on local Y).","every bar uses the wall_10/wall_11 ArUco mounting; wall_9 is excluded (tag rotated 90 deg, 19.0 cm not 19.5)"
hard_059,hard,hmax2,brick,wall_10,9.9,46.7,4.6,19.5,5.5,10.0,2,32.3,26.8,12.9,59.7,0.0379,132,4,1,29,4,27,"long_axis_bearing_deg = bearing of the item's LONG side in world, counter-clockwise from +X, in [0,180). Place by this, not by yaw. yaw_deg is the MuJoCo local-frame rotation and its meaning differs between bricks (long side on local X) and blocks (long side on local Y).","every bar uses the wall_10/wall_11 ArUco mounting; wall_9 is excluded (tag rotated 90 deg, 19.0 cm not 19.5)"
hard_059,hard,hmax2,brick,wall_11,34.2,58.4,106.2,19.5,5.5,10.0,2,32.3,26.8,12.9,59.7,0.0379,132,4,1,29,4,27,"long_axis_bearing_deg = bearing of the item's LONG side in world, counter-clockwise from +X, in [0,180). Place by this, not by yaw. yaw_deg is the MuJoCo local-frame rotation and its meaning differs between bricks (long side on local X) and blocks (long side on local Y).","every bar uses the wall_10/wall_11 ArUco mounting; wall_9 is excluded (tag rotated 90 deg, 19.0 cm not 19.5)"
hard_059,hard,hmax2,block,obj_4,28.6,43.3,132.6,12.0,7.5,5.0,2,32.3,26.8,12.9,59.7,0.0379,132,4,1,29,4,27,"long_axis_bearing_deg = bearing of the item's LONG side in world, counter-clockwise from +X, in [0,180). Place by this, not by yaw. yaw_deg is the MuJoCo local-frame rotation and its meaning differs between bricks (long side on local X) and blocks (long side on local Y).","every bar uses the wall_10/wall_11 ArUco mounting; wall_9 is excluded (tag rotated 90 deg, 19.0 cm not 19.5)"
hard_060,hard,hmax2,brick,wall_10,25.5,53.1,48.6,19.5,5.5,10.0,2,10.9,21.6,10.0,69.5,0.0179,112,0,2,25,6,29,"long_axis_bearing_deg = bearing of the item's LONG side in world, counter-clockwise from +X, in [0,180). Place by this, not by yaw. yaw_deg is the MuJoCo local-frame rotation and its meaning differs between bricks (long side on local X) and blocks (long side on local Y).","every bar uses the wall_10/wall_11 ArUco mounting; wall_9 is excluded (tag rotated 90 deg, 19.0 cm not 19.5)"
hard_060,hard,hmax2,brick,wall_11,35.5,41.7,125.2,19.5,5.5,10.0,2,10.9,21.6,10.0,69.5,0.0179,112,0,2,25,6,29,"long_axis_bearing_deg = bearing of the item's LONG side in world, counter-clockwise from +X, in [0,180). Place by this, not by yaw. yaw_deg is the MuJoCo local-frame rotation and its meaning differs between bricks (long side on local X) and blocks (long side on local Y).","every bar uses the wall_10/wall_11 ArUco mounting; wall_9 is excluded (tag rotated 90 deg, 19.0 cm not 19.5)"
hard_060,hard,hmax2,block,obj_1,10.7,42.8,145.9,15.0,7.0,4.0,2,10.9,21.6,10.0,69.5,0.0179,112,0,2,25,6,29,"long_axis_bearing_deg = bearing of the item's LONG side in world, counter-clockwise from +X, in [0,180). Place by this, not by yaw. yaw_deg is the MuJoCo local-frame rotation and its meaning differs between bricks (long side on local X) and blocks (long side on local Y).","every bar uses the wall_10/wall_11 ArUco mounting; wall_9 is excluded (tag rotated 90 deg, 19.0 cm not 19.5)"
hard_061,hard,hmax2,brick,wall_10,39.1,43.6,4.5,19.5,5.5,10.0,2,22.1,9.7,22.6,69.8,0.0392,102,0,4,27,6,27,"long_axis_bearing_deg = bearing of the item's LONG side in world, counter-clockwise from +X, in [0,180). Place by this, not by yaw. yaw_deg is the MuJoCo local-frame rotation and its meaning differs between bricks (long side on local X) and blocks (long side on local Y).","every bar uses the wall_10/wall_11 ArUco mounting; wall_9 is excluded (tag rotated 90 deg, 19.0 cm not 19.5)"
hard_061,hard,hmax2,brick,wall_11,13.3,51.0,78.0,19.5,5.5,10.0,2,22.1,9.7,22.6,69.8,0.0392,102,0,4,27,6,27,"long_axis_bearing_deg = bearing of the item's LONG side in world, counter-clockwise from +X, in [0,180). Place by this, not by yaw. yaw_deg is the MuJoCo local-frame rotation and its meaning differs between bricks (long side on local X) and blocks (long side on local Y).","every bar uses the wall_10/wall_11 ArUco mounting; wall_9 is excluded (tag rotated 90 deg, 19.0 cm not 19.5)"
hard_061,hard,hmax2,block,obj_4,21.4,39.2,21.1,12.0,7.5,5.0,2,22.1,9.7,22.6,69.8,0.0392,102,0,4,27,6,27,"long_axis_bearing_deg = bearing of the item's LONG side in world, counter-clockwise from +X, in [0,180). Place by this, not by yaw. yaw_deg is the MuJoCo local-frame rotation and its meaning differs between bricks (long side on local X) and blocks (long side on local Y).","every bar uses the wall_10/wall_11 ArUco mounting; wall_9 is excluded (tag rotated 90 deg, 19.0 cm not 19.5)"
hard_062,hard,hmax2,brick,wall_10,10.1,47.5,11.2,19.5,5.5,10.0,2,29.8,26.7,24.5,61.9,0.02,150,2,1,30,6,24,"long_axis_bearing_deg = bearing of the item's LONG side in world, counter-clockwise from +X, in [0,180). Place by this, not by yaw. yaw_deg is the MuJoCo local-frame rotation and its meaning differs between bricks (long side on local X) and blocks (long side on local Y).","every bar uses the wall_10/wall_11 ArUco mounting; wall_9 is excluded (tag rotated 90 deg, 19.0 cm not 19.5)"
hard_062,hard,hmax2,brick,wall_11,35.2,59.2,104.7,19.5,5.5,10.0,2,29.8,26.7,24.5,61.9,0.02,150,2,1,30,6,24,"long_axis_bearing_deg = bearing of the item's LONG side in world, counter-clockwise from +X, in [0,180). Place by this, not by yaw. yaw_deg is the MuJoCo local-frame rotation and its meaning differs between bricks (long side on local X) and blocks (long side on local Y).","every bar uses the wall_10/wall_11 ArUco mounting; wall_9 is excluded (tag rotated 90 deg, 19.0 cm not 19.5)"
hard_062,hard,hmax2,block,obj_1,27.4,43.8,79.4,15.0,7.0,4.0,2,29.8,26.7,24.5,61.9,0.02,150,2,1,30,6,24,"long_axis_bearing_deg = bearing of the item's LONG side in world, counter-clockwise from +X, in [0,180). Place by this, not by yaw. yaw_deg is the MuJoCo local-frame rotation and its meaning differs between bricks (long side on local X) and blocks (long side on local Y).","every bar uses the wall_10/wall_11 ArUco mounting; wall_9 is excluded (tag rotated 90 deg, 19.0 cm not 19.5)"
hard_063,hard,hmax2,brick,wall_10,38.9,32.0,169.8,19.5,5.5,10.0,2,33.7,17.3,10.7,60.1,0.0397,126,4,1,31,7,22,"long_axis_bearing_deg = bearing of the item's LONG side in world, counter-clockwise from +X, in [0,180). Place by this, not by yaw. yaw_deg is the MuJoCo local-frame rotation and its meaning differs between bricks (long side on local X) and blocks (long side on local Y).","every bar uses the wall_10/wall_11 ArUco mounting; wall_9 is excluded (tag rotated 90 deg, 19.0 cm not 19.5)"
hard_063,hard,hmax2,brick,wall_11,14.3,41.9,73.0,19.5,5.5,10.0,2,33.7,17.3,10.7,60.1,0.0397,126,4,1,31,7,22,"long_axis_bearing_deg = bearing of the item's LONG side in world, counter-clockwise from +X, in [0,180). Place by this, not by yaw. yaw_deg is the MuJoCo local-frame rotation and its meaning differs between bricks (long side on local X) and blocks (long side on local Y).","every bar uses the wall_10/wall_11 ArUco mounting; wall_9 is excluded (tag rotated 90 deg, 19.0 cm not 19.5)"
hard_063,hard,hmax2,block,obj_4,20.5,27.7,156.5,12.0,7.5,5.0,2,33.7,17.3,10.7,60.1,0.0397,126,4,1,31,7,22,"long_axis_bearing_deg = bearing of the item's LONG side in world, counter-clockwise from +X, in [0,180). Place by this, not by yaw. yaw_deg is the MuJoCo local-frame rotation and its meaning differs between bricks (long side on local X) and blocks (long side on local Y).","every bar uses the wall_10/wall_11 ArUco mounting; wall_9 is excluded (tag rotated 90 deg, 19.0 cm not 19.5)"
hard_064,hard,hmax2,brick,wall_10,10.0,40.5,8.0,19.5,5.5,10.0,2,6.6,16.1,19.9,58.4,0.02,100,0,2,22,3,35,"long_axis_bearing_deg = bearing of the item's LONG side in world, counter-clockwise from +X, in [0,180). Place by this, not by yaw. yaw_deg is the MuJoCo local-frame rotation and its meaning differs between bricks (long side on local X) and blocks (long side on local Y).","every bar uses the wall_10/wall_11 ArUco mounting; wall_9 is excluded (tag rotated 90 deg, 19.0 cm not 19.5)"
hard_064,hard,hmax2,brick,wall_11,35.3,49.2,106.2,19.5,5.5,10.0,2,6.6,16.1,19.9,58.4,0.02,100,0,2,22,3,35,"long_axis_bearing_deg = bearing of the item's LONG side in world, counter-clockwise from +X, in [0,180). Place by this, not by yaw. yaw_deg is the MuJoCo local-frame rotation and its meaning differs between bricks (long side on local X) and blocks (long side on local Y).","every bar uses the wall_10/wall_11 ArUco mounting; wall_9 is excluded (tag rotated 90 deg, 19.0 cm not 19.5)"
hard_064,hard,hmax2,block,obj_1,26.0,40.2,54.1,15.0,7.0,4.0,2,6.6,16.1,19.9,58.4,0.02,100,0,2,22,3,35,"long_axis_bearing_deg = bearing of the item's LONG side in world, counter-clockwise from +X, in [0,180). Place by this, not by yaw. yaw_deg is the MuJoCo local-frame rotation and its meaning differs between bricks (long side on local X) and blocks (long side on local Y).","every bar uses the wall_10/wall_11 ArUco mounting; wall_9 is excluded (tag rotated 90 deg, 19.0 cm not 19.5)"
hard_065,hard,hmax2,brick,wall_10,38.9,40.4,169.6,19.5,5.5,10.0,2,39.9,6.2,37.0,70.6,0.0403,124,0,5,30,3,27,"long_axis_bearing_deg = bearing of the item's LONG side in world, counter-clockwise from +X, in [0,180). Place by this, not by yaw. yaw_deg is the MuJoCo local-frame rotation and its meaning differs between bricks (long side on local X) and blocks (long side on local Y).","every bar uses the wall_10/wall_11 ArUco mounting; wall_9 is excluded (tag rotated 90 deg, 19.0 cm not 19.5)"
hard_065,hard,hmax2,brick,wall_11,14.5,47.9,72.0,19.5,5.5,10.0,2,39.9,6.2,37.0,70.6,0.0403,124,0,5,30,3,27,"long_axis_bearing_deg = bearing of the item's LONG side in world, counter-clockwise from +X, in [0,180). Place by this, not by yaw. yaw_deg is the MuJoCo local-frame rotation and its meaning differs between bricks (long side on local X) and blocks (long side on local Y).","every bar uses the wall_10/wall_11 ArUco mounting; wall_9 is excluded (tag rotated 90 deg, 19.0 cm not 19.5)"
hard_065,hard,hmax2,block,obj_4,24.5,36.2,146.1,12.0,7.5,5.0,2,39.9,6.2,37.0,70.6,0.0403,124,0,5,30,3,27,"long_axis_bearing_deg = bearing of the item's LONG side in world, counter-clockwise from +X, in [0,180). Place by this, not by yaw. yaw_deg is the MuJoCo local-frame rotation and its meaning differs between bricks (long side on local X) and blocks (long side on local Y).","every bar uses the wall_10/wall_11 ArUco mounting; wall_9 is excluded (tag rotated 90 deg, 19.0 cm not 19.5)"
hard_066,hard,hmax2,brick,wall_10,10.1,30.8,10.9,19.5,5.5,10.0,2,33.0,15.3,29.9,66.7,0.0208,144,1,2,30,10,20,"long_axis_bearing_deg = bearing of the item's LONG side in world, counter-clockwise from +X, in [0,180). Place by this, not by yaw. yaw_deg is the MuJoCo local-frame rotation and its meaning differs between bricks (long side on local X) and blocks (long side on local Y).","every bar uses the wall_10/wall_11 ArUco mounting; wall_9 is excluded (tag rotated 90 deg, 19.0 cm not 19.5)"
hard_066,hard,hmax2,brick,wall_11,35.2,43.0,106.3,19.5,5.5,10.0,2,33.0,15.3,29.9,66.7,0.0208,144,1,2,30,10,20,"long_axis_bearing_deg = bearing of the item's LONG side in world, counter-clockwise from +X, in [0,180). Place by this, not by yaw. yaw_deg is the MuJoCo local-frame rotation and its meaning differs between bricks (long side on local X) and blocks (long side on local Y).","every bar uses the wall_10/wall_11 ArUco mounting; wall_9 is excluded (tag rotated 90 deg, 19.0 cm not 19.5)"
hard_066,hard,hmax2,block,obj_1,27.4,27.4,86.0,15.0,7.0,4.0,2,33.0,15.3,29.9,66.7,0.0208,144,1,2,30,10,20,"long_axis_bearing_deg = bearing of the item's LONG side in world, counter-clockwise from +X, in [0,180). Place by this, not by yaw. yaw_deg is the MuJoCo local-frame rotation and its meaning differs between bricks (long side on local X) and blocks (long side on local Y).","every bar uses the wall_10/wall_11 ArUco mounting; wall_9 is excluded (tag rotated 90 deg, 19.0 cm not 19.5)"
hard_067,hard,hmax2,brick,wall_10,9.9,31.0,3.2,19.5,5.5,10.0,2,11.8,9.8,21.8,62.6,0.0408,98,4,0,23,6,31,"long_axis_bearing_deg = bearing of the item's LONG side in world, counter-clockwise from +X, in [0,180). Place by this, not by yaw. yaw_deg is the MuJoCo local-frame rotation and its meaning differs between bricks (long side on local X) and blocks (long side on local Y).","every bar uses the wall_10/wall_11 ArUco mounting; wall_9 is excluded (tag rotated 90 deg, 19.0 cm not 19.5)"
hard_067,hard,hmax2,brick,wall_11,34.9,39.1,104.8,19.5,5.5,10.0,2,11.8,9.8,21.8,62.6,0.0408,98,4,0,23,6,31,"long_axis_bearing_deg = bearing of the item's LONG side in world, counter-clockwise from +X, in [0,180). Place by this, not by yaw. yaw_deg is the MuJoCo local-frame rotation and its meaning differs between bricks (long side on local X) and blocks (long side on local Y).","every bar uses the wall_10/wall_11 ArUco mounting; wall_9 is excluded (tag rotated 90 deg, 19.0 cm not 19.5)"
hard_067,hard,hmax2,block,obj_4,27.9,28.4,117.7,12.0,7.5,5.0,2,11.8,9.8,21.8,62.6,0.0408,98,4,0,23,6,31,"long_axis_bearing_deg = bearing of the item's LONG side in world, counter-clockwise from +X, in [0,180). Place by this, not by yaw. yaw_deg is the MuJoCo local-frame rotation and its meaning differs between bricks (long side on local X) and blocks (long side on local Y).","every bar uses the wall_10/wall_11 ArUco mounting; wall_9 is excluded (tag rotated 90 deg, 19.0 cm not 19.5)"
hard_068,hard,hmax2,brick,wall_10,10.0,37.8,5.2,19.5,5.5,10.0,2,41.2,12.9,22.5,55.2,0.021,143,2,1,29,5,26,"long_axis_bearing_deg = bearing of the item's LONG side in world, counter-clockwise from +X, in [0,180). Place by this, not by yaw. yaw_deg is the MuJoCo local-frame rotation and its meaning differs between bricks (long side on local X) and blocks (long side on local Y).","every bar uses the wall_10/wall_11 ArUco mounting; wall_9 is excluded (tag rotated 90 deg, 19.0 cm not 19.5)"
hard_068,hard,hmax2,brick,wall_11,35.7,48.6,105.2,19.5,5.5,10.0,2,41.2,12.9,22.5,55.2,0.021,143,2,1,29,5,26,"long_axis_bearing_deg = bearing of the item's LONG side in world, counter-clockwise from +X, in [0,180). Place by this, not by yaw. yaw_deg is the MuJoCo local-frame rotation and its meaning differs between bricks (long side on local X) and blocks (long side on local Y).","every bar uses the wall_10/wall_11 ArUco mounting; wall_9 is excluded (tag rotated 90 deg, 19.0 cm not 19.5)"
hard_068,hard,hmax2,block,obj_1,30.0,33.8,86.6,15.0,7.0,4.0,2,41.2,12.9,22.5,55.2,0.021,143,2,1,29,5,26,"long_axis_bearing_deg = bearing of the item's LONG side in world, counter-clockwise from +X, in [0,180). Place by this, not by yaw. yaw_deg is the MuJoCo local-frame rotation and its meaning differs between bricks (long side on local X) and blocks (long side on local Y).","every bar uses the wall_10/wall_11 ArUco mounting; wall_9 is excluded (tag rotated 90 deg, 19.0 cm not 19.5)"
hard_069,hard,hmax2,brick,wall_10,10.0,40.8,7.0,19.5,5.5,10.0,2,31.9,6.7,22.2,67.8,0.0413,121,0,5,30,2,28,"long_axis_bearing_deg = bearing of the item's LONG side in world, counter-clockwise from +X, in [0,180). Place by this, not by yaw. yaw_deg is the MuJoCo local-frame rotation and its meaning differs between bricks (long side on local X) and blocks (long side on local Y).","every bar uses the wall_10/wall_11 ArUco mounting; wall_9 is excluded (tag rotated 90 deg, 19.0 cm not 19.5)"
hard_069,hard,hmax2,brick,wall_11,35.8,52.1,107.0,19.5,5.5,10.0,2,31.9,6.7,22.2,67.8,0.0413,121,0,5,30,2,28,"long_axis_bearing_deg = bearing of the item's LONG side in world, counter-clockwise from +X, in [0,180). Place by this, not by yaw. yaw_deg is the MuJoCo local-frame rotation and its meaning differs between bricks (long side on local X) and blocks (long side on local Y).","every bar uses the wall_10/wall_11 ArUco mounting; wall_9 is excluded (tag rotated 90 deg, 19.0 cm not 19.5)"
hard_069,hard,hmax2,block,obj_4,26.9,38.2,52.6,12.0,7.5,5.0,2,31.9,6.7,22.2,67.8,0.0413,121,0,5,30,2,28,"long_axis_bearing_deg = bearing of the item's LONG side in world, counter-clockwise from +X, in [0,180). Place by this, not by yaw. yaw_deg is the MuJoCo local-frame rotation and its meaning differs between bricks (long side on local X) and blocks (long side on local Y).","every bar uses the wall_10/wall_11 ArUco mounting; wall_9 is excluded (tag rotated 90 deg, 19.0 cm not 19.5)"
hard_070,hard,hmax2,brick,wall_10,10.1,37.7,170.4,19.5,5.5,10.0,2,22.0,12.9,19.7,55.1,0.0216,139,3,0,28,7,25,"long_axis_bearing_deg = bearing of the item's LONG side in world, counter-clockwise from +X, in [0,180). Place by this, not by yaw. yaw_deg is the MuJoCo local-frame rotation and its meaning differs between bricks (long side on local X) and blocks (long side on local Y).","every bar uses the wall_10/wall_11 ArUco mounting; wall_9 is excluded (tag rotated 90 deg, 19.0 cm not 19.5)"
hard_070,hard,hmax2,brick,wall_11,34.4,48.4,107.9,19.5,5.5,10.0,2,22.0,12.9,19.7,55.1,0.0216,139,3,0,28,7,25,"long_axis_bearing_deg = bearing of the item's LONG side in world, counter-clockwise from +X, in [0,180). Place by this, not by yaw. yaw_deg is the MuJoCo local-frame rotation and its meaning differs between bricks (long side on local X) and blocks (long side on local Y).","every bar uses the wall_10/wall_11 ArUco mounting; wall_9 is excluded (tag rotated 90 deg, 19.0 cm not 19.5)"
hard_070,hard,hmax2,block,obj_1,27.9,32.9,86.0,15.0,7.0,4.0,2,22.0,12.9,19.7,55.1,0.0216,139,3,0,28,7,25,"long_axis_bearing_deg = bearing of the item's LONG side in world, counter-clockwise from +X, in [0,180). Place by this, not by yaw. yaw_deg is the MuJoCo local-frame rotation and its meaning differs between bricks (long side on local X) and blocks (long side on local Y).","every bar uses the wall_10/wall_11 ArUco mounting; wall_9 is excluded (tag rotated 90 deg, 19.0 cm not 19.5)"
hard_071,hard,hmax2,brick,wall_10,39.1,31.8,3.1,19.5,5.5,10.0,2,34.7,19.8,10.2,61.0,0.0426,94,0,4,23,6,31,"long_axis_bearing_deg = bearing of the item's LONG side in world, counter-clockwise from +X, in [0,180). Place by this, not by yaw. yaw_deg is the MuJoCo local-frame rotation and its meaning differs between bricks (long side on local X) and blocks (long side on local Y).","every bar uses the wall_10/wall_11 ArUco mounting; wall_9 is excluded (tag rotated 90 deg, 19.0 cm not 19.5)"
hard_071,hard,hmax2,brick,wall_11,13.4,38.4,70.6,19.5,5.5,10.0,2,34.7,19.8,10.2,61.0,0.0426,94,0,4,23,6,31,"long_axis_bearing_deg = bearing of the item's LONG side in world, counter-clockwise from +X, in [0,180). Place by this, not by yaw. yaw_deg is the MuJoCo local-frame rotation and its meaning differs between bricks (long side on local X) and blocks (long side on local Y).","every bar uses the wall_10/wall_11 ArUco mounting; wall_9 is excluded (tag rotated 90 deg, 19.0 cm not 19.5)"
hard_071,hard,hmax2,block,obj_4,21.5,27.8,20.0,12.0,7.5,5.0,2,34.7,19.8,10.2,61.0,0.0426,94,0,4,23,6,31,"long_axis_bearing_deg = bearing of the item's LONG side in world, counter-clockwise from +X, in [0,180). Place by this, not by yaw. yaw_deg is the MuJoCo local-frame rotation and its meaning differs between bricks (long side on local X) and blocks (long side on local Y).","every bar uses the wall_10/wall_11 ArUco mounting; wall_9 is excluded (tag rotated 90 deg, 19.0 cm not 19.5)"
hard_072,hard,hmax2,brick,wall_10,39.0,32.6,172.0,19.5,5.5,10.0,2,42.8,15.9,23.3,63.1,0.0224,134,3,0,27,5,28,"long_axis_bearing_deg = bearing of the item's LONG side in world, counter-clockwise from +X, in [0,180). Place by this, not by yaw. yaw_deg is the MuJoCo local-frame rotation and its meaning differs between bricks (long side on local X) and blocks (long side on local Y).","every bar uses the wall_10/wall_11 ArUco mounting; wall_9 is excluded (tag rotated 90 deg, 19.0 cm not 19.5)"
hard_072,hard,hmax2,brick,wall_11,13.2,44.3,71.9,19.5,5.5,10.0,2,42.8,15.9,23.3,63.1,0.0224,134,3,0,27,5,28,"long_axis_bearing_deg = bearing of the item's LONG side in world, counter-clockwise from +X, in [0,180). Place by this, not by yaw. yaw_deg is the MuJoCo local-frame rotation and its meaning differs between bricks (long side on local X) and blocks (long side on local Y).","every bar uses the wall_10/wall_11 ArUco mounting; wall_9 is excluded (tag rotated 90 deg, 19.0 cm not 19.5)"
hard_072,hard,hmax2,block,obj_1,19.5,30.2,94.8,15.0,7.0,4.0,2,42.8,15.9,23.3,63.1,0.0224,134,3,0,27,5,28,"long_axis_bearing_deg = bearing of the item's LONG side in world, counter-clockwise from +X, in [0,180). Place by this, not by yaw. yaw_deg is the MuJoCo local-frame rotation and its meaning differs between bricks (long side on local X) and blocks (long side on local Y).","every bar uses the wall_10/wall_11 ArUco mounting; wall_9 is excluded (tag rotated 90 deg, 19.0 cm not 19.5)"
hard_073,hard,hmax2,brick,wall_10,39.0,31.2,172.6,19.5,5.5,10.0,2,41.2,19.2,23.1,47.0,0.0427,117,4,1,28,8,24,"long_axis_bearing_deg = bearing of the item's LONG side in world, counter-clockwise from +X, in [0,180). Place by this, not by yaw. yaw_deg is the MuJoCo local-frame rotation and its meaning differs between bricks (long side on local X) and blocks (long side on local Y).","every bar uses the wall_10/wall_11 ArUco mounting; wall_9 is excluded (tag rotated 90 deg, 19.0 cm not 19.5)"
hard_073,hard,hmax2,brick,wall_11,13.8,43.3,75.8,19.5,5.5,10.0,2,41.2,19.2,23.1,47.0,0.0427,117,4,1,28,8,24,"long_axis_bearing_deg = bearing of the item's LONG side in world, counter-clockwise from +X, in [0,180). Place by this, not by yaw. yaw_deg is the MuJoCo local-frame rotation and its meaning differs between bricks (long side on local X) and blocks (long side on local Y).","every bar uses the wall_10/wall_11 ArUco mounting; wall_9 is excluded (tag rotated 90 deg, 19.0 cm not 19.5)"
hard_073,hard,hmax2,block,obj_4,20.5,28.3,152.4,12.0,7.5,5.0,2,41.2,19.2,23.1,47.0,0.0427,117,4,1,28,8,24,"long_axis_bearing_deg = bearing of the item's LONG side in world, counter-clockwise from +X, in [0,180). Place by this, not by yaw. yaw_deg is the MuJoCo local-frame rotation and its meaning differs between bricks (long side on local X) and blocks (long side on local Y).","every bar uses the wall_10/wall_11 ArUco mounting; wall_9 is excluded (tag rotated 90 deg, 19.0 cm not 19.5)"
hard_074,hard,hmax2,brick,wall_10,39.1,40.2,176.1,19.5,5.5,10.0,2,11.3,25.5,37.4,63.2,0.0226,133,0,3,30,6,24,"long_axis_bearing_deg = bearing of the item's LONG side in world, counter-clockwise from +X, in [0,180). Place by this, not by yaw. yaw_deg is the MuJoCo local-frame rotation and its meaning differs between bricks (long side on local X) and blocks (long side on local Y).","every bar uses the wall_10/wall_11 ArUco mounting; wall_9 is excluded (tag rotated 90 deg, 19.0 cm not 19.5)"
hard_074,hard,hmax2,brick,wall_11,14.1,52.0,74.8,19.5,5.5,10.0,2,11.3,25.5,37.4,63.2,0.0226,133,0,3,30,6,24,"long_axis_bearing_deg = bearing of the item's LONG side in world, counter-clockwise from +X, in [0,180). Place by this, not by yaw. yaw_deg is the MuJoCo local-frame rotation and its meaning differs between bricks (long side on local X) and blocks (long side on local Y).","every bar uses the wall_10/wall_11 ArUco mounting; wall_9 is excluded (tag rotated 90 deg, 19.0 cm not 19.5)"
hard_074,hard,hmax2,block,obj_1,22.0,36.2,143.9,15.0,7.0,4.0,2,11.3,25.5,37.4,63.2,0.0226,133,0,3,30,6,24,"long_axis_bearing_deg = bearing of the item's LONG side in world, counter-clockwise from +X, in [0,180). Place by this, not by yaw. yaw_deg is the MuJoCo local-frame rotation and its meaning differs between bricks (long side on local X) and blocks (long side on local Y).","every bar uses the wall_10/wall_11 ArUco mounting; wall_9 is excluded (tag rotated 90 deg, 19.0 cm not 19.5)"
hard_075,hard,hmax2,brick,wall_10,39.2,44.5,2.2,19.5,5.5,10.0,2,27.9,21.6,33.5,66.3,0.0431,116,0,5,30,4,26,"long_axis_bearing_deg = bearing of the item's LONG side in world, counter-clockwise from +X, in [0,180). Place by this, not by yaw. yaw_deg is the MuJoCo local-frame rotation and its meaning differs between bricks (long side on local X) and blocks (long side on local Y).","every bar uses the wall_10/wall_11 ArUco mounting; wall_9 is excluded (tag rotated 90 deg, 19.0 cm not 19.5)"
hard_075,hard,hmax2,brick,wall_11,13.5,52.3,71.7,19.5,5.5,10.0,2,27.9,21.6,33.5,66.3,0.0431,116,0,5,30,4,26,"long_axis_bearing_deg = bearing of the item's LONG side in world, counter-clockwise from +X, in [0,180). Place by this, not by yaw. yaw_deg is the MuJoCo local-frame rotation and its meaning differs between bricks (long side on local X) and blocks (long side on local Y).","every bar uses the wall_10/wall_11 ArUco mounting; wall_9 is excluded (tag rotated 90 deg, 19.0 cm not 19.5)"
hard_075,hard,hmax2,block,obj_4,23.1,40.1,144.4,12.0,7.5,5.0,2,27.9,21.6,33.5,66.3,0.0431,116,0,5,30,4,26,"long_axis_bearing_deg = bearing of the item's LONG side in world, counter-clockwise from +X, in [0,180). Place by this, not by yaw. yaw_deg is the MuJoCo local-frame rotation and its meaning differs between bricks (long side on local X) and blocks (long side on local Y).","every bar uses the wall_10/wall_11 ArUco mounting; wall_9 is excluded (tag rotated 90 deg, 19.0 cm not 19.5)"
hard_076,hard,hmax2,brick,wall_10,38.9,35.2,11.5,19.5,5.5,10.0,2,41.6,20.1,13.9,67.3,0.0229,131,3,0,27,5,28,"long_axis_bearing_deg = bearing of the item's LONG side in world, counter-clockwise from +X, in [0,180). Place by this, not by yaw. yaw_deg is the MuJoCo local-frame rotation and its meaning differs between bricks (long side on local X) and blocks (long side on local Y).","every bar uses the wall_10/wall_11 ArUco mounting; wall_9 is excluded (tag rotated 90 deg, 19.0 cm not 19.5)"
hard_076,hard,hmax2,brick,wall_11,12.9,44.9,79.3,19.5,5.5,10.0,2,41.6,20.1,13.9,67.3,0.0229,131,3,0,27,5,28,"long_axis_bearing_deg = bearing of the item's LONG side in world, counter-clockwise from +X, in [0,180). Place by this, not by yaw. yaw_deg is the MuJoCo local-frame rotation and its meaning differs between bricks (long side on local X) and blocks (long side on local Y).","every bar uses the wall_10/wall_11 ArUco mounting; wall_9 is excluded (tag rotated 90 deg, 19.0 cm not 19.5)"
hard_076,hard,hmax2,block,obj_1,20.8,30.7,103.3,15.0,7.0,4.0,2,41.6,20.1,13.9,67.3,0.0229,131,3,0,27,5,28,"long_axis_bearing_deg = bearing of the item's LONG side in world, counter-clockwise from +X, in [0,180). Place by this, not by yaw. yaw_deg is the MuJoCo local-frame rotation and its meaning differs between bricks (long side on local X) and blocks (long side on local Y).","every bar uses the wall_10/wall_11 ArUco mounting; wall_9 is excluded (tag rotated 90 deg, 19.0 cm not 19.5)"
hard_077,hard,hmax2,brick,wall_10,38.9,40.6,171.0,19.5,5.5,10.0,2,6.7,9.2,26.0,62.1,0.0435,115,0,5,28,5,27,"long_axis_bearing_deg = bearing of the item's LONG side in world, counter-clockwise from +X, in [0,180). Place by this, not by yaw. yaw_deg is the MuJoCo local-frame rotation and its meaning differs between bricks (long side on local X) and blocks (long side on local Y).","every bar uses the wall_10/wall_11 ArUco mounting; wall_9 is excluded (tag rotated 90 deg, 19.0 cm not 19.5)"
hard_077,hard,hmax2,brick,wall_11,13.3,48.2,76.2,19.5,5.5,10.0,2,6.7,9.2,26.0,62.1,0.0435,115,0,5,28,5,27,"long_axis_bearing_deg = bearing of the item's LONG side in world, counter-clockwise from +X, in [0,180). Place by this, not by yaw. yaw_deg is the MuJoCo local-frame rotation and its meaning differs between bricks (long side on local X) and blocks (long side on local Y).","every bar uses the wall_10/wall_11 ArUco mounting; wall_9 is excluded (tag rotated 90 deg, 19.0 cm not 19.5)"
hard_077,hard,hmax2,block,obj_4,22.3,37.5,142.6,12.0,7.5,5.0,2,6.7,9.2,26.0,62.1,0.0435,115,0,5,28,5,27,"long_axis_bearing_deg = bearing of the item's LONG side in world, counter-clockwise from +X, in [0,180). Place by this, not by yaw. yaw_deg is the MuJoCo local-frame rotation and its meaning differs between bricks (long side on local X) and blocks (long side on local Y).","every bar uses the wall_10/wall_11 ArUco mounting; wall_9 is excluded (tag rotated 90 deg, 19.0 cm not 19.5)"
hard_078,hard,hmax2,brick,wall_10,13.4,27.9,32.9,19.5,5.5,10.0,2,25.0,17.9,27.9,46.7,0.0231,130,0,3,26,1,33,"long_axis_bearing_deg = bearing of the item's LONG side in world, counter-clockwise from +X, in [0,180). Place by this, not by yaw. yaw_deg is the MuJoCo local-frame rotation and its meaning differs between bricks (long side on local X) and blocks (long side on local Y).","every bar uses the wall_10/wall_11 ArUco mounting; wall_9 is excluded (tag rotated 90 deg, 19.0 cm not 19.5)"
hard_078,hard,hmax2,brick,wall_11,25.4,38.4,172.5,19.5,5.5,10.0,2,25.0,17.9,27.9,46.7,0.0231,130,0,3,26,1,33,"long_axis_bearing_deg = bearing of the item's LONG side in world, counter-clockwise from +X, in [0,180). Place by this, not by yaw. yaw_deg is the MuJoCo local-frame rotation and its meaning differs between bricks (long side on local X) and blocks (long side on local Y).","every bar uses the wall_10/wall_11 ArUco mounting; wall_9 is excluded (tag rotated 90 deg, 19.0 cm not 19.5)"
hard_078,hard,hmax2,block,obj_1,34.8,28.0,18.9,15.0,7.0,4.0,2,25.0,17.9,27.9,46.7,0.0231,130,0,3,26,1,33,"long_axis_bearing_deg = bearing of the item's LONG side in world, counter-clockwise from +X, in [0,180). Place by this, not by yaw. yaw_deg is the MuJoCo local-frame rotation and its meaning differs between bricks (long side on local X) and blocks (long side on local Y).","every bar uses the wall_10/wall_11 ArUco mounting; wall_9 is excluded (tag rotated 90 deg, 19.0 cm not 19.5)"
hard_079,hard,hmax2,brick,wall_10,24.5,36.1,176.3,19.5,5.5,10.0,2,42.8,6.3,6.7,63.0,0.0442,113,0,5,25,3,32,"long_axis_bearing_deg = bearing of the item's LONG side in world, counter-clockwise from +X, in [0,180). Place by this, not by yaw. yaw_deg is the MuJoCo local-frame rotation and its meaning differs between bricks (long side on local X) and blocks (long side on local Y).","every bar uses the wall_10/wall_11 ArUco mounting; wall_9 is excluded (tag rotated 90 deg, 19.0 cm not 19.5)"
hard_079,hard,hmax2,brick,wall_11,35.3,28.5,12.3,19.5,5.5,10.0,2,42.8,6.3,6.7,63.0,0.0442,113,0,5,25,3,32,"long_axis_bearing_deg = bearing of the item's LONG side in world, counter-clockwise from +X, in [0,180). Place by this, not by yaw. yaw_deg is the MuJoCo local-frame rotation and its meaning differs between bricks (long side on local X) and blocks (long side on local Y).","every bar uses the wall_10/wall_11 ArUco mounting; wall_9 is excluded (tag rotated 90 deg, 19.0 cm not 19.5)"
hard_079,hard,hmax2,block,obj_4,11.0,28.0,154.8,12.0,7.5,5.0,2,42.8,6.3,6.7,63.0,0.0442,113,0,5,25,3,32,"long_axis_bearing_deg = bearing of the item's LONG side in world, counter-clockwise from +X, in [0,180). Place by this, not by yaw. yaw_deg is the MuJoCo local-frame rotation and its meaning differs between bricks (long side on local X) and blocks (long side on local Y).","every bar uses the wall_10/wall_11 ArUco mounting; wall_9 is excluded (tag rotated 90 deg, 19.0 cm not 19.5)"
hard_080,hard,hmax2,brick,wall_10,39.2,34.3,0.4,19.5,5.5,10.0,2,36.2,8.1,8.7,70.0,0.0244,123,3,0,25,13,22,"long_axis_bearing_deg = bearing of the item's LONG side in world, counter-clockwise from +X, in [0,180). Place by this, not by yaw. yaw_deg is the MuJoCo local-frame rotation and its meaning differs between bricks (long side on local X) and blocks (long side on local Y).","every bar uses the wall_10/wall_11 ArUco mounting; wall_9 is excluded (tag rotated 90 deg, 19.0 cm not 19.5)"
hard_080,hard,hmax2,brick,wall_11,14.5,45.2,71.6,19.5,5.5,10.0,2,36.2,8.1,8.7,70.0,0.0244,123,3,0,25,13,22,"long_axis_bearing_deg = bearing of the item's LONG side in world, counter-clockwise from +X, in [0,180). Place by this, not by yaw. yaw_deg is the MuJoCo local-frame rotation and its meaning differs between bricks (long side on local X) and blocks (long side on local Y).","every bar uses the wall_10/wall_11 ArUco mounting; wall_9 is excluded (tag rotated 90 deg, 19.0 cm not 19.5)"
hard_080,hard,hmax2,block,obj_1,19.6,32.0,67.2,15.0,7.0,4.0,2,36.2,8.1,8.7,70.0,0.0244,123,3,0,25,13,22,"long_axis_bearing_deg = bearing of the item's LONG side in world, counter-clockwise from +X, in [0,180). Place by this, not by yaw. yaw_deg is the MuJoCo local-frame rotation and its meaning differs between bricks (long side on local X) and blocks (long side on local Y).","every bar uses the wall_10/wall_11 ArUco mounting; wall_9 is excluded (tag rotated 90 deg, 19.0 cm not 19.5)"
hard_081,hard,hmax2,brick,wall_10,24.0,50.0,174.5,19.5,5.5,10.0,2,41.7,20.4,8.4,63.2,0.0446,112,0,5,24,3,33,"long_axis_bearing_deg = bearing of the item's LONG side in world, counter-clockwise from +X, in [0,180). Place by this, not by yaw. yaw_deg is the MuJoCo local-frame rotation and its meaning differs between bricks (long side on local X) and blocks (long side on local Y).","every bar uses the wall_10/wall_11 ArUco mounting; wall_9 is excluded (tag rotated 90 deg, 19.0 cm not 19.5)"
hard_081,hard,hmax2,brick,wall_11,35.8,42.0,177.1,19.5,5.5,10.0,2,41.7,20.4,8.4,63.2,0.0446,112,0,5,24,3,33,"long_axis_bearing_deg = bearing of the item's LONG side in world, counter-clockwise from +X, in [0,180). Place by this, not by yaw. yaw_deg is the MuJoCo local-frame rotation and its meaning differs between bricks (long side on local X) and blocks (long side on local Y).","every bar uses the wall_10/wall_11 ArUco mounting; wall_9 is excluded (tag rotated 90 deg, 19.0 cm not 19.5)"
hard_081,hard,hmax2,block,obj_4,9.4,41.6,149.2,12.0,7.5,5.0,2,41.7,20.4,8.4,63.2,0.0446,112,0,5,24,3,33,"long_axis_bearing_deg = bearing of the item's LONG side in world, counter-clockwise from +X, in [0,180). Place by this, not by yaw. yaw_deg is the MuJoCo local-frame rotation and its meaning differs between bricks (long side on local X) and blocks (long side on local Y).","every bar uses the wall_10/wall_11 ArUco mounting; wall_9 is excluded (tag rotated 90 deg, 19.0 cm not 19.5)"
hard_082,hard,hmax2,brick,wall_10,12.8,34.4,153.4,19.5,5.5,10.0,2,11.7,7.2,11.9,69.1,0.0259,116,0,3,24,3,33,"long_axis_bearing_deg = bearing of the item's LONG side in world, counter-clockwise from +X, in [0,180). Place by this, not by yaw. yaw_deg is the MuJoCo local-frame rotation and its meaning differs between bricks (long side on local X) and blocks (long side on local Y).","every bar uses the wall_10/wall_11 ArUco mounting; wall_9 is excluded (tag rotated 90 deg, 19.0 cm not 19.5)"
hard_082,hard,hmax2,brick,wall_11,37.8,40.5,139.3,19.5,5.5,10.0,2,11.7,7.2,11.9,69.1,0.0259,116,0,3,24,3,33,"long_axis_bearing_deg = bearing of the item's LONG side in world, counter-clockwise from +X, in [0,180). Place by this, not by yaw. yaw_deg is the MuJoCo local-frame rotation and its meaning differs between bricks (long side on local X) and blocks (long side on local Y).","every bar uses the wall_10/wall_11 ArUco mounting; wall_9 is excluded (tag rotated 90 deg, 19.0 cm not 19.5)"
hard_082,hard,hmax2,block,obj_1,31.8,30.4,86.2,15.0,7.0,4.0,2,11.7,7.2,11.9,69.1,0.0259,116,0,3,24,3,33,"long_axis_bearing_deg = bearing of the item's LONG side in world, counter-clockwise from +X, in [0,180). Place by this, not by yaw. yaw_deg is the MuJoCo local-frame rotation and its meaning differs between bricks (long side on local X) and blocks (long side on local Y).","every bar uses the wall_10/wall_11 ArUco mounting; wall_9 is excluded (tag rotated 90 deg, 19.0 cm not 19.5)"
hard_083,hard,hmax2,brick,wall_10,11.8,46.3,30.0,19.5,5.5,10.0,2,18.7,11.6,42.4,58.4,0.0455,110,0,5,24,5,31,"long_axis_bearing_deg = bearing of the item's LONG side in world, counter-clockwise from +X, in [0,180). Place by this, not by yaw. yaw_deg is the MuJoCo local-frame rotation and its meaning differs between bricks (long side on local X) and blocks (long side on local Y).","every bar uses the wall_10/wall_11 ArUco mounting; wall_9 is excluded (tag rotated 90 deg, 19.0 cm not 19.5)"
hard_083,hard,hmax2,brick,wall_11,25.7,44.4,24.1,19.5,5.5,10.0,2,18.7,11.6,42.4,58.4,0.0455,110,0,5,24,5,31,"long_axis_bearing_deg = bearing of the item's LONG side in world, counter-clockwise from +X, in [0,180). Place by this, not by yaw. yaw_deg is the MuJoCo local-frame rotation and its meaning differs between bricks (long side on local X) and blocks (long side on local Y).","every bar uses the wall_10/wall_11 ArUco mounting; wall_9 is excluded (tag rotated 90 deg, 19.0 cm not 19.5)"
hard_083,hard,hmax2,block,obj_4,39.7,39.0,18.6,12.0,7.5,5.0,2,18.7,11.6,42.4,58.4,0.0455,110,0,5,24,5,31,"long_axis_bearing_deg = bearing of the item's LONG side in world, counter-clockwise from +X, in [0,180). Place by this, not by yaw. yaw_deg is the MuJoCo local-frame rotation and its meaning differs between bricks (long side on local X) and blocks (long side on local Y).","every bar uses the wall_10/wall_11 ArUco mounting; wall_9 is excluded (tag rotated 90 deg, 19.0 cm not 19.5)"
hard_084,hard,hmax2,brick,wall_10,10.6,51.7,27.0,19.5,5.5,10.0,2,8.5,30.5,16.0,68.1,0.0261,115,0,3,24,4,32,"long_axis_bearing_deg = bearing of the item's LONG side in world, counter-clockwise from +X, in [0,180). Place by this, not by yaw. yaw_deg is the MuJoCo local-frame rotation and its meaning differs between bricks (long side on local X) and blocks (long side on local Y).","every bar uses the wall_10/wall_11 ArUco mounting; wall_9 is excluded (tag rotated 90 deg, 19.0 cm not 19.5)"
hard_084,hard,hmax2,brick,wall_11,34.3,45.0,44.9,19.5,5.5,10.0,2,8.5,30.5,16.0,68.1,0.0261,115,0,3,24,4,32,"long_axis_bearing_deg = bearing of the item's LONG side in world, counter-clockwise from +X, in [0,180). Place by this, not by yaw. yaw_deg is the MuJoCo local-frame rotation and its meaning differs between bricks (long side on local X) and blocks (long side on local Y).","every bar uses the wall_10/wall_11 ArUco mounting; wall_9 is excluded (tag rotated 90 deg, 19.0 cm not 19.5)"
hard_084,hard,hmax2,block,obj_1,20.3,43.7,95.8,15.0,7.0,4.0,2,8.5,30.5,16.0,68.1,0.0261,115,0,3,24,4,32,"long_axis_bearing_deg = bearing of the item's LONG side in world, counter-clockwise from +X, in [0,180). Place by this, not by yaw. yaw_deg is the MuJoCo local-frame rotation and its meaning differs between bricks (long side on local X) and blocks (long side on local Y).","every bar uses the wall_10/wall_11 ArUco mounting; wall_9 is excluded (tag rotated 90 deg, 19.0 cm not 19.5)"
hard_085,hard,hmax2,brick,wall_10,10.0,46.0,173.5,19.5,5.5,10.0,2,10.2,32.3,18.5,69.4,0.0458,131,0,6,30,3,27,"long_axis_bearing_deg = bearing of the item's LONG side in world, counter-clockwise from +X, in [0,180). Place by this, not by yaw. yaw_deg is the MuJoCo local-frame rotation and its meaning differs between bricks (long side on local X) and blocks (long side on local Y).","every bar uses the wall_10/wall_11 ArUco mounting; wall_9 is excluded (tag rotated 90 deg, 19.0 cm not 19.5)"
hard_085,hard,hmax2,brick,wall_11,33.3,58.3,105.1,19.5,5.5,10.0,2,10.2,32.3,18.5,69.4,0.0458,131,0,6,30,3,27,"long_axis_bearing_deg = bearing of the item's LONG side in world, counter-clockwise from +X, in [0,180). Place by this, not by yaw. yaw_deg is the MuJoCo local-frame rotation and its meaning differs between bricks (long side on local X) and blocks (long side on local Y).","every bar uses the wall_10/wall_11 ArUco mounting; wall_9 is excluded (tag rotated 90 deg, 19.0 cm not 19.5)"
hard_085,hard,hmax2,block,obj_4,27.1,41.7,42.0,12.0,7.5,5.0,2,10.2,32.3,18.5,69.4,0.0458,131,0,6,30,3,27,"long_axis_bearing_deg = bearing of the item's LONG side in world, counter-clockwise from +X, in [0,180). Place by this, not by yaw. yaw_deg is the MuJoCo local-frame rotation and its meaning differs between bricks (long side on local X) and blocks (long side on local Y).","every bar uses the wall_10/wall_11 ArUco mounting; wall_9 is excluded (tag rotated 90 deg, 19.0 cm not 19.5)"
hard_086,hard,hmax2,brick,wall_10,39.0,34.5,5.3,19.5,5.5,10.0,2,28.3,9.4,9.2,69.7,0.0268,112,0,3,27,3,30,"long_axis_bearing_deg = bearing of the item's LONG side in world, counter-clockwise from +X, in [0,180). Place by this, not by yaw. yaw_deg is the MuJoCo local-frame rotation and its meaning differs between bricks (long side on local X) and blocks (long side on local Y).","every bar uses the wall_10/wall_11 ArUco mounting; wall_9 is excluded (tag rotated 90 deg, 19.0 cm not 19.5)"
hard_086,hard,hmax2,brick,wall_11,13.4,43.1,75.8,19.5,5.5,10.0,2,28.3,9.4,9.2,69.7,0.0268,112,0,3,27,3,30,"long_axis_bearing_deg = bearing of the item's LONG side in world, counter-clockwise from +X, in [0,180). Place by this, not by yaw. yaw_deg is the MuJoCo local-frame rotation and its meaning differs between bricks (long side on local X) and blocks (long side on local Y).","every bar uses the wall_10/wall_11 ArUco mounting; wall_9 is excluded (tag rotated 90 deg, 19.0 cm not 19.5)"
hard_086,hard,hmax2,block,obj_1,23.6,30.6,134.8,15.0,7.0,4.0,2,28.3,9.4,9.2,69.7,0.0268,112,0,3,27,3,30,"long_axis_bearing_deg = bearing of the item's LONG side in world, counter-clockwise from +X, in [0,180). Place by this, not by yaw. yaw_deg is the MuJoCo local-frame rotation and its meaning differs between bricks (long side on local X) and blocks (long side on local Y).","every bar uses the wall_10/wall_11 ArUco mounting; wall_9 is excluded (tag rotated 90 deg, 19.0 cm not 19.5)"
hard_087,hard,hmax2,brick,wall_10,24.2,50.4,5.0,19.5,5.5,10.0,2,21.3,31.5,36.3,61.7,0.0467,107,0,5,24,6,30,"long_axis_bearing_deg = bearing of the item's LONG side in world, counter-clockwise from +X, in [0,180). Place by this, not by yaw. yaw_deg is the MuJoCo local-frame rotation and its meaning differs between bricks (long side on local X) and blocks (long side on local Y).","every bar uses the wall_10/wall_11 ArUco mounting; wall_9 is excluded (tag rotated 90 deg, 19.0 cm not 19.5)"
hard_087,hard,hmax2,brick,wall_11,37.4,40.3,25.7,19.5,5.5,10.0,2,21.3,31.5,36.3,61.7,0.0467,107,0,5,24,6,30,"long_axis_bearing_deg = bearing of the item's LONG side in world, counter-clockwise from +X, in [0,180). Place by this, not by yaw. yaw_deg is the MuJoCo local-frame rotation and its meaning differs between bricks (long side on local X) and blocks (long side on local Y).","every bar uses the wall_10/wall_11 ArUco mounting; wall_9 is excluded (tag rotated 90 deg, 19.0 cm not 19.5)"
hard_087,hard,hmax2,block,obj_4,10.2,41.2,130.5,12.0,7.5,5.0,2,21.3,31.5,36.3,61.7,0.0467,107,0,5,24,6,30,"long_axis_bearing_deg = bearing of the item's LONG side in world, counter-clockwise from +X, in [0,180). Place by this, not by yaw. yaw_deg is the MuJoCo local-frame rotation and its meaning differs between bricks (long side on local X) and blocks (long side on local Y).","every bar uses the wall_10/wall_11 ArUco mounting; wall_9 is excluded (tag rotated 90 deg, 19.0 cm not 19.5)"
hard_088,hard,hmax2,brick,wall_10,26.0,41.1,25.9,19.5,5.5,10.0,2,23.2,8.7,23.9,49.5,0.027,111,0,3,24,3,33,"long_axis_bearing_deg = bearing of the item's LONG side in world, counter-clockwise from +X, in [0,180). Place by this, not by yaw. yaw_deg is the MuJoCo local-frame rotation and its meaning differs between bricks (long side on local X) and blocks (long side on local Y).","every bar uses the wall_10/wall_11 ArUco mounting; wall_9 is excluded (tag rotated 90 deg, 19.0 cm not 19.5)"
hard_088,hard,hmax2,brick,wall_11,36.0,33.3,6.3,19.5,5.5,10.0,2,23.2,8.7,23.9,49.5,0.027,111,0,3,24,3,33,"long_axis_bearing_deg = bearing of the item's LONG side in world, counter-clockwise from +X, in [0,180). Place by this, not by yaw. yaw_deg is the MuJoCo local-frame rotation and its meaning differs between bricks (long side on local X) and blocks (long side on local Y).","every bar uses the wall_10/wall_11 ArUco mounting; wall_9 is excluded (tag rotated 90 deg, 19.0 cm not 19.5)"
hard_088,hard,hmax2,block,obj_1,10.3,31.5,143.6,15.0,7.0,4.0,2,23.2,8.7,23.9,49.5,0.027,111,0,3,24,3,33,"long_axis_bearing_deg = bearing of the item's LONG side in world, counter-clockwise from +X, in [0,180). Place by this, not by yaw. yaw_deg is the MuJoCo local-frame rotation and its meaning differs between bricks (long side on local X) and blocks (long side on local Y).","every bar uses the wall_10/wall_11 ArUco mounting; wall_9 is excluded (tag rotated 90 deg, 19.0 cm not 19.5)"
hard_089,hard,hmax2,brick,wall_10,12.0,34.3,140.1,19.5,5.5,10.0,2,6.5,7.3,16.5,70.4,0.0273,110,0,3,24,6,30,"long_axis_bearing_deg = bearing of the item's LONG side in world, counter-clockwise from +X, in [0,180). Place by this, not by yaw. yaw_deg is the MuJoCo local-frame rotation and its meaning differs between bricks (long side on local X) and blocks (long side on local Y).","every bar uses the wall_10/wall_11 ArUco mounting; wall_9 is excluded (tag rotated 90 deg, 19.0 cm not 19.5)"
hard_089,hard,hmax2,brick,wall_11,22.5,38.0,162.3,19.5,5.5,10.0,2,6.5,7.3,16.5,70.4,0.0273,110,0,3,24,6,30,"long_axis_bearing_deg = bearing of the item's LONG side in world, counter-clockwise from +X, in [0,180). Place by this, not by yaw. yaw_deg is the MuJoCo local-frame rotation and its meaning differs between bricks (long side on local X) and blocks (long side on local Y).","every bar uses the wall_10/wall_11 ArUco mounting; wall_9 is excluded (tag rotated 90 deg, 19.0 cm not 19.5)"
hard_089,hard,hmax2,block,obj_1,39.4,29.2,29.5,15.0,7.0,4.0,2,6.5,7.3,16.5,70.4,0.0273,110,0,3,24,6,30,"long_axis_bearing_deg = bearing of the item's LONG side in world, counter-clockwise from +X, in [0,180). Place by this, not by yaw. yaw_deg is the MuJoCo local-frame rotation and its meaning differs between bricks (long side on local X) and blocks (long side on local Y).","every bar uses the wall_10/wall_11 ArUco mounting; wall_9 is excluded (tag rotated 90 deg, 19.0 cm not 19.5)"
hard_090,hard,hmax2,brick,wall_10,38.9,46.3,169.0,19.5,5.5,10.0,2,41.4,22.2,18.2,70.1,0.0282,142,1,3,29,12,19,"long_axis_bearing_deg = bearing of the item's LONG side in world, counter-clockwise from +X, in [0,180). Place by this, not by yaw. yaw_deg is the MuJoCo local-frame rotation and its meaning differs between bricks (long side on local X) and blocks (long side on local Y).","every bar uses the wall_10/wall_11 ArUco mounting; wall_9 is excluded (tag rotated 90 deg, 19.0 cm not 19.5)"
hard_090,hard,hmax2,brick,wall_11,13.5,55.5,72.4,19.5,5.5,10.0,2,41.4,22.2,18.2,70.1,0.0282,142,1,3,29,12,19,"long_axis_bearing_deg = bearing of the item's LONG side in world, counter-clockwise from +X, in [0,180). Place by this, not by yaw. yaw_deg is the MuJoCo local-frame rotation and its meaning differs between bricks (long side on local X) and blocks (long side on local Y).","every bar uses the wall_10/wall_11 ArUco mounting; wall_9 is excluded (tag rotated 90 deg, 19.0 cm not 19.5)"
hard_090,hard,hmax2,block,obj_1,18.8,42.1,73.1,15.0,7.0,4.0,2,41.4,22.2,18.2,70.1,0.0282,142,1,3,29,12,19,"long_axis_bearing_deg = bearing of the item's LONG side in world, counter-clockwise from +X, in [0,180). Place by this, not by yaw. yaw_deg is the MuJoCo local-frame rotation and its meaning differs between bricks (long side on local X) and blocks (long side on local Y).","every bar uses the wall_10/wall_11 ArUco mounting; wall_9 is excluded (tag rotated 90 deg, 19.0 cm not 19.5)"
hard_091,hard,hmax2,brick,wall_10,39.1,30.9,176.9,19.5,5.5,10.0,2,21.6,11.5,29.3,62.5,0.0284,141,0,4,30,5,25,"long_axis_bearing_deg = bearing of the item's LONG side in world, counter-clockwise from +X, in [0,180). Place by this, not by yaw. yaw_deg is the MuJoCo local-frame rotation and its meaning differs between bricks (long side on local X) and blocks (long side on local Y).","every bar uses the wall_10/wall_11 ArUco mounting; wall_9 is excluded (tag rotated 90 deg, 19.0 cm not 19.5)"
hard_091,hard,hmax2,brick,wall_11,14.0,41.2,70.6,19.5,5.5,10.0,2,21.6,11.5,29.3,62.5,0.0284,141,0,4,30,5,25,"long_axis_bearing_deg = bearing of the item's LONG side in world, counter-clockwise from +X, in [0,180). Place by this, not by yaw. yaw_deg is the MuJoCo local-frame rotation and its meaning differs between bricks (long side on local X) and blocks (long side on local Y).","every bar uses the wall_10/wall_11 ArUco mounting; wall_9 is excluded (tag rotated 90 deg, 19.0 cm not 19.5)"
hard_091,hard,hmax2,block,obj_1,19.8,26.1,26.0,15.0,7.0,4.0,2,21.6,11.5,29.3,62.5,0.0284,141,0,4,30,5,25,"long_axis_bearing_deg = bearing of the item's LONG side in world, counter-clockwise from +X, in [0,180). Place by this, not by yaw. yaw_deg is the MuJoCo local-frame rotation and its meaning differs between bricks (long side on local X) and blocks (long side on local Y).","every bar uses the wall_10/wall_11 ArUco mounting; wall_9 is excluded (tag rotated 90 deg, 19.0 cm not 19.5)"
hard_092,hard,hmax2,brick,wall_10,39.2,34.9,2.1,19.5,5.5,10.0,2,31.9,20.8,27.7,49.6,0.0286,140,2,2,28,1,31,"long_axis_bearing_deg = bearing of the item's LONG side in world, counter-clockwise from +X, in [0,180). Place by this, not by yaw. yaw_deg is the MuJoCo local-frame rotation and its meaning differs between bricks (long side on local X) and blocks (long side on local Y).","every bar uses the wall_10/wall_11 ArUco mounting; wall_9 is excluded (tag rotated 90 deg, 19.0 cm not 19.5)"
hard_092,hard,hmax2,brick,wall_11,13.9,43.9,71.5,19.5,5.5,10.0,2,31.9,20.8,27.7,49.6,0.0286,140,2,2,28,1,31,"long_axis_bearing_deg = bearing of the item's LONG side in world, counter-clockwise from +X, in [0,180). Place by this, not by yaw. yaw_deg is the MuJoCo local-frame rotation and its meaning differs between bricks (long side on local X) and blocks (long side on local Y).","every bar uses the wall_10/wall_11 ArUco mounting; wall_9 is excluded (tag rotated 90 deg, 19.0 cm not 19.5)"
hard_092,hard,hmax2,block,obj_1,20.9,30.0,107.7,15.0,7.0,4.0,2,31.9,20.8,27.7,49.6,0.0286,140,2,2,28,1,31,"long_axis_bearing_deg = bearing of the item's LONG side in world, counter-clockwise from +X, in [0,180). Place by this, not by yaw. yaw_deg is the MuJoCo local-frame rotation and its meaning differs between bricks (long side on local X) and blocks (long side on local Y).","every bar uses the wall_10/wall_11 ArUco mounting; wall_9 is excluded (tag rotated 90 deg, 19.0 cm not 19.5)"
hard_093,hard,hmax2,brick,wall_10,38.9,42.6,171.3,19.5,5.5,10.0,2,40.3,20.5,30.1,69.9,0.029,138,4,0,28,11,21,"long_axis_bearing_deg = bearing of the item's LONG side in world, counter-clockwise from +X, in [0,180). Place by this, not by yaw. yaw_deg is the MuJoCo local-frame rotation and its meaning differs between bricks (long side on local X) and blocks (long side on local Y).","every bar uses the wall_10/wall_11 ArUco mounting; wall_9 is excluded (tag rotated 90 deg, 19.0 cm not 19.5)"
hard_093,hard,hmax2,brick,wall_11,13.5,52.8,70.9,19.5,5.5,10.0,2,40.3,20.5,30.1,69.9,0.029,138,4,0,28,11,21,"long_axis_bearing_deg = bearing of the item's LONG side in world, counter-clockwise from +X, in [0,180). Place by this, not by yaw. yaw_deg is the MuJoCo local-frame rotation and its meaning differs between bricks (long side on local X) and blocks (long side on local Y).","every bar uses the wall_10/wall_11 ArUco mounting; wall_9 is excluded (tag rotated 90 deg, 19.0 cm not 19.5)"
hard_093,hard,hmax2,block,obj_1,19.8,38.9,80.1,15.0,7.0,4.0,2,40.3,20.5,30.1,69.9,0.029,138,4,0,28,11,21,"long_axis_bearing_deg = bearing of the item's LONG side in world, counter-clockwise from +X, in [0,180). Place by this, not by yaw. yaw_deg is the MuJoCo local-frame rotation and its meaning differs between bricks (long side on local X) and blocks (long side on local Y).","every bar uses the wall_10/wall_11 ArUco mounting; wall_9 is excluded (tag rotated 90 deg, 19.0 cm not 19.5)"
hard_094,hard,hmax2,brick,wall_10,39.1,40.0,175.3,19.5,5.5,10.0,2,21.7,14.1,42.4,65.3,0.0291,103,3,0,24,15,21,"long_axis_bearing_deg = bearing of the item's LONG side in world, counter-clockwise from +X, in [0,180). Place by this, not by yaw. yaw_deg is the MuJoCo local-frame rotation and its meaning differs between bricks (long side on local X) and blocks (long side on local Y).","every bar uses the wall_10/wall_11 ArUco mounting; wall_9 is excluded (tag rotated 90 deg, 19.0 cm not 19.5)"
hard_094,hard,hmax2,brick,wall_11,13.4,49.7,79.1,19.5,5.5,10.0,2,21.7,14.1,42.4,65.3,0.0291,103,3,0,24,15,21,"long_axis_bearing_deg = bearing of the item's LONG side in world, counter-clockwise from +X, in [0,180). Place by this, not by yaw. yaw_deg is the MuJoCo local-frame rotation and its meaning differs between bricks (long side on local X) and blocks (long side on local Y).","every bar uses the wall_10/wall_11 ArUco mounting; wall_9 is excluded (tag rotated 90 deg, 19.0 cm not 19.5)"
hard_094,hard,hmax2,block,obj_1,19.3,38.7,65.7,15.0,7.0,4.0,2,21.7,14.1,42.4,65.3,0.0291,103,3,0,24,15,21,"long_axis_bearing_deg = bearing of the item's LONG side in world, counter-clockwise from +X, in [0,180). Place by this, not by yaw. yaw_deg is the MuJoCo local-frame rotation and its meaning differs between bricks (long side on local X) and blocks (long side on local Y).","every bar uses the wall_10/wall_11 ArUco mounting; wall_9 is excluded (tag rotated 90 deg, 19.0 cm not 19.5)"
hard_095,hard,hmax2,brick,wall_10,38.9,34.2,168.3,19.5,5.5,10.0,2,36.6,8.4,34.8,61.9,0.0308,130,1,3,26,2,32,"long_axis_bearing_deg = bearing of the item's LONG side in world, counter-clockwise from +X, in [0,180). Place by this, not by yaw. yaw_deg is the MuJoCo local-frame rotation and its meaning differs between bricks (long side on local X) and blocks (long side on local Y).","every bar uses the wall_10/wall_11 ArUco mounting; wall_9 is excluded (tag rotated 90 deg, 19.0 cm not 19.5)"
hard_095,hard,hmax2,brick,wall_11,13.4,43.8,71.7,19.5,5.5,10.0,2,36.6,8.4,34.8,61.9,0.0308,130,1,3,26,2,32,"long_axis_bearing_deg = bearing of the item's LONG side in world, counter-clockwise from +X, in [0,180). Place by this, not by yaw. yaw_deg is the MuJoCo local-frame rotation and its meaning differs between bricks (long side on local X) and blocks (long side on local Y).","every bar uses the wall_10/wall_11 ArUco mounting; wall_9 is excluded (tag rotated 90 deg, 19.0 cm not 19.5)"
hard_095,hard,hmax2,block,obj_1,20.8,31.3,111.8,15.0,7.0,4.0,2,36.6,8.4,34.8,61.9,0.0308,130,1,3,26,2,32,"long_axis_bearing_deg = bearing of the item's LONG side in world, counter-clockwise from +X, in [0,180). Place by this, not by yaw. yaw_deg is the MuJoCo local-frame rotation and its meaning differs between bricks (long side on local X) and blocks (long side on local Y).","every bar uses the wall_10/wall_11 ArUco mounting; wall_9 is excluded (tag rotated 90 deg, 19.0 cm not 19.5)"
hard_096,hard,hmax2,brick,wall_10,10.1,47.9,11.1,19.5,5.5,10.0,2,22.5,26.3,23.5,61.8,0.0323,155,1,4,32,7,21,"long_axis_bearing_deg = bearing of the item's LONG side in world, counter-clockwise from +X, in [0,180). Place by this, not by yaw. yaw_deg is the MuJoCo local-frame rotation and its meaning differs between bricks (long side on local X) and blocks (long side on local Y).","every bar uses the wall_10/wall_11 ArUco mounting; wall_9 is excluded (tag rotated 90 deg, 19.0 cm not 19.5)"
hard_096,hard,hmax2,brick,wall_11,34.1,58.7,108.9,19.5,5.5,10.0,2,22.5,26.3,23.5,61.8,0.0323,155,1,4,32,7,21,"long_axis_bearing_deg = bearing of the item's LONG side in world, counter-clockwise from +X, in [0,180). Place by this, not by yaw. yaw_deg is the MuJoCo local-frame rotation and its meaning differs between bricks (long side on local X) and blocks (long side on local Y).","every bar uses the wall_10/wall_11 ArUco mounting; wall_9 is excluded (tag rotated 90 deg, 19.0 cm not 19.5)"
hard_096,hard,hmax2,block,obj_1,30.5,43.3,101.0,15.0,7.0,4.0,2,22.5,26.3,23.5,61.8,0.0323,155,1,4,32,7,21,"long_axis_bearing_deg = bearing of the item's LONG side in world, counter-clockwise from +X, in [0,180). Place by this, not by yaw. yaw_deg is the MuJoCo local-frame rotation and its meaning differs between bricks (long side on local X) and blocks (long side on local Y).","every bar uses the wall_10/wall_11 ArUco mounting; wall_9 is excluded (tag rotated 90 deg, 19.0 cm not 19.5)"
hard_097,hard,hmax2,brick,wall_10,12.7,38.9,30.4,19.5,5.5,10.0,2,28.3,15.2,10.0,59.9,0.0323,124,0,4,25,5,30,"long_axis_bearing_deg = bearing of the item's LONG side in world, counter-clockwise from +X, in [0,180). Place by this, not by yaw. yaw_deg is the MuJoCo local-frame rotation and its meaning differs between bricks (long side on local X) and blocks (long side on local Y).","every bar uses the wall_10/wall_11 ArUco mounting; wall_9 is excluded (tag rotated 90 deg, 19.0 cm not 19.5)"
hard_097,hard,hmax2,brick,wall_11,38.6,33.0,33.6,19.5,5.5,10.0,2,28.3,15.2,10.0,59.9,0.0323,124,0,4,25,5,30,"long_axis_bearing_deg = bearing of the item's LONG side in world, counter-clockwise from +X, in [0,180). Place by this, not by yaw. yaw_deg is the MuJoCo local-frame rotation and its meaning differs between bricks (long side on local X) and blocks (long side on local Y).","every bar uses the wall_10/wall_11 ArUco mounting; wall_9 is excluded (tag rotated 90 deg, 19.0 cm not 19.5)"
hard_097,hard,hmax2,block,obj_1,21.3,30.6,106.4,15.0,7.0,4.0,2,28.3,15.2,10.0,59.9,0.0323,124,0,4,25,5,30,"long_axis_bearing_deg = bearing of the item's LONG side in world, counter-clockwise from +X, in [0,180). Place by this, not by yaw. yaw_deg is the MuJoCo local-frame rotation and its meaning differs between bricks (long side on local X) and blocks (long side on local Y).","every bar uses the wall_10/wall_11 ArUco mounting; wall_9 is excluded (tag rotated 90 deg, 19.0 cm not 19.5)"
hard_098,hard,hmax2,brick,wall_10,39.0,41.8,173.0,19.5,5.5,10.0,2,25.5,22.9,7.7,58.1,0.0326,92,3,0,21,15,24,"long_axis_bearing_deg = bearing of the item's LONG side in world, counter-clockwise from +X, in [0,180). Place by this, not by yaw. yaw_deg is the MuJoCo local-frame rotation and its meaning differs between bricks (long side on local X) and blocks (long side on local Y).","every bar uses the wall_10/wall_11 ArUco mounting; wall_9 is excluded (tag rotated 90 deg, 19.0 cm not 19.5)"
hard_098,hard,hmax2,brick,wall_11,14.3,51.4,71.4,19.5,5.5,10.0,2,25.5,22.9,7.7,58.1,0.0326,92,3,0,21,15,24,"long_axis_bearing_deg = bearing of the item's LONG side in world, counter-clockwise from +X, in [0,180). Place by this, not by yaw. yaw_deg is the MuJoCo local-frame rotation and its meaning differs between bricks (long side on local X) and blocks (long side on local Y).","every bar uses the wall_10/wall_11 ArUco mounting; wall_9 is excluded (tag rotated 90 deg, 19.0 cm not 19.5)"
hard_098,hard,hmax2,block,obj_1,20.4,41.3,61.6,15.0,7.0,4.0,2,25.5,22.9,7.7,58.1,0.0326,92,3,0,21,15,24,"long_axis_bearing_deg = bearing of the item's LONG side in world, counter-clockwise from +X, in [0,180). Place by this, not by yaw. yaw_deg is the MuJoCo local-frame rotation and its meaning differs between bricks (long side on local X) and blocks (long side on local Y).","every bar uses the wall_10/wall_11 ArUco mounting; wall_9 is excluded (tag rotated 90 deg, 19.0 cm not 19.5)"
hard_099,hard,hmax2,brick,wall_10,9.9,30.0,3.1,19.5,5.5,10.0,2,39.2,17.5,14.7,49.1,0.0333,120,4,0,25,9,26,"long_axis_bearing_deg = bearing of the item's LONG side in world, counter-clockwise from +X, in [0,180). Place by this, not by yaw. yaw_deg is the MuJoCo local-frame rotation and its meaning differs between bricks (long side on local X) and blocks (long side on local Y).","every bar uses the wall_10/wall_11 ArUco mounting; wall_9 is excluded (tag rotated 90 deg, 19.0 cm not 19.5)"
hard_099,hard,hmax2,brick,wall_11,35.3,36.2,104.7,19.5,5.5,10.0,2,39.2,17.5,14.7,49.1,0.0333,120,4,0,25,9,26,"long_axis_bearing_deg = bearing of the item's LONG side in world, counter-clockwise from +X, in [0,180). Place by this, not by yaw. yaw_deg is the MuJoCo local-frame rotation and its meaning differs between bricks (long side on local X) and blocks (long side on local Y).","every bar uses the wall_10/wall_11 ArUco mounting; wall_9 is excluded (tag rotated 90 deg, 19.0 cm not 19.5)"
hard_099,hard,hmax2,block,obj_1,26.4,25.5,99.3,15.0,7.0,4.0,2,39.2,17.5,14.7,49.1,0.0333,120,4,0,25,9,26,"long_axis_bearing_deg = bearing of the item's LONG side in world, counter-clockwise from +X, in [0,180). Place by this, not by yaw. yaw_deg is the MuJoCo local-frame rotation and its meaning differs between bricks (long side on local X) and blocks (long side on local Y).","every bar uses the wall_10/wall_11 ArUco mounting; wall_9 is excluded (tag rotated 90 deg, 19.0 cm not 19.5)"
