build_id,tier,axis,item,marker_hint,centre_x_cm,centre_y_cm,long_axis_bearing_deg,long_cm,short_cm,height_cm,n_bricks,robot_start_x_cm,robot_start_y_cm,goal_x_cm,goal_y_cm,solve_rate,tried,valid_1push,valid_first_push,n_contacts_reachable,n_contacts_cutoff,n_contacts_collision,angle_convention,tag_convention
med_000,med,hmax2,brick,wall_10,39.0,30.4,5.0,19.5,5.5,10.0,2,21.0,13.6,28.8,57.5,0.05,140,1,6,28,3,29,"long_axis_bearing_deg = bearing of the item's LONG side in world, counter-clockwise from +X, in [0,180). Place by this, not by yaw. yaw_deg is the MuJoCo local-frame rotation and its meaning differs between bricks (long side on local X) and blocks (long side on local Y).","every bar uses the wall_10/wall_11 ArUco mounting; wall_9 is excluded (tag rotated 90 deg, 19.0 cm not 19.5)"
med_000,med,hmax2,brick,wall_11,14.5,42.3,70.8,19.5,5.5,10.0,2,21.0,13.6,28.8,57.5,0.05,140,1,6,28,3,29,"long_axis_bearing_deg = bearing of the item's LONG side in world, counter-clockwise from +X, in [0,180). Place by this, not by yaw. yaw_deg is the MuJoCo local-frame rotation and its meaning differs between bricks (long side on local X) and blocks (long side on local Y).","every bar uses the wall_10/wall_11 ArUco mounting; wall_9 is excluded (tag rotated 90 deg, 19.0 cm not 19.5)"
med_000,med,hmax2,block,obj_1,21.2,26.8,103.8,15.0,7.0,4.0,2,21.0,13.6,28.8,57.5,0.05,140,1,6,28,3,29,"long_axis_bearing_deg = bearing of the item's LONG side in world, counter-clockwise from +X, in [0,180). Place by this, not by yaw. yaw_deg is the MuJoCo local-frame rotation and its meaning differs between bricks (long side on local X) and blocks (long side on local Y).","every bar uses the wall_10/wall_11 ArUco mounting; wall_9 is excluded (tag rotated 90 deg, 19.0 cm not 19.5)"
med_001,med,hmax2,brick,wall_10,10.0,37.0,6.8,19.5,5.5,10.0,2,30.8,19.8,28.4,63.3,0.0508,118,0,6,27,7,26,"long_axis_bearing_deg = bearing of the item's LONG side in world, counter-clockwise from +X, in [0,180). Place by this, not by yaw. yaw_deg is the MuJoCo local-frame rotation and its meaning differs between bricks (long side on local X) and blocks (long side on local Y).","every bar uses the wall_10/wall_11 ArUco mounting; wall_9 is excluded (tag rotated 90 deg, 19.0 cm not 19.5)"
med_001,med,hmax2,brick,wall_11,35.3,47.1,102.8,19.5,5.5,10.0,2,30.8,19.8,28.4,63.3,0.0508,118,0,6,27,7,26,"long_axis_bearing_deg = bearing of the item's LONG side in world, counter-clockwise from +X, in [0,180). Place by this, not by yaw. yaw_deg is the MuJoCo local-frame rotation and its meaning differs between bricks (long side on local X) and blocks (long side on local Y).","every bar uses the wall_10/wall_11 ArUco mounting; wall_9 is excluded (tag rotated 90 deg, 19.0 cm not 19.5)"
med_001,med,hmax2,block,obj_4,28.4,33.6,169.8,12.0,7.5,5.0,2,30.8,19.8,28.4,63.3,0.0508,118,0,6,27,7,26,"long_axis_bearing_deg = bearing of the item's LONG side in world, counter-clockwise from +X, in [0,180). Place by this, not by yaw. yaw_deg is the MuJoCo local-frame rotation and its meaning differs between bricks (long side on local X) and blocks (long side on local Y).","every bar uses the wall_10/wall_11 ArUco mounting; wall_9 is excluded (tag rotated 90 deg, 19.0 cm not 19.5)"
med_002,med,hmax2,brick,wall_10,39.0,36.3,173.6,19.5,5.5,10.0,3,41.4,22.5,6.1,68.8,0.0588,34,2,0,13,16,31,"long_axis_bearing_deg = bearing of the item's LONG side in world, counter-clockwise from +X, in [0,180). Place by this, not by yaw. yaw_deg is the MuJoCo local-frame rotation and its meaning differs between bricks (long side on local X) and blocks (long side on local Y).","every bar uses the wall_10/wall_11 ArUco mounting; wall_9 is excluded (tag rotated 90 deg, 19.0 cm not 19.5)"
med_002,med,hmax2,brick,wall_11,14.2,49.3,76.2,19.5,5.5,10.0,3,41.4,22.5,6.1,68.8,0.0588,34,2,0,13,16,31,"long_axis_bearing_deg = bearing of the item's LONG side in world, counter-clockwise from +X, in [0,180). Place by this, not by yaw. yaw_deg is the MuJoCo local-frame rotation and its meaning differs between bricks (long side on local X) and blocks (long side on local Y).","every bar uses the wall_10/wall_11 ArUco mounting; wall_9 is excluded (tag rotated 90 deg, 19.0 cm not 19.5)"
med_002,med,hmax2,brick,wall_12,14.2,25.8,108.8,19.5,5.5,10.0,3,41.4,22.5,6.1,68.8,0.0588,34,2,0,13,16,31,"long_axis_bearing_deg = bearing of the item's LONG side in world, counter-clockwise from +X, in [0,180). Place by this, not by yaw. yaw_deg is the MuJoCo local-frame rotation and its meaning differs between bricks (long side on local X) and blocks (long side on local Y).","every bar uses the wall_10/wall_11 ArUco mounting; wall_9 is excluded (tag rotated 90 deg, 19.0 cm not 19.5)"
med_002,med,hmax2,block,obj_1,24.9,37.8,78.5,15.0,7.0,4.0,3,41.4,22.5,6.1,68.8,0.0588,34,2,0,13,16,31,"long_axis_bearing_deg = bearing of the item's LONG side in world, counter-clockwise from +X, in [0,180). Place by this, not by yaw. yaw_deg is the MuJoCo local-frame rotation and its meaning differs between bricks (long side on local X) and blocks (long side on local Y).","every bar uses the wall_10/wall_11 ArUco mounting; wall_9 is excluded (tag rotated 90 deg, 19.0 cm not 19.5)"
med_003,med,hmax2,brick,wall_10,9.9,46.7,175.8,19.5,5.5,10.0,3,31.2,11.8,6.2,67.7,0.069,29,0,2,7,16,37,"long_axis_bearing_deg = bearing of the item's LONG side in world, counter-clockwise from +X, in [0,180). Place by this, not by yaw. yaw_deg is the MuJoCo local-frame rotation and its meaning differs between bricks (long side on local X) and blocks (long side on local Y).","every bar uses the wall_10/wall_11 ArUco mounting; wall_9 is excluded (tag rotated 90 deg, 19.0 cm not 19.5)"
med_003,med,hmax2,brick,wall_11,35.2,59.4,108.6,19.5,5.5,10.0,3,31.2,11.8,6.2,67.7,0.069,29,0,2,7,16,37,"long_axis_bearing_deg = bearing of the item's LONG side in world, counter-clockwise from +X, in [0,180). Place by this, not by yaw. yaw_deg is the MuJoCo local-frame rotation and its meaning differs between bricks (long side on local X) and blocks (long side on local Y).","every bar uses the wall_10/wall_11 ArUco mounting; wall_9 is excluded (tag rotated 90 deg, 19.0 cm not 19.5)"
med_003,med,hmax2,brick,wall_12,35.2,37.0,81.3,19.5,5.5,10.0,3,31.2,11.8,6.2,67.7,0.069,29,0,2,7,16,37,"long_axis_bearing_deg = bearing of the item's LONG side in world, counter-clockwise from +X, in [0,180). Place by this, not by yaw. yaw_deg is the MuJoCo local-frame rotation and its meaning differs between bricks (long side on local X) and blocks (long side on local Y).","every bar uses the wall_10/wall_11 ArUco mounting; wall_9 is excluded (tag rotated 90 deg, 19.0 cm not 19.5)"
med_003,med,hmax2,block,obj_4,27.5,50.6,150.6,12.0,7.5,5.0,3,31.2,11.8,6.2,67.7,0.069,29,0,2,7,16,37,"long_axis_bearing_deg = bearing of the item's LONG side in world, counter-clockwise from +X, in [0,180). Place by this, not by yaw. yaw_deg is the MuJoCo local-frame rotation and its meaning differs between bricks (long side on local X) and blocks (long side on local Y).","every bar uses the wall_10/wall_11 ArUco mounting; wall_9 is excluded (tag rotated 90 deg, 19.0 cm not 19.5)"
med_004,med,hmax2,brick,wall_10,39.0,45.2,171.6,19.5,5.5,10.0,2,37.7,27.4,7.9,70.5,0.05,140,1,6,30,7,23,"long_axis_bearing_deg = bearing of the item's LONG side in world, counter-clockwise from +X, in [0,180). Place by this, not by yaw. yaw_deg is the MuJoCo local-frame rotation and its meaning differs between bricks (long side on local X) and blocks (long side on local Y).","every bar uses the wall_10/wall_11 ArUco mounting; wall_9 is excluded (tag rotated 90 deg, 19.0 cm not 19.5)"
med_004,med,hmax2,brick,wall_11,13.3,54.5,71.6,19.5,5.5,10.0,2,37.7,27.4,7.9,70.5,0.05,140,1,6,30,7,23,"long_axis_bearing_deg = bearing of the item's LONG side in world, counter-clockwise from +X, in [0,180). Place by this, not by yaw. yaw_deg is the MuJoCo local-frame rotation and its meaning differs between bricks (long side on local X) and blocks (long side on local Y).","every bar uses the wall_10/wall_11 ArUco mounting; wall_9 is excluded (tag rotated 90 deg, 19.0 cm not 19.5)"
med_004,med,hmax2,block,obj_1,19.0,41.0,53.8,15.0,7.0,4.0,2,37.7,27.4,7.9,70.5,0.05,140,1,6,30,7,23,"long_axis_bearing_deg = bearing of the item's LONG side in world, counter-clockwise from +X, in [0,180). Place by this, not by yaw. yaw_deg is the MuJoCo local-frame rotation and its meaning differs between bricks (long side on local X) and blocks (long side on local Y).","every bar uses the wall_10/wall_11 ArUco mounting; wall_9 is excluded (tag rotated 90 deg, 19.0 cm not 19.5)"
med_005,med,hmax2,brick,wall_10,38.9,32.0,171.1,19.5,5.5,10.0,2,33.3,7.8,41.0,69.8,0.0526,114,0,6,28,2,30,"long_axis_bearing_deg = bearing of the item's LONG side in world, counter-clockwise from +X, in [0,180). Place by this, not by yaw. yaw_deg is the MuJoCo local-frame rotation and its meaning differs between bricks (long side on local X) and blocks (long side on local Y).","every bar uses the wall_10/wall_11 ArUco mounting; wall_9 is excluded (tag rotated 90 deg, 19.0 cm not 19.5)"
med_005,med,hmax2,brick,wall_11,12.9,41.9,80.6,19.5,5.5,10.0,2,33.3,7.8,41.0,69.8,0.0526,114,0,6,28,2,30,"long_axis_bearing_deg = bearing of the item's LONG side in world, counter-clockwise from +X, in [0,180). Place by this, not by yaw. yaw_deg is the MuJoCo local-frame rotation and its meaning differs between bricks (long side on local X) and blocks (long side on local Y).","every bar uses the wall_10/wall_11 ArUco mounting; wall_9 is excluded (tag rotated 90 deg, 19.0 cm not 19.5)"
med_005,med,hmax2,block,obj_4,22.6,29.5,128.8,12.0,7.5,5.0,2,33.3,7.8,41.0,69.8,0.0526,114,0,6,28,2,30,"long_axis_bearing_deg = bearing of the item's LONG side in world, counter-clockwise from +X, in [0,180). Place by this, not by yaw. yaw_deg is the MuJoCo local-frame rotation and its meaning differs between bricks (long side on local X) and blocks (long side on local Y).","every bar uses the wall_10/wall_11 ArUco mounting; wall_9 is excluded (tag rotated 90 deg, 19.0 cm not 19.5)"
med_006,med,hmax2,brick,wall_10,10.1,36.1,9.3,19.5,5.5,10.0,3,7.1,20.6,15.8,57.9,0.1633,49,8,0,14,15,31,"long_axis_bearing_deg = bearing of the item's LONG side in world, counter-clockwise from +X, in [0,180). Place by this, not by yaw. yaw_deg is the MuJoCo local-frame rotation and its meaning differs between bricks (long side on local X) and blocks (long side on local Y).","every bar uses the wall_10/wall_11 ArUco mounting; wall_9 is excluded (tag rotated 90 deg, 19.0 cm not 19.5)"
med_006,med,hmax2,brick,wall_11,35.9,49.0,95.7,19.5,5.5,10.0,3,7.1,20.6,15.8,57.9,0.1633,49,8,0,14,15,31,"long_axis_bearing_deg = bearing of the item's LONG side in world, counter-clockwise from +X, in [0,180). Place by this, not by yaw. yaw_deg is the MuJoCo local-frame rotation and its meaning differs between bricks (long side on local X) and blocks (long side on local Y).","every bar uses the wall_10/wall_11 ArUco mounting; wall_9 is excluded (tag rotated 90 deg, 19.0 cm not 19.5)"
med_006,med,hmax2,brick,wall_12,35.9,28.2,77.1,19.5,5.5,10.0,3,7.1,20.6,15.8,57.9,0.1633,49,8,0,14,15,31,"long_axis_bearing_deg = bearing of the item's LONG side in world, counter-clockwise from +X, in [0,180). Place by this, not by yaw. yaw_deg is the MuJoCo local-frame rotation and its meaning differs between bricks (long side on local X) and blocks (long side on local Y).","every bar uses the wall_10/wall_11 ArUco mounting; wall_9 is excluded (tag rotated 90 deg, 19.0 cm not 19.5)"
med_006,med,hmax2,block,obj_1,24.4,37.4,98.5,15.0,7.0,4.0,3,7.1,20.6,15.8,57.9,0.1633,49,8,0,14,15,31,"long_axis_bearing_deg = bearing of the item's LONG side in world, counter-clockwise from +X, in [0,180). Place by this, not by yaw. yaw_deg is the MuJoCo local-frame rotation and its meaning differs between bricks (long side on local X) and blocks (long side on local Y).","every bar uses the wall_10/wall_11 ArUco mounting; wall_9 is excluded (tag rotated 90 deg, 19.0 cm not 19.5)"
med_007,med,hmax2,brick,wall_10,10.1,45.8,169.4,19.5,5.5,10.0,3,39.1,11.0,18.9,59.7,0.0889,45,0,4,14,8,38,"long_axis_bearing_deg = bearing of the item's LONG side in world, counter-clockwise from +X, in [0,180). Place by this, not by yaw. yaw_deg is the MuJoCo local-frame rotation and its meaning differs between bricks (long side on local X) and blocks (long side on local Y).","every bar uses the wall_10/wall_11 ArUco mounting; wall_9 is excluded (tag rotated 90 deg, 19.0 cm not 19.5)"
med_007,med,hmax2,brick,wall_11,36.1,54.6,88.1,19.5,5.5,10.0,3,39.1,11.0,18.9,59.7,0.0889,45,0,4,14,8,38,"long_axis_bearing_deg = bearing of the item's LONG side in world, counter-clockwise from +X, in [0,180). Place by this, not by yaw. yaw_deg is the MuJoCo local-frame rotation and its meaning differs between bricks (long side on local X) and blocks (long side on local Y).","every bar uses the wall_10/wall_11 ArUco mounting; wall_9 is excluded (tag rotated 90 deg, 19.0 cm not 19.5)"
med_007,med,hmax2,brick,wall_12,36.1,33.4,77.9,19.5,5.5,10.0,3,39.1,11.0,18.9,59.7,0.0889,45,0,4,14,8,38,"long_axis_bearing_deg = bearing of the item's LONG side in world, counter-clockwise from +X, in [0,180). Place by this, not by yaw. yaw_deg is the MuJoCo local-frame rotation and its meaning differs between bricks (long side on local X) and blocks (long side on local Y).","every bar uses the wall_10/wall_11 ArUco mounting; wall_9 is excluded (tag rotated 90 deg, 19.0 cm not 19.5)"
med_007,med,hmax2,block,obj_4,26.2,42.3,164.4,12.0,7.5,5.0,3,39.1,11.0,18.9,59.7,0.0889,45,0,4,14,8,38,"long_axis_bearing_deg = bearing of the item's LONG side in world, counter-clockwise from +X, in [0,180). Place by this, not by yaw. yaw_deg is the MuJoCo local-frame rotation and its meaning differs between bricks (long side on local X) and blocks (long side on local Y).","every bar uses the wall_10/wall_11 ArUco mounting; wall_9 is excluded (tag rotated 90 deg, 19.0 cm not 19.5)"
med_008,med,hmax2,brick,wall_10,39.0,47.8,172.2,19.5,5.5,10.0,2,14.4,17.8,30.6,63.2,0.0515,136,0,7,30,3,27,"long_axis_bearing_deg = bearing of the item's LONG side in world, counter-clockwise from +X, in [0,180). Place by this, not by yaw. yaw_deg is the MuJoCo local-frame rotation and its meaning differs between bricks (long side on local X) and blocks (long side on local Y).","every bar uses the wall_10/wall_11 ArUco mounting; wall_9 is excluded (tag rotated 90 deg, 19.0 cm not 19.5)"
med_008,med,hmax2,brick,wall_11,14.7,60.0,79.4,19.5,5.5,10.0,2,14.4,17.8,30.6,63.2,0.0515,136,0,7,30,3,27,"long_axis_bearing_deg = bearing of the item's LONG side in world, counter-clockwise from +X, in [0,180). Place by this, not by yaw. yaw_deg is the MuJoCo local-frame rotation and its meaning differs between bricks (long side on local X) and blocks (long side on local Y).","every bar uses the wall_10/wall_11 ArUco mounting; wall_9 is excluded (tag rotated 90 deg, 19.0 cm not 19.5)"
med_008,med,hmax2,block,obj_1,18.8,45.8,22.4,15.0,7.0,4.0,2,14.4,17.8,30.6,63.2,0.0515,136,0,7,30,3,27,"long_axis_bearing_deg = bearing of the item's LONG side in world, counter-clockwise from +X, in [0,180). Place by this, not by yaw. yaw_deg is the MuJoCo local-frame rotation and its meaning differs between bricks (long side on local X) and blocks (long side on local Y).","every bar uses the wall_10/wall_11 ArUco mounting; wall_9 is excluded (tag rotated 90 deg, 19.0 cm not 19.5)"
med_009,med,hmax2,brick,wall_10,39.1,42.6,176.1,19.5,5.5,10.0,2,28.1,20.7,34.9,65.1,0.0526,133,0,7,30,0,30,"long_axis_bearing_deg = bearing of the item's LONG side in world, counter-clockwise from +X, in [0,180). Place by this, not by yaw. yaw_deg is the MuJoCo local-frame rotation and its meaning differs between bricks (long side on local X) and blocks (long side on local Y).","every bar uses the wall_10/wall_11 ArUco mounting; wall_9 is excluded (tag rotated 90 deg, 19.0 cm not 19.5)"
med_009,med,hmax2,brick,wall_11,13.8,52.1,76.2,19.5,5.5,10.0,2,28.1,20.7,34.9,65.1,0.0526,133,0,7,30,0,30,"long_axis_bearing_deg = bearing of the item's LONG side in world, counter-clockwise from +X, in [0,180). Place by this, not by yaw. yaw_deg is the MuJoCo local-frame rotation and its meaning differs between bricks (long side on local X) and blocks (long side on local Y).","every bar uses the wall_10/wall_11 ArUco mounting; wall_9 is excluded (tag rotated 90 deg, 19.0 cm not 19.5)"
med_009,med,hmax2,block,obj_4,18.4,38.2,29.1,12.0,7.5,5.0,2,28.1,20.7,34.9,65.1,0.0526,133,0,7,30,0,30,"long_axis_bearing_deg = bearing of the item's LONG side in world, counter-clockwise from +X, in [0,180). Place by this, not by yaw. yaw_deg is the MuJoCo local-frame rotation and its meaning differs between bricks (long side on local X) and blocks (long side on local Y).","every bar uses the wall_10/wall_11 ArUco mounting; wall_9 is excluded (tag rotated 90 deg, 19.0 cm not 19.5)"
med_010,med,hmax2,brick,wall_10,9.8,41.0,0.3,19.5,5.5,10.0,3,21.4,17.7,40.9,71.1,0.1714,70,0,12,15,2,43,"long_axis_bearing_deg = bearing of the item's LONG side in world, counter-clockwise from +X, in [0,180). Place by this, not by yaw. yaw_deg is the MuJoCo local-frame rotation and its meaning differs between bricks (long side on local X) and blocks (long side on local Y).","every bar uses the wall_10/wall_11 ArUco mounting; wall_9 is excluded (tag rotated 90 deg, 19.0 cm not 19.5)"
med_010,med,hmax2,brick,wall_11,35.4,53.6,105.6,19.5,5.5,10.0,3,21.4,17.7,40.9,71.1,0.1714,70,0,12,15,2,43,"long_axis_bearing_deg = bearing of the item's LONG side in world, counter-clockwise from +X, in [0,180). Place by this, not by yaw. yaw_deg is the MuJoCo local-frame rotation and its meaning differs between bricks (long side on local X) and blocks (long side on local Y).","every bar uses the wall_10/wall_11 ArUco mounting; wall_9 is excluded (tag rotated 90 deg, 19.0 cm not 19.5)"
med_010,med,hmax2,brick,wall_12,35.4,29.7,77.4,19.5,5.5,10.0,3,21.4,17.7,40.9,71.1,0.1714,70,0,12,15,2,43,"long_axis_bearing_deg = bearing of the item's LONG side in world, counter-clockwise from +X, in [0,180). Place by this, not by yaw. yaw_deg is the MuJoCo local-frame rotation and its meaning differs between bricks (long side on local X) and blocks (long side on local Y).","every bar uses the wall_10/wall_11 ArUco mounting; wall_9 is excluded (tag rotated 90 deg, 19.0 cm not 19.5)"
med_010,med,hmax2,block,obj_1,29.2,36.9,71.7,15.0,7.0,4.0,3,21.4,17.7,40.9,71.1,0.1714,70,0,12,15,2,43,"long_axis_bearing_deg = bearing of the item's LONG side in world, counter-clockwise from +X, in [0,180). Place by this, not by yaw. yaw_deg is the MuJoCo local-frame rotation and its meaning differs between bricks (long side on local X) and blocks (long side on local Y).","every bar uses the wall_10/wall_11 ArUco mounting; wall_9 is excluded (tag rotated 90 deg, 19.0 cm not 19.5)"
med_011,med,hmax2,brick,wall_10,10.0,34.3,6.5,19.5,5.5,10.0,3,34.8,6.4,31.6,66.6,0.1154,52,6,0,15,15,30,"long_axis_bearing_deg = bearing of the item's LONG side in world, counter-clockwise from +X, in [0,180). Place by this, not by yaw. yaw_deg is the MuJoCo local-frame rotation and its meaning differs between bricks (long side on local X) and blocks (long side on local Y).","every bar uses the wall_10/wall_11 ArUco mounting; wall_9 is excluded (tag rotated 90 deg, 19.0 cm not 19.5)"
med_011,med,hmax2,brick,wall_11,35.6,45.2,92.7,19.5,5.5,10.0,3,34.8,6.4,31.6,66.6,0.1154,52,6,0,15,15,30,"long_axis_bearing_deg = bearing of the item's LONG side in world, counter-clockwise from +X, in [0,180). Place by this, not by yaw. yaw_deg is the MuJoCo local-frame rotation and its meaning differs between bricks (long side on local X) and blocks (long side on local Y).","every bar uses the wall_10/wall_11 ArUco mounting; wall_9 is excluded (tag rotated 90 deg, 19.0 cm not 19.5)"
med_011,med,hmax2,brick,wall_12,35.6,24.2,71.7,19.5,5.5,10.0,3,34.8,6.4,31.6,66.6,0.1154,52,6,0,15,15,30,"long_axis_bearing_deg = bearing of the item's LONG side in world, counter-clockwise from +X, in [0,180). Place by this, not by yaw. yaw_deg is the MuJoCo local-frame rotation and its meaning differs between bricks (long side on local X) and blocks (long side on local Y).","every bar uses the wall_10/wall_11 ArUco mounting; wall_9 is excluded (tag rotated 90 deg, 19.0 cm not 19.5)"
med_011,med,hmax2,block,obj_4,25.5,32.7,91.9,12.0,7.5,5.0,3,34.8,6.4,31.6,66.6,0.1154,52,6,0,15,15,30,"long_axis_bearing_deg = bearing of the item's LONG side in world, counter-clockwise from +X, in [0,180). Place by this, not by yaw. yaw_deg is the MuJoCo local-frame rotation and its meaning differs between bricks (long side on local X) and blocks (long side on local Y).","every bar uses the wall_10/wall_11 ArUco mounting; wall_9 is excluded (tag rotated 90 deg, 19.0 cm not 19.5)"
med_012,med,hmax2,brick,wall_10,38.9,34.1,10.1,19.5,5.5,10.0,2,39.4,20.1,36.2,54.7,0.0526,95,0,5,26,4,30,"long_axis_bearing_deg = bearing of the item's LONG side in world, counter-clockwise from +X, in [0,180). Place by this, not by yaw. yaw_deg is the MuJoCo local-frame rotation and its meaning differs between bricks (long side on local X) and blocks (long side on local Y).","every bar uses the wall_10/wall_11 ArUco mounting; wall_9 is excluded (tag rotated 90 deg, 19.0 cm not 19.5)"
med_012,med,hmax2,brick,wall_11,13.1,41.2,73.3,19.5,5.5,10.0,2,39.4,20.1,36.2,54.7,0.0526,95,0,5,26,4,30,"long_axis_bearing_deg = bearing of the item's LONG side in world, counter-clockwise from +X, in [0,180). Place by this, not by yaw. yaw_deg is the MuJoCo local-frame rotation and its meaning differs between bricks (long side on local X) and blocks (long side on local Y).","every bar uses the wall_10/wall_11 ArUco mounting; wall_9 is excluded (tag rotated 90 deg, 19.0 cm not 19.5)"
med_012,med,hmax2,block,obj_1,23.3,30.2,137.4,15.0,7.0,4.0,2,39.4,20.1,36.2,54.7,0.0526,95,0,5,26,4,30,"long_axis_bearing_deg = bearing of the item's LONG side in world, counter-clockwise from +X, in [0,180). Place by this, not by yaw. yaw_deg is the MuJoCo local-frame rotation and its meaning differs between bricks (long side on local X) and blocks (long side on local Y).","every bar uses the wall_10/wall_11 ArUco mounting; wall_9 is excluded (tag rotated 90 deg, 19.0 cm not 19.5)"
med_013,med,hmax2,brick,wall_10,39.2,44.3,0.3,19.5,5.5,10.0,2,25.2,7.0,26.2,66.5,0.0541,111,5,1,26,8,26,"long_axis_bearing_deg = bearing of the item's LONG side in world, counter-clockwise from +X, in [0,180). Place by this, not by yaw. yaw_deg is the MuJoCo local-frame rotation and its meaning differs between bricks (long side on local X) and blocks (long side on local Y).","every bar uses the wall_10/wall_11 ArUco mounting; wall_9 is excluded (tag rotated 90 deg, 19.0 cm not 19.5)"
med_013,med,hmax2,brick,wall_11,13.5,56.0,77.8,19.5,5.5,10.0,2,25.2,7.0,26.2,66.5,0.0541,111,5,1,26,8,26,"long_axis_bearing_deg = bearing of the item's LONG side in world, counter-clockwise from +X, in [0,180). Place by this, not by yaw. yaw_deg is the MuJoCo local-frame rotation and its meaning differs between bricks (long side on local X) and blocks (long side on local Y).","every bar uses the wall_10/wall_11 ArUco mounting; wall_9 is excluded (tag rotated 90 deg, 19.0 cm not 19.5)"
med_013,med,hmax2,block,obj_4,19.9,41.2,151.6,12.0,7.5,5.0,2,25.2,7.0,26.2,66.5,0.0541,111,5,1,26,8,26,"long_axis_bearing_deg = bearing of the item's LONG side in world, counter-clockwise from +X, in [0,180). Place by this, not by yaw. yaw_deg is the MuJoCo local-frame rotation and its meaning differs between bricks (long side on local X) and blocks (long side on local Y).","every bar uses the wall_10/wall_11 ArUco mounting; wall_9 is excluded (tag rotated 90 deg, 19.0 cm not 19.5)"
med_014,med,hmax2,brick,wall_10,10.0,38.4,6.4,19.5,5.5,10.0,3,33.1,9.7,17.0,69.3,0.175,40,7,0,9,12,39,"long_axis_bearing_deg = bearing of the item's LONG side in world, counter-clockwise from +X, in [0,180). Place by this, not by yaw. yaw_deg is the MuJoCo local-frame rotation and its meaning differs between bricks (long side on local X) and blocks (long side on local Y).","every bar uses the wall_10/wall_11 ArUco mounting; wall_9 is excluded (tag rotated 90 deg, 19.0 cm not 19.5)"
med_014,med,hmax2,brick,wall_11,35.8,50.1,91.6,19.5,5.5,10.0,3,33.1,9.7,17.0,69.3,0.175,40,7,0,9,12,39,"long_axis_bearing_deg = bearing of the item's LONG side in world, counter-clockwise from +X, in [0,180). Place by this, not by yaw. yaw_deg is the MuJoCo local-frame rotation and its meaning differs between bricks (long side on local X) and blocks (long side on local Y).","every bar uses the wall_10/wall_11 ArUco mounting; wall_9 is excluded (tag rotated 90 deg, 19.0 cm not 19.5)"
med_014,med,hmax2,brick,wall_12,35.8,28.6,72.7,19.5,5.5,10.0,3,33.1,9.7,17.0,69.3,0.175,40,7,0,9,12,39,"long_axis_bearing_deg = bearing of the item's LONG side in world, counter-clockwise from +X, in [0,180). Place by this, not by yaw. yaw_deg is the MuJoCo local-frame rotation and its meaning differs between bricks (long side on local X) and blocks (long side on local Y).","every bar uses the wall_10/wall_11 ArUco mounting; wall_9 is excluded (tag rotated 90 deg, 19.0 cm not 19.5)"
med_014,med,hmax2,block,obj_1,28.2,39.5,93.4,15.0,7.0,4.0,3,33.1,9.7,17.0,69.3,0.175,40,7,0,9,12,39,"long_axis_bearing_deg = bearing of the item's LONG side in world, counter-clockwise from +X, in [0,180). Place by this, not by yaw. yaw_deg is the MuJoCo local-frame rotation and its meaning differs between bricks (long side on local X) and blocks (long side on local Y).","every bar uses the wall_10/wall_11 ArUco mounting; wall_9 is excluded (tag rotated 90 deg, 19.0 cm not 19.5)"
med_015,med,hmax2,brick,wall_10,10.1,38.2,169.3,19.5,5.5,10.0,3,16.9,9.8,17.8,69.3,0.1316,38,0,5,13,10,37,"long_axis_bearing_deg = bearing of the item's LONG side in world, counter-clockwise from +X, in [0,180). Place by this, not by yaw. yaw_deg is the MuJoCo local-frame rotation and its meaning differs between bricks (long side on local X) and blocks (long side on local Y).","every bar uses the wall_10/wall_11 ArUco mounting; wall_9 is excluded (tag rotated 90 deg, 19.0 cm not 19.5)"
med_015,med,hmax2,brick,wall_11,35.1,49.8,103.7,19.5,5.5,10.0,3,16.9,9.8,17.8,69.3,0.1316,38,0,5,13,10,37,"long_axis_bearing_deg = bearing of the item's LONG side in world, counter-clockwise from +X, in [0,180). Place by this, not by yaw. yaw_deg is the MuJoCo local-frame rotation and its meaning differs between bricks (long side on local X) and blocks (long side on local Y).","every bar uses the wall_10/wall_11 ArUco mounting; wall_9 is excluded (tag rotated 90 deg, 19.0 cm not 19.5)"
med_015,med,hmax2,brick,wall_12,35.1,27.4,81.2,19.5,5.5,10.0,3,16.9,9.8,17.8,69.3,0.1316,38,0,5,13,10,37,"long_axis_bearing_deg = bearing of the item's LONG side in world, counter-clockwise from +X, in [0,180). Place by this, not by yaw. yaw_deg is the MuJoCo local-frame rotation and its meaning differs between bricks (long side on local X) and blocks (long side on local Y).","every bar uses the wall_10/wall_11 ArUco mounting; wall_9 is excluded (tag rotated 90 deg, 19.0 cm not 19.5)"
med_015,med,hmax2,block,obj_4,26.1,33.7,164.3,12.0,7.5,5.0,3,16.9,9.8,17.8,69.3,0.1316,38,0,5,13,10,37,"long_axis_bearing_deg = bearing of the item's LONG side in world, counter-clockwise from +X, in [0,180). Place by this, not by yaw. yaw_deg is the MuJoCo local-frame rotation and its meaning differs between bricks (long side on local X) and blocks (long side on local Y).","every bar uses the wall_10/wall_11 ArUco mounting; wall_9 is excluded (tag rotated 90 deg, 19.0 cm not 19.5)"
med_016,med,hmax2,brick,wall_10,39.2,39.2,1.6,19.5,5.5,10.0,2,25.4,10.8,29.5,63.9,0.0547,128,0,7,28,3,29,"long_axis_bearing_deg = bearing of the item's LONG side in world, counter-clockwise from +X, in [0,180). Place by this, not by yaw. yaw_deg is the MuJoCo local-frame rotation and its meaning differs between bricks (long side on local X) and blocks (long side on local Y).","every bar uses the wall_10/wall_11 ArUco mounting; wall_9 is excluded (tag rotated 90 deg, 19.0 cm not 19.5)"
med_016,med,hmax2,brick,wall_11,13.9,48.8,73.7,19.5,5.5,10.0,2,25.4,10.8,29.5,63.9,0.0547,128,0,7,28,3,29,"long_axis_bearing_deg = bearing of the item's LONG side in world, counter-clockwise from +X, in [0,180). Place by this, not by yaw. yaw_deg is the MuJoCo local-frame rotation and its meaning differs between bricks (long side on local X) and blocks (long side on local Y).","every bar uses the wall_10/wall_11 ArUco mounting; wall_9 is excluded (tag rotated 90 deg, 19.0 cm not 19.5)"
med_016,med,hmax2,block,obj_1,24.5,34.3,123.3,15.0,7.0,4.0,2,25.4,10.8,29.5,63.9,0.0547,128,0,7,28,3,29,"long_axis_bearing_deg = bearing of the item's LONG side in world, counter-clockwise from +X, in [0,180). Place by this, not by yaw. yaw_deg is the MuJoCo local-frame rotation and its meaning differs between bricks (long side on local X) and blocks (long side on local Y).","every bar uses the wall_10/wall_11 ArUco mounting; wall_9 is excluded (tag rotated 90 deg, 19.0 cm not 19.5)"
med_017,med,hmax2,brick,wall_10,12.3,41.6,169.6,19.5,5.5,10.0,2,15.7,28.7,20.5,62.2,0.0543,92,0,5,26,7,27,"long_axis_bearing_deg = bearing of the item's LONG side in world, counter-clockwise from +X, in [0,180). Place by this, not by yaw. yaw_deg is the MuJoCo local-frame rotation and its meaning differs between bricks (long side on local X) and blocks (long side on local Y).","every bar uses the wall_10/wall_11 ArUco mounting; wall_9 is excluded (tag rotated 90 deg, 19.0 cm not 19.5)"
med_017,med,hmax2,brick,wall_11,25.8,51.2,163.0,19.5,5.5,10.0,2,15.7,28.7,20.5,62.2,0.0543,92,0,5,26,7,27,"long_axis_bearing_deg = bearing of the item's LONG side in world, counter-clockwise from +X, in [0,180). Place by this, not by yaw. yaw_deg is the MuJoCo local-frame rotation and its meaning differs between bricks (long side on local X) and blocks (long side on local Y).","every bar uses the wall_10/wall_11 ArUco mounting; wall_9 is excluded (tag rotated 90 deg, 19.0 cm not 19.5)"
med_017,med,hmax2,block,obj_4,38.2,40.2,119.6,12.0,7.5,5.0,2,15.7,28.7,20.5,62.2,0.0543,92,0,5,26,7,27,"long_axis_bearing_deg = bearing of the item's LONG side in world, counter-clockwise from +X, in [0,180). Place by this, not by yaw. yaw_deg is the MuJoCo local-frame rotation and its meaning differs between bricks (long side on local X) and blocks (long side on local Y).","every bar uses the wall_10/wall_11 ArUco mounting; wall_9 is excluded (tag rotated 90 deg, 19.0 cm not 19.5)"
med_018,med,hmax2,brick,wall_10,38.9,31.3,8.8,19.5,5.5,10.0,3,36.0,19.1,26.1,67.4,0.197,66,13,0,14,11,35,"long_axis_bearing_deg = bearing of the item's LONG side in world, counter-clockwise from +X, in [0,180). Place by this, not by yaw. yaw_deg is the MuJoCo local-frame rotation and its meaning differs between bricks (long side on local X) and blocks (long side on local Y).","every bar uses the wall_10/wall_11 ArUco mounting; wall_9 is excluded (tag rotated 90 deg, 19.0 cm not 19.5)"
med_018,med,hmax2,brick,wall_11,13.1,42.4,87.2,19.5,5.5,10.0,3,36.0,19.1,26.1,67.4,0.197,66,13,0,14,11,35,"long_axis_bearing_deg = bearing of the item's LONG side in world, counter-clockwise from +X, in [0,180). Place by this, not by yaw. yaw_deg is the MuJoCo local-frame rotation and its meaning differs between bricks (long side on local X) and blocks (long side on local Y).","every bar uses the wall_10/wall_11 ArUco mounting; wall_9 is excluded (tag rotated 90 deg, 19.0 cm not 19.5)"
med_018,med,hmax2,brick,wall_12,13.1,20.2,107.8,19.5,5.5,10.0,3,36.0,19.1,26.1,67.4,0.197,66,13,0,14,11,35,"long_axis_bearing_deg = bearing of the item's LONG side in world, counter-clockwise from +X, in [0,180). Place by this, not by yaw. yaw_deg is the MuJoCo local-frame rotation and its meaning differs between bricks (long side on local X) and blocks (long side on local Y).","every bar uses the wall_10/wall_11 ArUco mounting; wall_9 is excluded (tag rotated 90 deg, 19.0 cm not 19.5)"
med_018,med,hmax2,block,obj_1,22.4,27.9,96.2,15.0,7.0,4.0,3,36.0,19.1,26.1,67.4,0.197,66,13,0,14,11,35,"long_axis_bearing_deg = bearing of the item's LONG side in world, counter-clockwise from +X, in [0,180). Place by this, not by yaw. yaw_deg is the MuJoCo local-frame rotation and its meaning differs between bricks (long side on local X) and blocks (long side on local Y).","every bar uses the wall_10/wall_11 ArUco mounting; wall_9 is excluded (tag rotated 90 deg, 19.0 cm not 19.5)"
med_019,med,hmax2,brick,wall_10,10.1,33.7,11.3,19.5,5.5,10.0,3,12.0,21.7,34.5,66.3,0.1515,33,1,4,7,10,43,"long_axis_bearing_deg = bearing of the item's LONG side in world, counter-clockwise from +X, in [0,180). Place by this, not by yaw. yaw_deg is the MuJoCo local-frame rotation and its meaning differs between bricks (long side on local X) and blocks (long side on local Y).","every bar uses the wall_10/wall_11 ArUco mounting; wall_9 is excluded (tag rotated 90 deg, 19.0 cm not 19.5)"
med_019,med,hmax2,brick,wall_11,35.2,42.2,97.1,19.5,5.5,10.0,3,12.0,21.7,34.5,66.3,0.1515,33,1,4,7,10,43,"long_axis_bearing_deg = bearing of the item's LONG side in world, counter-clockwise from +X, in [0,180). Place by this, not by yaw. yaw_deg is the MuJoCo local-frame rotation and its meaning differs between bricks (long side on local X) and blocks (long side on local Y).","every bar uses the wall_10/wall_11 ArUco mounting; wall_9 is excluded (tag rotated 90 deg, 19.0 cm not 19.5)"
med_019,med,hmax2,brick,wall_12,35.2,21.2,70.7,19.5,5.5,10.0,3,12.0,21.7,34.5,66.3,0.1515,33,1,4,7,10,43,"long_axis_bearing_deg = bearing of the item's LONG side in world, counter-clockwise from +X, in [0,180). Place by this, not by yaw. yaw_deg is the MuJoCo local-frame rotation and its meaning differs between bricks (long side on local X) and blocks (long side on local Y).","every bar uses the wall_10/wall_11 ArUco mounting; wall_9 is excluded (tag rotated 90 deg, 19.0 cm not 19.5)"
med_019,med,hmax2,block,obj_4,29.1,32.4,101.1,12.0,7.5,5.0,3,12.0,21.7,34.5,66.3,0.1515,33,1,4,7,10,43,"long_axis_bearing_deg = bearing of the item's LONG side in world, counter-clockwise from +X, in [0,180). Place by this, not by yaw. yaw_deg is the MuJoCo local-frame rotation and its meaning differs between bricks (long side on local X) and blocks (long side on local Y).","every bar uses the wall_10/wall_11 ArUco mounting; wall_9 is excluded (tag rotated 90 deg, 19.0 cm not 19.5)"
med_020,med,hmax2,brick,wall_10,10.0,37.4,172.1,19.5,5.5,10.0,2,40.4,21.5,29.8,67.3,0.0552,145,3,5,30,11,19,"long_axis_bearing_deg = bearing of the item's LONG side in world, counter-clockwise from +X, in [0,180). Place by this, not by yaw. yaw_deg is the MuJoCo local-frame rotation and its meaning differs between bricks (long side on local X) and blocks (long side on local Y).","every bar uses the wall_10/wall_11 ArUco mounting; wall_9 is excluded (tag rotated 90 deg, 19.0 cm not 19.5)"
med_020,med,hmax2,brick,wall_11,35.0,50.4,106.2,19.5,5.5,10.0,2,40.4,21.5,29.8,67.3,0.0552,145,3,5,30,11,19,"long_axis_bearing_deg = bearing of the item's LONG side in world, counter-clockwise from +X, in [0,180). Place by this, not by yaw. yaw_deg is the MuJoCo local-frame rotation and its meaning differs between bricks (long side on local X) and blocks (long side on local Y).","every bar uses the wall_10/wall_11 ArUco mounting; wall_9 is excluded (tag rotated 90 deg, 19.0 cm not 19.5)"
med_020,med,hmax2,block,obj_1,26.1,32.8,80.4,15.0,7.0,4.0,2,40.4,21.5,29.8,67.3,0.0552,145,3,5,30,11,19,"long_axis_bearing_deg = bearing of the item's LONG side in world, counter-clockwise from +X, in [0,180). Place by this, not by yaw. yaw_deg is the MuJoCo local-frame rotation and its meaning differs between bricks (long side on local X) and blocks (long side on local Y).","every bar uses the wall_10/wall_11 ArUco mounting; wall_9 is excluded (tag rotated 90 deg, 19.0 cm not 19.5)"
med_021,med,hmax2,brick,wall_10,38.9,33.4,168.3,19.5,5.5,10.0,2,29.5,16.2,40.9,71.4,0.056,125,0,7,30,5,25,"long_axis_bearing_deg = bearing of the item's LONG side in world, counter-clockwise from +X, in [0,180). Place by this, not by yaw. yaw_deg is the MuJoCo local-frame rotation and its meaning differs between bricks (long side on local X) and blocks (long side on local Y).","every bar uses the wall_10/wall_11 ArUco mounting; wall_9 is excluded (tag rotated 90 deg, 19.0 cm not 19.5)"
med_021,med,hmax2,brick,wall_11,14.1,40.8,71.9,19.5,5.5,10.0,2,29.5,16.2,40.9,71.4,0.056,125,0,7,30,5,25,"long_axis_bearing_deg = bearing of the item's LONG side in world, counter-clockwise from +X, in [0,180). Place by this, not by yaw. yaw_deg is the MuJoCo local-frame rotation and its meaning differs between bricks (long side on local X) and blocks (long side on local Y).","every bar uses the wall_10/wall_11 ArUco mounting; wall_9 is excluded (tag rotated 90 deg, 19.0 cm not 19.5)"
med_021,med,hmax2,block,obj_4,22.2,28.8,30.8,12.0,7.5,5.0,2,29.5,16.2,40.9,71.4,0.056,125,0,7,30,5,25,"long_axis_bearing_deg = bearing of the item's LONG side in world, counter-clockwise from +X, in [0,180). Place by this, not by yaw. yaw_deg is the MuJoCo local-frame rotation and its meaning differs between bricks (long side on local X) and blocks (long side on local Y).","every bar uses the wall_10/wall_11 ArUco mounting; wall_9 is excluded (tag rotated 90 deg, 19.0 cm not 19.5)"
med_022,med,hmax2,brick,wall_10,10.1,32.9,9.4,19.5,5.5,10.0,3,7.8,11.8,6.2,62.7,0.1975,81,0,16,18,0,42,"long_axis_bearing_deg = bearing of the item's LONG side in world, counter-clockwise from +X, in [0,180). Place by this, not by yaw. yaw_deg is the MuJoCo local-frame rotation and its meaning differs between bricks (long side on local X) and blocks (long side on local Y).","every bar uses the wall_10/wall_11 ArUco mounting; wall_9 is excluded (tag rotated 90 deg, 19.0 cm not 19.5)"
med_022,med,hmax2,brick,wall_11,35.1,42.0,103.0,19.5,5.5,10.0,3,7.8,11.8,6.2,62.7,0.1975,81,0,16,18,0,42,"long_axis_bearing_deg = bearing of the item's LONG side in world, counter-clockwise from +X, in [0,180). Place by this, not by yaw. yaw_deg is the MuJoCo local-frame rotation and its meaning differs between bricks (long side on local X) and blocks (long side on local Y).","every bar uses the wall_10/wall_11 ArUco mounting; wall_9 is excluded (tag rotated 90 deg, 19.0 cm not 19.5)"
med_022,med,hmax2,brick,wall_12,35.1,21.4,78.3,19.5,5.5,10.0,3,7.8,11.8,6.2,62.7,0.1975,81,0,16,18,0,42,"long_axis_bearing_deg = bearing of the item's LONG side in world, counter-clockwise from +X, in [0,180). Place by this, not by yaw. yaw_deg is the MuJoCo local-frame rotation and its meaning differs between bricks (long side on local X) and blocks (long side on local Y).","every bar uses the wall_10/wall_11 ArUco mounting; wall_9 is excluded (tag rotated 90 deg, 19.0 cm not 19.5)"
med_022,med,hmax2,block,obj_1,27.0,29.1,66.6,15.0,7.0,4.0,3,7.8,11.8,6.2,62.7,0.1975,81,0,16,18,0,42,"long_axis_bearing_deg = bearing of the item's LONG side in world, counter-clockwise from +X, in [0,180). Place by this, not by yaw. yaw_deg is the MuJoCo local-frame rotation and its meaning differs between bricks (long side on local X) and blocks (long side on local Y).","every bar uses the wall_10/wall_11 ArUco mounting; wall_9 is excluded (tag rotated 90 deg, 19.0 cm not 19.5)"
med_023,med,hmax2,brick,wall_10,39.2,31.8,0.2,19.5,5.5,10.0,3,29.5,17.3,33.0,70.8,0.25,32,2,6,8,8,44,"long_axis_bearing_deg = bearing of the item's LONG side in world, counter-clockwise from +X, in [0,180). Place by this, not by yaw. yaw_deg is the MuJoCo local-frame rotation and its meaning differs between bricks (long side on local X) and blocks (long side on local Y).","every bar uses the wall_10/wall_11 ArUco mounting; wall_9 is excluded (tag rotated 90 deg, 19.0 cm not 19.5)"
med_023,med,hmax2,brick,wall_11,14.4,41.4,71.3,19.5,5.5,10.0,3,29.5,17.3,33.0,70.8,0.25,32,2,6,8,8,44,"long_axis_bearing_deg = bearing of the item's LONG side in world, counter-clockwise from +X, in [0,180). Place by this, not by yaw. yaw_deg is the MuJoCo local-frame rotation and its meaning differs between bricks (long side on local X) and blocks (long side on local Y).","every bar uses the wall_10/wall_11 ArUco mounting; wall_9 is excluded (tag rotated 90 deg, 19.0 cm not 19.5)"
med_023,med,hmax2,brick,wall_12,14.4,19.6,109.0,19.5,5.5,10.0,3,29.5,17.3,33.0,70.8,0.25,32,2,6,8,8,44,"long_axis_bearing_deg = bearing of the item's LONG side in world, counter-clockwise from +X, in [0,180). Place by this, not by yaw. yaw_deg is the MuJoCo local-frame rotation and its meaning differs between bricks (long side on local X) and blocks (long side on local Y).","every bar uses the wall_10/wall_11 ArUco mounting; wall_9 is excluded (tag rotated 90 deg, 19.0 cm not 19.5)"
med_023,med,hmax2,block,obj_4,21.2,30.2,86.9,12.0,7.5,5.0,3,29.5,17.3,33.0,70.8,0.25,32,2,6,8,8,44,"long_axis_bearing_deg = bearing of the item's LONG side in world, counter-clockwise from +X, in [0,180). Place by this, not by yaw. yaw_deg is the MuJoCo local-frame rotation and its meaning differs between bricks (long side on local X) and blocks (long side on local Y).","every bar uses the wall_10/wall_11 ArUco mounting; wall_9 is excluded (tag rotated 90 deg, 19.0 cm not 19.5)"
med_024,med,hmax2,brick,wall_10,39.0,43.6,7.2,19.5,5.5,10.0,2,31.7,28.1,37.7,68.2,0.0556,126,0,7,29,3,28,"long_axis_bearing_deg = bearing of the item's LONG side in world, counter-clockwise from +X, in [0,180). Place by this, not by yaw. yaw_deg is the MuJoCo local-frame rotation and its meaning differs between bricks (long side on local X) and blocks (long side on local Y).","every bar uses the wall_10/wall_11 ArUco mounting; wall_9 is excluded (tag rotated 90 deg, 19.0 cm not 19.5)"
med_024,med,hmax2,brick,wall_11,13.6,52.5,70.4,19.5,5.5,10.0,2,31.7,28.1,37.7,68.2,0.0556,126,0,7,29,3,28,"long_axis_bearing_deg = bearing of the item's LONG side in world, counter-clockwise from +X, in [0,180). Place by this, not by yaw. yaw_deg is the MuJoCo local-frame rotation and its meaning differs between bricks (long side on local X) and blocks (long side on local Y).","every bar uses the wall_10/wall_11 ArUco mounting; wall_9 is excluded (tag rotated 90 deg, 19.0 cm not 19.5)"
med_024,med,hmax2,block,obj_1,22.2,39.0,133.5,15.0,7.0,4.0,2,31.7,28.1,37.7,68.2,0.0556,126,0,7,29,3,28,"long_axis_bearing_deg = bearing of the item's LONG side in world, counter-clockwise from +X, in [0,180). Place by this, not by yaw. yaw_deg is the MuJoCo local-frame rotation and its meaning differs between bricks (long side on local X) and blocks (long side on local Y).","every bar uses the wall_10/wall_11 ArUco mounting; wall_9 is excluded (tag rotated 90 deg, 19.0 cm not 19.5)"
med_025,med,hmax2,brick,wall_10,38.9,47.8,168.0,19.5,5.5,10.0,2,36.5,30.3,40.8,62.5,0.0577,156,5,4,31,4,25,"long_axis_bearing_deg = bearing of the item's LONG side in world, counter-clockwise from +X, in [0,180). Place by this, not by yaw. yaw_deg is the MuJoCo local-frame rotation and its meaning differs between bricks (long side on local X) and blocks (long side on local Y).","every bar uses the wall_10/wall_11 ArUco mounting; wall_9 is excluded (tag rotated 90 deg, 19.0 cm not 19.5)"
med_025,med,hmax2,brick,wall_11,15.1,60.1,84.7,19.5,5.5,10.0,2,36.5,30.3,40.8,62.5,0.0577,156,5,4,31,4,25,"long_axis_bearing_deg = bearing of the item's LONG side in world, counter-clockwise from +X, in [0,180). Place by this, not by yaw. yaw_deg is the MuJoCo local-frame rotation and its meaning differs between bricks (long side on local X) and blocks (long side on local Y).","every bar uses the wall_10/wall_11 ArUco mounting; wall_9 is excluded (tag rotated 90 deg, 19.0 cm not 19.5)"
med_025,med,hmax2,block,obj_4,19.3,43.9,40.9,12.0,7.5,5.0,2,36.5,30.3,40.8,62.5,0.0577,156,5,4,31,4,25,"long_axis_bearing_deg = bearing of the item's LONG side in world, counter-clockwise from +X, in [0,180). Place by this, not by yaw. yaw_deg is the MuJoCo local-frame rotation and its meaning differs between bricks (long side on local X) and blocks (long side on local Y).","every bar uses the wall_10/wall_11 ArUco mounting; wall_9 is excluded (tag rotated 90 deg, 19.0 cm not 19.5)"
med_026,med,hmax2,brick,wall_10,9.8,38.0,0.0,19.5,5.5,10.0,3,11.9,10.1,10.3,52.9,0.1975,81,0,16,17,0,43,"long_axis_bearing_deg = bearing of the item's LONG side in world, counter-clockwise from +X, in [0,180). Place by this, not by yaw. yaw_deg is the MuJoCo local-frame rotation and its meaning differs between bricks (long side on local X) and blocks (long side on local Y).","every bar uses the wall_10/wall_11 ArUco mounting; wall_9 is excluded (tag rotated 90 deg, 19.0 cm not 19.5)"
med_026,med,hmax2,brick,wall_11,35.0,46.4,104.5,19.5,5.5,10.0,3,11.9,10.1,10.3,52.9,0.1975,81,0,16,17,0,43,"long_axis_bearing_deg = bearing of the item's LONG side in world, counter-clockwise from +X, in [0,180). Place by this, not by yaw. yaw_deg is the MuJoCo local-frame rotation and its meaning differs between bricks (long side on local X) and blocks (long side on local Y).","every bar uses the wall_10/wall_11 ArUco mounting; wall_9 is excluded (tag rotated 90 deg, 19.0 cm not 19.5)"
med_026,med,hmax2,brick,wall_12,35.0,25.5,77.2,19.5,5.5,10.0,3,11.9,10.1,10.3,52.9,0.1975,81,0,16,17,0,43,"long_axis_bearing_deg = bearing of the item's LONG side in world, counter-clockwise from +X, in [0,180). Place by this, not by yaw. yaw_deg is the MuJoCo local-frame rotation and its meaning differs between bricks (long side on local X) and blocks (long side on local Y).","every bar uses the wall_10/wall_11 ArUco mounting; wall_9 is excluded (tag rotated 90 deg, 19.0 cm not 19.5)"
med_026,med,hmax2,block,obj_1,26.3,33.5,65.6,15.0,7.0,4.0,3,11.9,10.1,10.3,52.9,0.1975,81,0,16,17,0,43,"long_axis_bearing_deg = bearing of the item's LONG side in world, counter-clockwise from +X, in [0,180). Place by this, not by yaw. yaw_deg is the MuJoCo local-frame rotation and its meaning differs between bricks (long side on local X) and blocks (long side on local Y).","every bar uses the wall_10/wall_11 ArUco mounting; wall_9 is excluded (tag rotated 90 deg, 19.0 cm not 19.5)"
med_027,med,hmax2,brick,wall_10,38.9,40.2,169.6,19.5,5.5,10.0,3,33.4,22.9,25.8,61.7,0.2593,54,0,14,17,4,39,"long_axis_bearing_deg = bearing of the item's LONG side in world, counter-clockwise from +X, in [0,180). Place by this, not by yaw. yaw_deg is the MuJoCo local-frame rotation and its meaning differs between bricks (long side on local X) and blocks (long side on local Y).","every bar uses the wall_10/wall_11 ArUco mounting; wall_9 is excluded (tag rotated 90 deg, 19.0 cm not 19.5)"
med_027,med,hmax2,brick,wall_11,13.2,53.1,86.2,19.5,5.5,10.0,3,33.4,22.9,25.8,61.7,0.2593,54,0,14,17,4,39,"long_axis_bearing_deg = bearing of the item's LONG side in world, counter-clockwise from +X, in [0,180). Place by this, not by yaw. yaw_deg is the MuJoCo local-frame rotation and its meaning differs between bricks (long side on local X) and blocks (long side on local Y).","every bar uses the wall_10/wall_11 ArUco mounting; wall_9 is excluded (tag rotated 90 deg, 19.0 cm not 19.5)"
med_027,med,hmax2,brick,wall_12,13.2,29.6,102.5,19.5,5.5,10.0,3,33.4,22.9,25.8,61.7,0.2593,54,0,14,17,4,39,"long_axis_bearing_deg = bearing of the item's LONG side in world, counter-clockwise from +X, in [0,180). Place by this, not by yaw. yaw_deg is the MuJoCo local-frame rotation and its meaning differs between bricks (long side on local X) and blocks (long side on local Y).","every bar uses the wall_10/wall_11 ArUco mounting; wall_9 is excluded (tag rotated 90 deg, 19.0 cm not 19.5)"
med_027,med,hmax2,block,obj_4,24.0,38.5,125.5,12.0,7.5,5.0,3,33.4,22.9,25.8,61.7,0.2593,54,0,14,17,4,39,"long_axis_bearing_deg = bearing of the item's LONG side in world, counter-clockwise from +X, in [0,180). Place by this, not by yaw. yaw_deg is the MuJoCo local-frame rotation and its meaning differs between bricks (long side on local X) and blocks (long side on local Y).","every bar uses the wall_10/wall_11 ArUco mounting; wall_9 is excluded (tag rotated 90 deg, 19.0 cm not 19.5)"
med_028,med,hmax2,brick,wall_10,11.8,40.4,152.0,19.5,5.5,10.0,2,43.0,14.6,29.2,68.8,0.0556,126,0,7,26,5,29,"long_axis_bearing_deg = bearing of the item's LONG side in world, counter-clockwise from +X, in [0,180). Place by this, not by yaw. yaw_deg is the MuJoCo local-frame rotation and its meaning differs between bricks (long side on local X) and blocks (long side on local Y).","every bar uses the wall_10/wall_11 ArUco mounting; wall_9 is excluded (tag rotated 90 deg, 19.0 cm not 19.5)"
med_028,med,hmax2,brick,wall_11,24.3,51.0,13.0,19.5,5.5,10.0,2,43.0,14.6,29.2,68.8,0.0556,126,0,7,26,5,29,"long_axis_bearing_deg = bearing of the item's LONG side in world, counter-clockwise from +X, in [0,180). Place by this, not by yaw. yaw_deg is the MuJoCo local-frame rotation and its meaning differs between bricks (long side on local X) and blocks (long side on local Y).","every bar uses the wall_10/wall_11 ArUco mounting; wall_9 is excluded (tag rotated 90 deg, 19.0 cm not 19.5)"
med_028,med,hmax2,block,obj_1,39.5,42.6,56.9,15.0,7.0,4.0,2,43.0,14.6,29.2,68.8,0.0556,126,0,7,26,5,29,"long_axis_bearing_deg = bearing of the item's LONG side in world, counter-clockwise from +X, in [0,180). Place by this, not by yaw. yaw_deg is the MuJoCo local-frame rotation and its meaning differs between bricks (long side on local X) and blocks (long side on local Y).","every bar uses the wall_10/wall_11 ArUco mounting; wall_9 is excluded (tag rotated 90 deg, 19.0 cm not 19.5)"
med_029,med,hmax2,brick,wall_10,10.1,32.7,11.8,19.5,5.5,10.0,2,7.8,14.1,23.8,56.1,0.0603,116,0,7,30,7,23,"long_axis_bearing_deg = bearing of the item's LONG side in world, counter-clockwise from +X, in [0,180). Place by this, not by yaw. yaw_deg is the MuJoCo local-frame rotation and its meaning differs between bricks (long side on local X) and blocks (long side on local Y).","every bar uses the wall_10/wall_11 ArUco mounting; wall_9 is excluded (tag rotated 90 deg, 19.0 cm not 19.5)"
med_029,med,hmax2,brick,wall_11,34.5,40.8,109.3,19.5,5.5,10.0,2,7.8,14.1,23.8,56.1,0.0603,116,0,7,30,7,23,"long_axis_bearing_deg = bearing of the item's LONG side in world, counter-clockwise from +X, in [0,180). Place by this, not by yaw. yaw_deg is the MuJoCo local-frame rotation and its meaning differs between bricks (long side on local X) and blocks (long side on local Y).","every bar uses the wall_10/wall_11 ArUco mounting; wall_9 is excluded (tag rotated 90 deg, 19.0 cm not 19.5)"
med_029,med,hmax2,block,obj_4,28.5,28.2,34.7,12.0,7.5,5.0,2,7.8,14.1,23.8,56.1,0.0603,116,0,7,30,7,23,"long_axis_bearing_deg = bearing of the item's LONG side in world, counter-clockwise from +X, in [0,180). Place by this, not by yaw. yaw_deg is the MuJoCo local-frame rotation and its meaning differs between bricks (long side on local X) and blocks (long side on local Y).","every bar uses the wall_10/wall_11 ArUco mounting; wall_9 is excluded (tag rotated 90 deg, 19.0 cm not 19.5)"
med_030,med,hmax2,brick,wall_10,38.9,44.7,11.8,19.5,5.5,10.0,3,23.9,8.4,24.2,70.9,0.2,60,11,1,15,15,30,"long_axis_bearing_deg = bearing of the item's LONG side in world, counter-clockwise from +X, in [0,180). Place by this, not by yaw. yaw_deg is the MuJoCo local-frame rotation and its meaning differs between bricks (long side on local X) and blocks (long side on local Y).","every bar uses the wall_10/wall_11 ArUco mounting; wall_9 is excluded (tag rotated 90 deg, 19.0 cm not 19.5)"
med_030,med,hmax2,brick,wall_11,13.3,57.6,83.3,19.5,5.5,10.0,3,23.9,8.4,24.2,70.9,0.2,60,11,1,15,15,30,"long_axis_bearing_deg = bearing of the item's LONG side in world, counter-clockwise from +X, in [0,180). Place by this, not by yaw. yaw_deg is the MuJoCo local-frame rotation and its meaning differs between bricks (long side on local X) and blocks (long side on local Y).","every bar uses the wall_10/wall_11 ArUco mounting; wall_9 is excluded (tag rotated 90 deg, 19.0 cm not 19.5)"
med_030,med,hmax2,brick,wall_12,13.3,33.9,103.3,19.5,5.5,10.0,3,23.9,8.4,24.2,70.9,0.2,60,11,1,15,15,30,"long_axis_bearing_deg = bearing of the item's LONG side in world, counter-clockwise from +X, in [0,180). Place by this, not by yaw. yaw_deg is the MuJoCo local-frame rotation and its meaning differs between bricks (long side on local X) and blocks (long side on local Y).","every bar uses the wall_10/wall_11 ArUco mounting; wall_9 is excluded (tag rotated 90 deg, 19.0 cm not 19.5)"
med_030,med,hmax2,block,obj_1,24.3,42.7,88.5,15.0,7.0,4.0,3,23.9,8.4,24.2,70.9,0.2,60,11,1,15,15,30,"long_axis_bearing_deg = bearing of the item's LONG side in world, counter-clockwise from +X, in [0,180). Place by this, not by yaw. yaw_deg is the MuJoCo local-frame rotation and its meaning differs between bricks (long side on local X) and blocks (long side on local Y).","every bar uses the wall_10/wall_11 ArUco mounting; wall_9 is excluded (tag rotated 90 deg, 19.0 cm not 19.5)"
med_031,med,hmax2,brick,wall_10,38.9,34.0,170.3,19.5,5.5,10.0,3,42.7,11.8,9.2,65.5,0.2692,52,3,11,13,12,35,"long_axis_bearing_deg = bearing of the item's LONG side in world, counter-clockwise from +X, in [0,180). Place by this, not by yaw. yaw_deg is the MuJoCo local-frame rotation and its meaning differs between bricks (long side on local X) and blocks (long side on local Y).","every bar uses the wall_10/wall_11 ArUco mounting; wall_9 is excluded (tag rotated 90 deg, 19.0 cm not 19.5)"
med_031,med,hmax2,brick,wall_11,13.0,45.1,93.7,19.5,5.5,10.0,3,42.7,11.8,9.2,65.5,0.2692,52,3,11,13,12,35,"long_axis_bearing_deg = bearing of the item's LONG side in world, counter-clockwise from +X, in [0,180). Place by this, not by yaw. yaw_deg is the MuJoCo local-frame rotation and its meaning differs between bricks (long side on local X) and blocks (long side on local Y).","every bar uses the wall_10/wall_11 ArUco mounting; wall_9 is excluded (tag rotated 90 deg, 19.0 cm not 19.5)"
med_031,med,hmax2,brick,wall_12,13.0,21.3,103.7,19.5,5.5,10.0,3,42.7,11.8,9.2,65.5,0.2692,52,3,11,13,12,35,"long_axis_bearing_deg = bearing of the item's LONG side in world, counter-clockwise from +X, in [0,180). Place by this, not by yaw. yaw_deg is the MuJoCo local-frame rotation and its meaning differs between bricks (long side on local X) and blocks (long side on local Y).","every bar uses the wall_10/wall_11 ArUco mounting; wall_9 is excluded (tag rotated 90 deg, 19.0 cm not 19.5)"
med_031,med,hmax2,block,obj_4,21.2,31.4,79.0,12.0,7.5,5.0,3,42.7,11.8,9.2,65.5,0.2692,52,3,11,13,12,35,"long_axis_bearing_deg = bearing of the item's LONG side in world, counter-clockwise from +X, in [0,180). Place by this, not by yaw. yaw_deg is the MuJoCo local-frame rotation and its meaning differs between bricks (long side on local X) and blocks (long side on local Y).","every bar uses the wall_10/wall_11 ArUco mounting; wall_9 is excluded (tag rotated 90 deg, 19.0 cm not 19.5)"
med_032,med,hmax2,brick,wall_10,38.9,32.6,169.6,19.5,5.5,10.0,2,24.8,16.0,36.4,58.4,0.0566,159,7,2,33,3,24,"long_axis_bearing_deg = bearing of the item's LONG side in world, counter-clockwise from +X, in [0,180). Place by this, not by yaw. yaw_deg is the MuJoCo local-frame rotation and its meaning differs between bricks (long side on local X) and blocks (long side on local Y).","every bar uses the wall_10/wall_11 ArUco mounting; wall_9 is excluded (tag rotated 90 deg, 19.0 cm not 19.5)"
med_032,med,hmax2,brick,wall_11,14.6,45.2,71.8,19.5,5.5,10.0,2,24.8,16.0,36.4,58.4,0.0566,159,7,2,33,3,24,"long_axis_bearing_deg = bearing of the item's LONG side in world, counter-clockwise from +X, in [0,180). Place by this, not by yaw. yaw_deg is the MuJoCo local-frame rotation and its meaning differs between bricks (long side on local X) and blocks (long side on local Y).","every bar uses the wall_10/wall_11 ArUco mounting; wall_9 is excluded (tag rotated 90 deg, 19.0 cm not 19.5)"
med_032,med,hmax2,block,obj_1,18.1,27.9,28.2,15.0,7.0,4.0,2,24.8,16.0,36.4,58.4,0.0566,159,7,2,33,3,24,"long_axis_bearing_deg = bearing of the item's LONG side in world, counter-clockwise from +X, in [0,180). Place by this, not by yaw. yaw_deg is the MuJoCo local-frame rotation and its meaning differs between bricks (long side on local X) and blocks (long side on local Y).","every bar uses the wall_10/wall_11 ArUco mounting; wall_9 is excluded (tag rotated 90 deg, 19.0 cm not 19.5)"
med_033,med,hmax2,brick,wall_10,9.9,39.5,176.3,19.5,5.5,10.0,2,20.6,16.1,23.8,52.6,0.0606,132,6,2,28,12,20,"long_axis_bearing_deg = bearing of the item's LONG side in world, counter-clockwise from +X, in [0,180). Place by this, not by yaw. yaw_deg is the MuJoCo local-frame rotation and its meaning differs between bricks (long side on local X) and blocks (long side on local Y).","every bar uses the wall_10/wall_11 ArUco mounting; wall_9 is excluded (tag rotated 90 deg, 19.0 cm not 19.5)"
med_033,med,hmax2,brick,wall_11,35.8,50.1,106.1,19.5,5.5,10.0,2,20.6,16.1,23.8,52.6,0.0606,132,6,2,28,12,20,"long_axis_bearing_deg = bearing of the item's LONG side in world, counter-clockwise from +X, in [0,180). Place by this, not by yaw. yaw_deg is the MuJoCo local-frame rotation and its meaning differs between bricks (long side on local X) and blocks (long side on local Y).","every bar uses the wall_10/wall_11 ArUco mounting; wall_9 is excluded (tag rotated 90 deg, 19.0 cm not 19.5)"
med_033,med,hmax2,block,obj_4,30.5,35.4,114.8,12.0,7.5,5.0,2,20.6,16.1,23.8,52.6,0.0606,132,6,2,28,12,20,"long_axis_bearing_deg = bearing of the item's LONG side in world, counter-clockwise from +X, in [0,180). Place by this, not by yaw. yaw_deg is the MuJoCo local-frame rotation and its meaning differs between bricks (long side on local X) and blocks (long side on local Y).","every bar uses the wall_10/wall_11 ArUco mounting; wall_9 is excluded (tag rotated 90 deg, 19.0 cm not 19.5)"
med_034,med,hmax2,brick,wall_10,38.9,37.1,170.2,19.5,5.5,10.0,3,7.2,14.8,13.2,69.2,0.2195,41,1,8,9,12,39,"long_axis_bearing_deg = bearing of the item's LONG side in world, counter-clockwise from +X, in [0,180). Place by this, not by yaw. yaw_deg is the MuJoCo local-frame rotation and its meaning differs between bricks (long side on local X) and blocks (long side on local Y).","every bar uses the wall_10/wall_11 ArUco mounting; wall_9 is excluded (tag rotated 90 deg, 19.0 cm not 19.5)"
med_034,med,hmax2,brick,wall_11,13.2,49.0,76.1,19.5,5.5,10.0,3,7.2,14.8,13.2,69.2,0.2195,41,1,8,9,12,39,"long_axis_bearing_deg = bearing of the item's LONG side in world, counter-clockwise from +X, in [0,180). Place by this, not by yaw. yaw_deg is the MuJoCo local-frame rotation and its meaning differs between bricks (long side on local X) and blocks (long side on local Y).","every bar uses the wall_10/wall_11 ArUco mounting; wall_9 is excluded (tag rotated 90 deg, 19.0 cm not 19.5)"
med_034,med,hmax2,brick,wall_12,13.2,25.4,106.9,19.5,5.5,10.0,3,7.2,14.8,13.2,69.2,0.2195,41,1,8,9,12,39,"long_axis_bearing_deg = bearing of the item's LONG side in world, counter-clockwise from +X, in [0,180). Place by this, not by yaw. yaw_deg is the MuJoCo local-frame rotation and its meaning differs between bricks (long side on local X) and blocks (long side on local Y).","every bar uses the wall_10/wall_11 ArUco mounting; wall_9 is excluded (tag rotated 90 deg, 19.0 cm not 19.5)"
med_034,med,hmax2,block,obj_1,20.7,35.7,83.7,15.0,7.0,4.0,3,7.2,14.8,13.2,69.2,0.2195,41,1,8,9,12,39,"long_axis_bearing_deg = bearing of the item's LONG side in world, counter-clockwise from +X, in [0,180). Place by this, not by yaw. yaw_deg is the MuJoCo local-frame rotation and its meaning differs between bricks (long side on local X) and blocks (long side on local Y).","every bar uses the wall_10/wall_11 ArUco mounting; wall_9 is excluded (tag rotated 90 deg, 19.0 cm not 19.5)"
med_035,med,hmax2,brick,wall_10,38.9,46.2,171.3,19.5,5.5,10.0,3,12.0,10.6,34.6,68.3,0.2857,63,3,15,16,6,38,"long_axis_bearing_deg = bearing of the item's LONG side in world, counter-clockwise from +X, in [0,180). Place by this, not by yaw. yaw_deg is the MuJoCo local-frame rotation and its meaning differs between bricks (long side on local X) and blocks (long side on local Y).","every bar uses the wall_10/wall_11 ArUco mounting; wall_9 is excluded (tag rotated 90 deg, 19.0 cm not 19.5)"
med_035,med,hmax2,brick,wall_11,13.6,57.4,87.5,19.5,5.5,10.0,3,12.0,10.6,34.6,68.3,0.2857,63,3,15,16,6,38,"long_axis_bearing_deg = bearing of the item's LONG side in world, counter-clockwise from +X, in [0,180). Place by this, not by yaw. yaw_deg is the MuJoCo local-frame rotation and its meaning differs between bricks (long side on local X) and blocks (long side on local Y).","every bar uses the wall_10/wall_11 ArUco mounting; wall_9 is excluded (tag rotated 90 deg, 19.0 cm not 19.5)"
med_035,med,hmax2,brick,wall_12,13.6,34.2,105.5,19.5,5.5,10.0,3,12.0,10.6,34.6,68.3,0.2857,63,3,15,16,6,38,"long_axis_bearing_deg = bearing of the item's LONG side in world, counter-clockwise from +X, in [0,180). Place by this, not by yaw. yaw_deg is the MuJoCo local-frame rotation and its meaning differs between bricks (long side on local X) and blocks (long side on local Y).","every bar uses the wall_10/wall_11 ArUco mounting; wall_9 is excluded (tag rotated 90 deg, 19.0 cm not 19.5)"
med_035,med,hmax2,block,obj_4,22.3,41.3,178.4,12.0,7.5,5.0,3,12.0,10.6,34.6,68.3,0.2857,63,3,15,16,6,38,"long_axis_bearing_deg = bearing of the item's LONG side in world, counter-clockwise from +X, in [0,180). Place by this, not by yaw. yaw_deg is the MuJoCo local-frame rotation and its meaning differs between bricks (long side on local X) and blocks (long side on local Y).","every bar uses the wall_10/wall_11 ArUco mounting; wall_9 is excluded (tag rotated 90 deg, 19.0 cm not 19.5)"
med_036,med,hmax2,brick,wall_10,39.0,33.6,173.7,19.5,5.5,10.0,2,31.0,8.0,31.6,68.3,0.0576,139,1,7,29,13,18,"long_axis_bearing_deg = bearing of the item's LONG side in world, counter-clockwise from +X, in [0,180). Place by this, not by yaw. yaw_deg is the MuJoCo local-frame rotation and its meaning differs between bricks (long side on local X) and blocks (long side on local Y).","every bar uses the wall_10/wall_11 ArUco mounting; wall_9 is excluded (tag rotated 90 deg, 19.0 cm not 19.5)"
med_036,med,hmax2,brick,wall_11,13.4,42.9,71.5,19.5,5.5,10.0,2,31.0,8.0,31.6,68.3,0.0576,139,1,7,29,13,18,"long_axis_bearing_deg = bearing of the item's LONG side in world, counter-clockwise from +X, in [0,180). Place by this, not by yaw. yaw_deg is the MuJoCo local-frame rotation and its meaning differs between bricks (long side on local X) and blocks (long side on local Y).","every bar uses the wall_10/wall_11 ArUco mounting; wall_9 is excluded (tag rotated 90 deg, 19.0 cm not 19.5)"
med_036,med,hmax2,block,obj_1,23.4,28.6,95.0,15.0,7.0,4.0,2,31.0,8.0,31.6,68.3,0.0576,139,1,7,29,13,18,"long_axis_bearing_deg = bearing of the item's LONG side in world, counter-clockwise from +X, in [0,180). Place by this, not by yaw. yaw_deg is the MuJoCo local-frame rotation and its meaning differs between bricks (long side on local X) and blocks (long side on local Y).","every bar uses the wall_10/wall_11 ArUco mounting; wall_9 is excluded (tag rotated 90 deg, 19.0 cm not 19.5)"
med_037,med,hmax2,brick,wall_10,10.0,45.5,172.7,19.5,5.5,10.0,2,13.5,21.1,9.8,68.8,0.0608,148,9,0,32,7,21,"long_axis_bearing_deg = bearing of the item's LONG side in world, counter-clockwise from +X, in [0,180). Place by this, not by yaw. yaw_deg is the MuJoCo local-frame rotation and its meaning differs between bricks (long side on local X) and blocks (long side on local Y).","every bar uses the wall_10/wall_11 ArUco mounting; wall_9 is excluded (tag rotated 90 deg, 19.0 cm not 19.5)"
med_037,med,hmax2,brick,wall_11,36.0,58.4,103.0,19.5,5.5,10.0,2,13.5,21.1,9.8,68.8,0.0608,148,9,0,32,7,21,"long_axis_bearing_deg = bearing of the item's LONG side in world, counter-clockwise from +X, in [0,180). Place by this, not by yaw. yaw_deg is the MuJoCo local-frame rotation and its meaning differs between bricks (long side on local X) and blocks (long side on local Y).","every bar uses the wall_10/wall_11 ArUco mounting; wall_9 is excluded (tag rotated 90 deg, 19.0 cm not 19.5)"
med_037,med,hmax2,block,obj_4,29.6,40.6,84.7,12.0,7.5,5.0,2,13.5,21.1,9.8,68.8,0.0608,148,9,0,32,7,21,"long_axis_bearing_deg = bearing of the item's LONG side in world, counter-clockwise from +X, in [0,180). Place by this, not by yaw. yaw_deg is the MuJoCo local-frame rotation and its meaning differs between bricks (long side on local X) and blocks (long side on local Y).","every bar uses the wall_10/wall_11 ArUco mounting; wall_9 is excluded (tag rotated 90 deg, 19.0 cm not 19.5)"
med_038,med,hmax2,brick,wall_10,10.1,44.3,9.9,19.5,5.5,10.0,3,9.2,23.4,8.4,65.6,0.2222,81,4,14,19,14,27,"long_axis_bearing_deg = bearing of the item's LONG side in world, counter-clockwise from +X, in [0,180). Place by this, not by yaw. yaw_deg is the MuJoCo local-frame rotation and its meaning differs between bricks (long side on local X) and blocks (long side on local Y).","every bar uses the wall_10/wall_11 ArUco mounting; wall_9 is excluded (tag rotated 90 deg, 19.0 cm not 19.5)"
med_038,med,hmax2,brick,wall_11,35.4,57.3,101.3,19.5,5.5,10.0,3,9.2,23.4,8.4,65.6,0.2222,81,4,14,19,14,27,"long_axis_bearing_deg = bearing of the item's LONG side in world, counter-clockwise from +X, in [0,180). Place by this, not by yaw. yaw_deg is the MuJoCo local-frame rotation and its meaning differs between bricks (long side on local X) and blocks (long side on local Y).","every bar uses the wall_10/wall_11 ArUco mounting; wall_9 is excluded (tag rotated 90 deg, 19.0 cm not 19.5)"
med_038,med,hmax2,brick,wall_12,35.4,33.5,71.2,19.5,5.5,10.0,3,9.2,23.4,8.4,65.6,0.2222,81,4,14,19,14,27,"long_axis_bearing_deg = bearing of the item's LONG side in world, counter-clockwise from +X, in [0,180). Place by this, not by yaw. yaw_deg is the MuJoCo local-frame rotation and its meaning differs between bricks (long side on local X) and blocks (long side on local Y).","every bar uses the wall_10/wall_11 ArUco mounting; wall_9 is excluded (tag rotated 90 deg, 19.0 cm not 19.5)"
med_038,med,hmax2,block,obj_1,24.2,40.9,85.9,15.0,7.0,4.0,3,9.2,23.4,8.4,65.6,0.2222,81,4,14,19,14,27,"long_axis_bearing_deg = bearing of the item's LONG side in world, counter-clockwise from +X, in [0,180). Place by this, not by yaw. yaw_deg is the MuJoCo local-frame rotation and its meaning differs between bricks (long side on local X) and blocks (long side on local Y).","every bar uses the wall_10/wall_11 ArUco mounting; wall_9 is excluded (tag rotated 90 deg, 19.0 cm not 19.5)"
med_039,med,hmax2,brick,wall_10,38.9,46.8,169.1,19.5,5.5,10.0,2,16.2,24.6,33.6,64.1,0.0625,144,0,9,30,5,25,"long_axis_bearing_deg = bearing of the item's LONG side in world, counter-clockwise from +X, in [0,180). Place by this, not by yaw. yaw_deg is the MuJoCo local-frame rotation and its meaning differs between bricks (long side on local X) and blocks (long side on local Y).","every bar uses the wall_10/wall_11 ArUco mounting; wall_9 is excluded (tag rotated 90 deg, 19.0 cm not 19.5)"
med_039,med,hmax2,brick,wall_11,13.3,58.8,70.4,19.5,5.5,10.0,2,16.2,24.6,33.6,64.1,0.0625,144,0,9,30,5,25,"long_axis_bearing_deg = bearing of the item's LONG side in world, counter-clockwise from +X, in [0,180). Place by this, not by yaw. yaw_deg is the MuJoCo local-frame rotation and its meaning differs between bricks (long side on local X) and blocks (long side on local Y).","every bar uses the wall_10/wall_11 ArUco mounting; wall_9 is excluded (tag rotated 90 deg, 19.0 cm not 19.5)"
med_039,med,hmax2,block,obj_1,18.8,43.3,25.7,15.0,7.0,4.0,2,16.2,24.6,33.6,64.1,0.0625,144,0,9,30,5,25,"long_axis_bearing_deg = bearing of the item's LONG side in world, counter-clockwise from +X, in [0,180). Place by this, not by yaw. yaw_deg is the MuJoCo local-frame rotation and its meaning differs between bricks (long side on local X) and blocks (long side on local Y).","every bar uses the wall_10/wall_11 ArUco mounting; wall_9 is excluded (tag rotated 90 deg, 19.0 cm not 19.5)"
med_040,med,hmax2,brick,wall_10,10.0,31.1,174.6,19.5,5.5,10.0,2,13.5,10.1,34.4,67.8,0.0612,98,0,6,28,3,29,"long_axis_bearing_deg = bearing of the item's LONG side in world, counter-clockwise from +X, in [0,180). Place by this, not by yaw. yaw_deg is the MuJoCo local-frame rotation and its meaning differs between bricks (long side on local X) and blocks (long side on local Y).","every bar uses the wall_10/wall_11 ArUco mounting; wall_9 is excluded (tag rotated 90 deg, 19.0 cm not 19.5)"
med_040,med,hmax2,brick,wall_11,34.2,40.0,108.6,19.5,5.5,10.0,2,13.5,10.1,34.4,67.8,0.0612,98,0,6,28,3,29,"long_axis_bearing_deg = bearing of the item's LONG side in world, counter-clockwise from +X, in [0,180). Place by this, not by yaw. yaw_deg is the MuJoCo local-frame rotation and its meaning differs between bricks (long side on local X) and blocks (long side on local Y).","every bar uses the wall_10/wall_11 ArUco mounting; wall_9 is excluded (tag rotated 90 deg, 19.0 cm not 19.5)"
med_040,med,hmax2,block,obj_4,27.8,28.4,153.3,12.0,7.5,5.0,2,13.5,10.1,34.4,67.8,0.0612,98,0,6,28,3,29,"long_axis_bearing_deg = bearing of the item's LONG side in world, counter-clockwise from +X, in [0,180). Place by this, not by yaw. yaw_deg is the MuJoCo local-frame rotation and its meaning differs between bricks (long side on local X) and blocks (long side on local Y).","every bar uses the wall_10/wall_11 ArUco mounting; wall_9 is excluded (tag rotated 90 deg, 19.0 cm not 19.5)"
med_041,med,hmax2,brick,wall_10,10.0,46.3,6.6,19.5,5.5,10.0,3,31.5,8.8,6.9,67.8,0.2321,56,10,3,15,16,29,"long_axis_bearing_deg = bearing of the item's LONG side in world, counter-clockwise from +X, in [0,180). Place by this, not by yaw. yaw_deg is the MuJoCo local-frame rotation and its meaning differs between bricks (long side on local X) and blocks (long side on local Y).","every bar uses the wall_10/wall_11 ArUco mounting; wall_9 is excluded (tag rotated 90 deg, 19.0 cm not 19.5)"
med_041,med,hmax2,brick,wall_11,34.8,58.1,109.0,19.5,5.5,10.0,3,31.5,8.8,6.9,67.8,0.2321,56,10,3,15,16,29,"long_axis_bearing_deg = bearing of the item's LONG side in world, counter-clockwise from +X, in [0,180). Place by this, not by yaw. yaw_deg is the MuJoCo local-frame rotation and its meaning differs between bricks (long side on local X) and blocks (long side on local Y).","every bar uses the wall_10/wall_11 ArUco mounting; wall_9 is excluded (tag rotated 90 deg, 19.0 cm not 19.5)"
med_041,med,hmax2,brick,wall_12,34.8,36.3,85.4,19.5,5.5,10.0,3,31.5,8.8,6.9,67.8,0.2321,56,10,3,15,16,29,"long_axis_bearing_deg = bearing of the item's LONG side in world, counter-clockwise from +X, in [0,180). Place by this, not by yaw. yaw_deg is the MuJoCo local-frame rotation and its meaning differs between bricks (long side on local X) and blocks (long side on local Y).","every bar uses the wall_10/wall_11 ArUco mounting; wall_9 is excluded (tag rotated 90 deg, 19.0 cm not 19.5)"
med_041,med,hmax2,block,obj_1,24.0,47.5,88.8,15.0,7.0,4.0,3,31.5,8.8,6.9,67.8,0.2321,56,10,3,15,16,29,"long_axis_bearing_deg = bearing of the item's LONG side in world, counter-clockwise from +X, in [0,180). Place by this, not by yaw. yaw_deg is the MuJoCo local-frame rotation and its meaning differs between bricks (long side on local X) and blocks (long side on local Y).","every bar uses the wall_10/wall_11 ArUco mounting; wall_9 is excluded (tag rotated 90 deg, 19.0 cm not 19.5)"
med_042,med,hmax2,brick,wall_10,39.2,44.4,2.2,19.5,5.5,10.0,2,24.3,6.9,33.2,69.1,0.0635,126,0,8,29,5,26,"long_axis_bearing_deg = bearing of the item's LONG side in world, counter-clockwise from +X, in [0,180). Place by this, not by yaw. yaw_deg is the MuJoCo local-frame rotation and its meaning differs between bricks (long side on local X) and blocks (long side on local Y).","every bar uses the wall_10/wall_11 ArUco mounting; wall_9 is excluded (tag rotated 90 deg, 19.0 cm not 19.5)"
med_042,med,hmax2,brick,wall_11,13.9,53.2,75.5,19.5,5.5,10.0,2,24.3,6.9,33.2,69.1,0.0635,126,0,8,29,5,26,"long_axis_bearing_deg = bearing of the item's LONG side in world, counter-clockwise from +X, in [0,180). Place by this, not by yaw. yaw_deg is the MuJoCo local-frame rotation and its meaning differs between bricks (long side on local X) and blocks (long side on local Y).","every bar uses the wall_10/wall_11 ArUco mounting; wall_9 is excluded (tag rotated 90 deg, 19.0 cm not 19.5)"
med_042,med,hmax2,block,obj_1,21.0,39.6,10.9,15.0,7.0,4.0,2,24.3,6.9,33.2,69.1,0.0635,126,0,8,29,5,26,"long_axis_bearing_deg = bearing of the item's LONG side in world, counter-clockwise from +X, in [0,180). Place by this, not by yaw. yaw_deg is the MuJoCo local-frame rotation and its meaning differs between bricks (long side on local X) and blocks (long side on local Y).","every bar uses the wall_10/wall_11 ArUco mounting; wall_9 is excluded (tag rotated 90 deg, 19.0 cm not 19.5)"
med_043,med,hmax2,brick,wall_10,10.0,37.3,6.9,19.5,5.5,10.0,2,20.6,17.4,17.1,66.9,0.0619,113,0,7,29,6,25,"long_axis_bearing_deg = bearing of the item's LONG side in world, counter-clockwise from +X, in [0,180). Place by this, not by yaw. yaw_deg is the MuJoCo local-frame rotation and its meaning differs between bricks (long side on local X) and blocks (long side on local Y).","every bar uses the wall_10/wall_11 ArUco mounting; wall_9 is excluded (tag rotated 90 deg, 19.0 cm not 19.5)"
med_043,med,hmax2,brick,wall_11,35.5,45.8,105.8,19.5,5.5,10.0,2,20.6,17.4,17.1,66.9,0.0619,113,0,7,29,6,25,"long_axis_bearing_deg = bearing of the item's LONG side in world, counter-clockwise from +X, in [0,180). Place by this, not by yaw. yaw_deg is the MuJoCo local-frame rotation and its meaning differs between bricks (long side on local X) and blocks (long side on local Y).","every bar uses the wall_10/wall_11 ArUco mounting; wall_9 is excluded (tag rotated 90 deg, 19.0 cm not 19.5)"
med_043,med,hmax2,block,obj_4,27.4,34.7,36.0,12.0,7.5,5.0,2,20.6,17.4,17.1,66.9,0.0619,113,0,7,29,6,25,"long_axis_bearing_deg = bearing of the item's LONG side in world, counter-clockwise from +X, in [0,180). Place by this, not by yaw. yaw_deg is the MuJoCo local-frame rotation and its meaning differs between bricks (long side on local X) and blocks (long side on local Y).","every bar uses the wall_10/wall_11 ArUco mounting; wall_9 is excluded (tag rotated 90 deg, 19.0 cm not 19.5)"
med_044,med,hmax2,brick,wall_10,10.0,37.7,5.1,19.5,5.5,10.0,3,42.4,10.7,11.1,54.3,0.24,25,6,0,7,10,43,"long_axis_bearing_deg = bearing of the item's LONG side in world, counter-clockwise from +X, in [0,180). Place by this, not by yaw. yaw_deg is the MuJoCo local-frame rotation and its meaning differs between bricks (long side on local X) and blocks (long side on local Y).","every bar uses the wall_10/wall_11 ArUco mounting; wall_9 is excluded (tag rotated 90 deg, 19.0 cm not 19.5)"
med_044,med,hmax2,brick,wall_11,35.2,50.5,109.1,19.5,5.5,10.0,3,42.4,10.7,11.1,54.3,0.24,25,6,0,7,10,43,"long_axis_bearing_deg = bearing of the item's LONG side in world, counter-clockwise from +X, in [0,180). Place by this, not by yaw. yaw_deg is the MuJoCo local-frame rotation and its meaning differs between bricks (long side on local X) and blocks (long side on local Y).","every bar uses the wall_10/wall_11 ArUco mounting; wall_9 is excluded (tag rotated 90 deg, 19.0 cm not 19.5)"
med_044,med,hmax2,brick,wall_12,35.2,30.0,80.3,19.5,5.5,10.0,3,42.4,10.7,11.1,54.3,0.24,25,6,0,7,10,43,"long_axis_bearing_deg = bearing of the item's LONG side in world, counter-clockwise from +X, in [0,180). Place by this, not by yaw. yaw_deg is the MuJoCo local-frame rotation and its meaning differs between bricks (long side on local X) and blocks (long side on local Y).","every bar uses the wall_10/wall_11 ArUco mounting; wall_9 is excluded (tag rotated 90 deg, 19.0 cm not 19.5)"
med_044,med,hmax2,block,obj_1,28.1,39.7,93.8,15.0,7.0,4.0,3,42.4,10.7,11.1,54.3,0.24,25,6,0,7,10,43,"long_axis_bearing_deg = bearing of the item's LONG side in world, counter-clockwise from +X, in [0,180). Place by this, not by yaw. yaw_deg is the MuJoCo local-frame rotation and its meaning differs between bricks (long side on local X) and blocks (long side on local Y).","every bar uses the wall_10/wall_11 ArUco mounting; wall_9 is excluded (tag rotated 90 deg, 19.0 cm not 19.5)"
med_045,med,hmax2,brick,wall_10,10.3,47.8,152.9,19.5,5.5,10.0,2,21.8,12.7,18.0,66.2,0.0638,94,0,6,24,11,25,"long_axis_bearing_deg = bearing of the item's LONG side in world, counter-clockwise from +X, in [0,180). Place by this, not by yaw. yaw_deg is the MuJoCo local-frame rotation and its meaning differs between bricks (long side on local X) and blocks (long side on local Y).","every bar uses the wall_10/wall_11 ArUco mounting; wall_9 is excluded (tag rotated 90 deg, 19.0 cm not 19.5)"
med_045,med,hmax2,brick,wall_11,36.8,54.1,153.6,19.5,5.5,10.0,2,21.8,12.7,18.0,66.2,0.0638,94,0,6,24,11,25,"long_axis_bearing_deg = bearing of the item's LONG side in world, counter-clockwise from +X, in [0,180). Place by this, not by yaw. yaw_deg is the MuJoCo local-frame rotation and its meaning differs between bricks (long side on local X) and blocks (long side on local Y).","every bar uses the wall_10/wall_11 ArUco mounting; wall_9 is excluded (tag rotated 90 deg, 19.0 cm not 19.5)"
med_045,med,hmax2,block,obj_1,24.4,47.2,95.0,15.0,7.0,4.0,2,21.8,12.7,18.0,66.2,0.0638,94,0,6,24,11,25,"long_axis_bearing_deg = bearing of the item's LONG side in world, counter-clockwise from +X, in [0,180). Place by this, not by yaw. yaw_deg is the MuJoCo local-frame rotation and its meaning differs between bricks (long side on local X) and blocks (long side on local Y).","every bar uses the wall_10/wall_11 ArUco mounting; wall_9 is excluded (tag rotated 90 deg, 19.0 cm not 19.5)"
med_046,med,hmax2,brick,wall_10,38.9,34.4,170.0,19.5,5.5,10.0,2,36.7,19.0,13.5,66.6,0.0619,113,0,7,30,8,22,"long_axis_bearing_deg = bearing of the item's LONG side in world, counter-clockwise from +X, in [0,180). Place by this, not by yaw. yaw_deg is the MuJoCo local-frame rotation and its meaning differs between bricks (long side on local X) and blocks (long side on local Y).","every bar uses the wall_10/wall_11 ArUco mounting; wall_9 is excluded (tag rotated 90 deg, 19.0 cm not 19.5)"
med_046,med,hmax2,brick,wall_11,13.1,44.6,77.3,19.5,5.5,10.0,2,36.7,19.0,13.5,66.6,0.0619,113,0,7,30,8,22,"long_axis_bearing_deg = bearing of the item's LONG side in world, counter-clockwise from +X, in [0,180). Place by this, not by yaw. yaw_deg is the MuJoCo local-frame rotation and its meaning differs between bricks (long side on local X) and blocks (long side on local Y).","every bar uses the wall_10/wall_11 ArUco mounting; wall_9 is excluded (tag rotated 90 deg, 19.0 cm not 19.5)"
med_046,med,hmax2,block,obj_4,22.7,30.9,27.2,12.0,7.5,5.0,2,36.7,19.0,13.5,66.6,0.0619,113,0,7,30,8,22,"long_axis_bearing_deg = bearing of the item's LONG side in world, counter-clockwise from +X, in [0,180). Place by this, not by yaw. yaw_deg is the MuJoCo local-frame rotation and its meaning differs between bricks (long side on local X) and blocks (long side on local Y).","every bar uses the wall_10/wall_11 ArUco mounting; wall_9 is excluded (tag rotated 90 deg, 19.0 cm not 19.5)"
med_047,med,hmax2,brick,wall_10,39.0,43.5,5.3,19.5,5.5,10.0,3,40.3,21.5,29.7,64.5,0.2468,77,0,19,17,6,37,"long_axis_bearing_deg = bearing of the item's LONG side in world, counter-clockwise from +X, in [0,180). Place by this, not by yaw. yaw_deg is the MuJoCo local-frame rotation and its meaning differs between bricks (long side on local X) and blocks (long side on local Y).","every bar uses the wall_10/wall_11 ArUco mounting; wall_9 is excluded (tag rotated 90 deg, 19.0 cm not 19.5)"
med_047,med,hmax2,brick,wall_11,13.9,54.6,72.1,19.5,5.5,10.0,3,40.3,21.5,29.7,64.5,0.2468,77,0,19,17,6,37,"long_axis_bearing_deg = bearing of the item's LONG side in world, counter-clockwise from +X, in [0,180). Place by this, not by yaw. yaw_deg is the MuJoCo local-frame rotation and its meaning differs between bricks (long side on local X) and blocks (long side on local Y).","every bar uses the wall_10/wall_11 ArUco mounting; wall_9 is excluded (tag rotated 90 deg, 19.0 cm not 19.5)"
med_047,med,hmax2,brick,wall_12,13.9,32.5,91.1,19.5,5.5,10.0,3,40.3,21.5,29.7,64.5,0.2468,77,0,19,17,6,37,"long_axis_bearing_deg = bearing of the item's LONG side in world, counter-clockwise from +X, in [0,180). Place by this, not by yaw. yaw_deg is the MuJoCo local-frame rotation and its meaning differs between bricks (long side on local X) and blocks (long side on local Y).","every bar uses the wall_10/wall_11 ArUco mounting; wall_9 is excluded (tag rotated 90 deg, 19.0 cm not 19.5)"
med_047,med,hmax2,block,obj_1,22.8,39.2,110.0,15.0,7.0,4.0,3,40.3,21.5,29.7,64.5,0.2468,77,0,19,17,6,37,"long_axis_bearing_deg = bearing of the item's LONG side in world, counter-clockwise from +X, in [0,180). Place by this, not by yaw. yaw_deg is the MuJoCo local-frame rotation and its meaning differs between bricks (long side on local X) and blocks (long side on local Y).","every bar uses the wall_10/wall_11 ArUco mounting; wall_9 is excluded (tag rotated 90 deg, 19.0 cm not 19.5)"
med_048,med,hmax2,brick,wall_10,39.2,47.4,0.3,19.5,5.5,10.0,2,11.7,30.9,8.2,69.0,0.0642,109,3,4,24,15,21,"long_axis_bearing_deg = bearing of the item's LONG side in world, counter-clockwise from +X, in [0,180). Place by this, not by yaw. yaw_deg is the MuJoCo local-frame rotation and its meaning differs between bricks (long side on local X) and blocks (long side on local Y).","every bar uses the wall_10/wall_11 ArUco mounting; wall_9 is excluded (tag rotated 90 deg, 19.0 cm not 19.5)"
med_048,med,hmax2,brick,wall_11,13.6,53.8,73.0,19.5,5.5,10.0,2,11.7,30.9,8.2,69.0,0.0642,109,3,4,24,15,21,"long_axis_bearing_deg = bearing of the item's LONG side in world, counter-clockwise from +X, in [0,180). Place by this, not by yaw. yaw_deg is the MuJoCo local-frame rotation and its meaning differs between bricks (long side on local X) and blocks (long side on local Y).","every bar uses the wall_10/wall_11 ArUco mounting; wall_9 is excluded (tag rotated 90 deg, 19.0 cm not 19.5)"
med_048,med,hmax2,block,obj_1,23.9,43.0,78.0,15.0,7.0,4.0,2,11.7,30.9,8.2,69.0,0.0642,109,3,4,24,15,21,"long_axis_bearing_deg = bearing of the item's LONG side in world, counter-clockwise from +X, in [0,180). Place by this, not by yaw. yaw_deg is the MuJoCo local-frame rotation and its meaning differs between bricks (long side on local X) and blocks (long side on local Y).","every bar uses the wall_10/wall_11 ArUco mounting; wall_9 is excluded (tag rotated 90 deg, 19.0 cm not 19.5)"
med_049,med,hmax2,brick,wall_10,38.9,36.5,168.5,19.5,5.5,10.0,2,25.1,16.1,40.6,60.7,0.0634,142,0,9,30,4,26,"long_axis_bearing_deg = bearing of the item's LONG side in world, counter-clockwise from +X, in [0,180). Place by this, not by yaw. yaw_deg is the MuJoCo local-frame rotation and its meaning differs between bricks (long side on local X) and blocks (long side on local Y).","every bar uses the wall_10/wall_11 ArUco mounting; wall_9 is excluded (tag rotated 90 deg, 19.0 cm not 19.5)"
med_049,med,hmax2,brick,wall_11,13.7,48.4,72.8,19.5,5.5,10.0,2,25.1,16.1,40.6,60.7,0.0634,142,0,9,30,4,26,"long_axis_bearing_deg = bearing of the item's LONG side in world, counter-clockwise from +X, in [0,180). Place by this, not by yaw. yaw_deg is the MuJoCo local-frame rotation and its meaning differs between bricks (long side on local X) and blocks (long side on local Y).","every bar uses the wall_10/wall_11 ArUco mounting; wall_9 is excluded (tag rotated 90 deg, 19.0 cm not 19.5)"
med_049,med,hmax2,block,obj_4,19.0,33.2,20.7,12.0,7.5,5.0,2,25.1,16.1,40.6,60.7,0.0634,142,0,9,30,4,26,"long_axis_bearing_deg = bearing of the item's LONG side in world, counter-clockwise from +X, in [0,180). Place by this, not by yaw. yaw_deg is the MuJoCo local-frame rotation and its meaning differs between bricks (long side on local X) and blocks (long side on local Y).","every bar uses the wall_10/wall_11 ArUco mounting; wall_9 is excluded (tag rotated 90 deg, 19.0 cm not 19.5)"
med_050,med,hmax2,brick,wall_10,39.0,41.4,6.7,19.5,5.5,10.0,3,31.7,6.8,38.4,66.0,0.25,4,0,1,4,21,35,"long_axis_bearing_deg = bearing of the item's LONG side in world, counter-clockwise from +X, in [0,180). Place by this, not by yaw. yaw_deg is the MuJoCo local-frame rotation and its meaning differs between bricks (long side on local X) and blocks (long side on local Y).","every bar uses the wall_10/wall_11 ArUco mounting; wall_9 is excluded (tag rotated 90 deg, 19.0 cm not 19.5)"
med_050,med,hmax2,brick,wall_11,13.1,52.2,72.8,19.5,5.5,10.0,3,31.7,6.8,38.4,66.0,0.25,4,0,1,4,21,35,"long_axis_bearing_deg = bearing of the item's LONG side in world, counter-clockwise from +X, in [0,180). Place by this, not by yaw. yaw_deg is the MuJoCo local-frame rotation and its meaning differs between bricks (long side on local X) and blocks (long side on local Y).","every bar uses the wall_10/wall_11 ArUco mounting; wall_9 is excluded (tag rotated 90 deg, 19.0 cm not 19.5)"
med_050,med,hmax2,brick,wall_12,13.1,30.5,97.4,19.5,5.5,10.0,3,31.7,6.8,38.4,66.0,0.25,4,0,1,4,21,35,"long_axis_bearing_deg = bearing of the item's LONG side in world, counter-clockwise from +X, in [0,180). Place by this, not by yaw. yaw_deg is the MuJoCo local-frame rotation and its meaning differs between bricks (long side on local X) and blocks (long side on local Y).","every bar uses the wall_10/wall_11 ArUco mounting; wall_9 is excluded (tag rotated 90 deg, 19.0 cm not 19.5)"
med_050,med,hmax2,block,obj_1,25.4,45.3,51.9,15.0,7.0,4.0,3,31.7,6.8,38.4,66.0,0.25,4,0,1,4,21,35,"long_axis_bearing_deg = bearing of the item's LONG side in world, counter-clockwise from +X, in [0,180). Place by this, not by yaw. yaw_deg is the MuJoCo local-frame rotation and its meaning differs between bricks (long side on local X) and blocks (long side on local Y).","every bar uses the wall_10/wall_11 ArUco mounting; wall_9 is excluded (tag rotated 90 deg, 19.0 cm not 19.5)"
med_051,med,hmax2,brick,wall_10,39.0,45.4,173.8,19.5,5.5,10.0,2,6.6,6.7,24.6,69.6,0.0649,154,8,2,33,7,20,"long_axis_bearing_deg = bearing of the item's LONG side in world, counter-clockwise from +X, in [0,180). Place by this, not by yaw. yaw_deg is the MuJoCo local-frame rotation and its meaning differs between bricks (long side on local X) and blocks (long side on local Y).","every bar uses the wall_10/wall_11 ArUco mounting; wall_9 is excluded (tag rotated 90 deg, 19.0 cm not 19.5)"
med_051,med,hmax2,brick,wall_11,13.2,58.1,75.5,19.5,5.5,10.0,2,6.6,6.7,24.6,69.6,0.0649,154,8,2,33,7,20,"long_axis_bearing_deg = bearing of the item's LONG side in world, counter-clockwise from +X, in [0,180). Place by this, not by yaw. yaw_deg is the MuJoCo local-frame rotation and its meaning differs between bricks (long side on local X) and blocks (long side on local Y).","every bar uses the wall_10/wall_11 ArUco mounting; wall_9 is excluded (tag rotated 90 deg, 19.0 cm not 19.5)"
med_051,med,hmax2,block,obj_1,20.2,40.8,4.7,15.0,7.0,4.0,2,6.6,6.7,24.6,69.6,0.0649,154,8,2,33,7,20,"long_axis_bearing_deg = bearing of the item's LONG side in world, counter-clockwise from +X, in [0,180). Place by this, not by yaw. yaw_deg is the MuJoCo local-frame rotation and its meaning differs between bricks (long side on local X) and blocks (long side on local Y).","every bar uses the wall_10/wall_11 ArUco mounting; wall_9 is excluded (tag rotated 90 deg, 19.0 cm not 19.5)"
med_052,med,hmax2,brick,wall_10,39.1,42.4,3.8,19.5,5.5,10.0,2,8.7,30.9,33.8,59.7,0.0636,110,0,7,30,2,28,"long_axis_bearing_deg = bearing of the item's LONG side in world, counter-clockwise from +X, in [0,180). Place by this, not by yaw. yaw_deg is the MuJoCo local-frame rotation and its meaning differs between bricks (long side on local X) and blocks (long side on local Y).","every bar uses the wall_10/wall_11 ArUco mounting; wall_9 is excluded (tag rotated 90 deg, 19.0 cm not 19.5)"
med_052,med,hmax2,brick,wall_11,14.2,52.6,71.9,19.5,5.5,10.0,2,8.7,30.9,33.8,59.7,0.0636,110,0,7,30,2,28,"long_axis_bearing_deg = bearing of the item's LONG side in world, counter-clockwise from +X, in [0,180). Place by this, not by yaw. yaw_deg is the MuJoCo local-frame rotation and its meaning differs between bricks (long side on local X) and blocks (long side on local Y).","every bar uses the wall_10/wall_11 ArUco mounting; wall_9 is excluded (tag rotated 90 deg, 19.0 cm not 19.5)"
med_052,med,hmax2,block,obj_4,23.2,39.4,132.1,12.0,7.5,5.0,2,8.7,30.9,33.8,59.7,0.0636,110,0,7,30,2,28,"long_axis_bearing_deg = bearing of the item's LONG side in world, counter-clockwise from +X, in [0,180). Place by this, not by yaw. yaw_deg is the MuJoCo local-frame rotation and its meaning differs between bricks (long side on local X) and blocks (long side on local Y).","every bar uses the wall_10/wall_11 ArUco mounting; wall_9 is excluded (tag rotated 90 deg, 19.0 cm not 19.5)"
med_053,med,hmax2,brick,wall_10,39.1,34.9,175.6,19.5,5.5,10.0,3,40.7,16.3,32.2,67.3,0.2576,66,0,17,14,5,41,"long_axis_bearing_deg = bearing of the item's LONG side in world, counter-clockwise from +X, in [0,180). Place by this, not by yaw. yaw_deg is the MuJoCo local-frame rotation and its meaning differs between bricks (long side on local X) and blocks (long side on local Y).","every bar uses the wall_10/wall_11 ArUco mounting; wall_9 is excluded (tag rotated 90 deg, 19.0 cm not 19.5)"
med_053,med,hmax2,brick,wall_11,14.8,45.3,71.3,19.5,5.5,10.0,3,40.7,16.3,32.2,67.3,0.2576,66,0,17,14,5,41,"long_axis_bearing_deg = bearing of the item's LONG side in world, counter-clockwise from +X, in [0,180). Place by this, not by yaw. yaw_deg is the MuJoCo local-frame rotation and its meaning differs between bricks (long side on local X) and blocks (long side on local Y).","every bar uses the wall_10/wall_11 ArUco mounting; wall_9 is excluded (tag rotated 90 deg, 19.0 cm not 19.5)"
med_053,med,hmax2,brick,wall_12,14.8,22.6,104.8,19.5,5.5,10.0,3,40.7,16.3,32.2,67.3,0.2576,66,0,17,14,5,41,"long_axis_bearing_deg = bearing of the item's LONG side in world, counter-clockwise from +X, in [0,180). Place by this, not by yaw. yaw_deg is the MuJoCo local-frame rotation and its meaning differs between bricks (long side on local X) and blocks (long side on local Y).","every bar uses the wall_10/wall_11 ArUco mounting; wall_9 is excluded (tag rotated 90 deg, 19.0 cm not 19.5)"
med_053,med,hmax2,block,obj_1,21.9,30.7,99.4,15.0,7.0,4.0,3,40.7,16.3,32.2,67.3,0.2576,66,0,17,14,5,41,"long_axis_bearing_deg = bearing of the item's LONG side in world, counter-clockwise from +X, in [0,180). Place by this, not by yaw. yaw_deg is the MuJoCo local-frame rotation and its meaning differs between bricks (long side on local X) and blocks (long side on local Y).","every bar uses the wall_10/wall_11 ArUco mounting; wall_9 is excluded (tag rotated 90 deg, 19.0 cm not 19.5)"
med_054,med,hmax2,brick,wall_10,10.1,32.3,9.3,19.5,5.5,10.0,2,40.0,6.1,20.9,53.4,0.0654,153,8,2,33,5,22,"long_axis_bearing_deg = bearing of the item's LONG side in world, counter-clockwise from +X, in [0,180). Place by this, not by yaw. yaw_deg is the MuJoCo local-frame rotation and its meaning differs between bricks (long side on local X) and blocks (long side on local Y).","every bar uses the wall_10/wall_11 ArUco mounting; wall_9 is excluded (tag rotated 90 deg, 19.0 cm not 19.5)"
med_054,med,hmax2,brick,wall_11,36.1,44.4,104.9,19.5,5.5,10.0,2,40.0,6.1,20.9,53.4,0.0654,153,8,2,33,5,22,"long_axis_bearing_deg = bearing of the item's LONG side in world, counter-clockwise from +X, in [0,180). Place by this, not by yaw. yaw_deg is the MuJoCo local-frame rotation and its meaning differs between bricks (long side on local X) and blocks (long side on local Y).","every bar uses the wall_10/wall_11 ArUco mounting; wall_9 is excluded (tag rotated 90 deg, 19.0 cm not 19.5)"
med_054,med,hmax2,block,obj_1,29.5,27.7,62.5,15.0,7.0,4.0,2,40.0,6.1,20.9,53.4,0.0654,153,8,2,33,5,22,"long_axis_bearing_deg = bearing of the item's LONG side in world, counter-clockwise from +X, in [0,180). Place by this, not by yaw. yaw_deg is the MuJoCo local-frame rotation and its meaning differs between bricks (long side on local X) and blocks (long side on local Y).","every bar uses the wall_10/wall_11 ArUco mounting; wall_9 is excluded (tag rotated 90 deg, 19.0 cm not 19.5)"
med_055,med,hmax2,brick,wall_10,10.1,33.9,9.1,19.5,5.5,10.0,2,29.7,9.9,32.1,70.3,0.0641,78,0,5,20,6,34,"long_axis_bearing_deg = bearing of the item's LONG side in world, counter-clockwise from +X, in [0,180). Place by this, not by yaw. yaw_deg is the MuJoCo local-frame rotation and its meaning differs between bricks (long side on local X) and blocks (long side on local Y).","every bar uses the wall_10/wall_11 ArUco mounting; wall_9 is excluded (tag rotated 90 deg, 19.0 cm not 19.5)"
med_055,med,hmax2,brick,wall_11,35.7,43.0,108.2,19.5,5.5,10.0,2,29.7,9.9,32.1,70.3,0.0641,78,0,5,20,6,34,"long_axis_bearing_deg = bearing of the item's LONG side in world, counter-clockwise from +X, in [0,180). Place by this, not by yaw. yaw_deg is the MuJoCo local-frame rotation and its meaning differs between bricks (long side on local X) and blocks (long side on local Y).","every bar uses the wall_10/wall_11 ArUco mounting; wall_9 is excluded (tag rotated 90 deg, 19.0 cm not 19.5)"
med_055,med,hmax2,block,obj_4,28.1,33.0,165.0,12.0,7.5,5.0,2,29.7,9.9,32.1,70.3,0.0641,78,0,5,20,6,34,"long_axis_bearing_deg = bearing of the item's LONG side in world, counter-clockwise from +X, in [0,180). Place by this, not by yaw. yaw_deg is the MuJoCo local-frame rotation and its meaning differs between bricks (long side on local X) and blocks (long side on local Y).","every bar uses the wall_10/wall_11 ArUco mounting; wall_9 is excluded (tag rotated 90 deg, 19.0 cm not 19.5)"
med_056,med,hmax2,brick,wall_10,38.9,30.8,9.9,19.5,5.5,10.0,3,37.8,18.5,34.4,67.0,0.2667,15,0,4,3,21,36,"long_axis_bearing_deg = bearing of the item's LONG side in world, counter-clockwise from +X, in [0,180). Place by this, not by yaw. yaw_deg is the MuJoCo local-frame rotation and its meaning differs between bricks (long side on local X) and blocks (long side on local Y).","every bar uses the wall_10/wall_11 ArUco mounting; wall_9 is excluded (tag rotated 90 deg, 19.0 cm not 19.5)"
med_056,med,hmax2,brick,wall_11,13.7,43.3,73.7,19.5,5.5,10.0,3,37.8,18.5,34.4,67.0,0.2667,15,0,4,3,21,36,"long_axis_bearing_deg = bearing of the item's LONG side in world, counter-clockwise from +X, in [0,180). Place by this, not by yaw. yaw_deg is the MuJoCo local-frame rotation and its meaning differs between bricks (long side on local X) and blocks (long side on local Y).","every bar uses the wall_10/wall_11 ArUco mounting; wall_9 is excluded (tag rotated 90 deg, 19.0 cm not 19.5)"
med_056,med,hmax2,brick,wall_12,13.7,18.5,106.1,19.5,5.5,10.0,3,37.8,18.5,34.4,67.0,0.2667,15,0,4,3,21,36,"long_axis_bearing_deg = bearing of the item's LONG side in world, counter-clockwise from +X, in [0,180). Place by this, not by yaw. yaw_deg is the MuJoCo local-frame rotation and its meaning differs between bricks (long side on local X) and blocks (long side on local Y).","every bar uses the wall_10/wall_11 ArUco mounting; wall_9 is excluded (tag rotated 90 deg, 19.0 cm not 19.5)"
med_056,med,hmax2,block,obj_1,24.2,34.0,40.9,15.0,7.0,4.0,3,37.8,18.5,34.4,67.0,0.2667,15,0,4,3,21,36,"long_axis_bearing_deg = bearing of the item's LONG side in world, counter-clockwise from +X, in [0,180). Place by this, not by yaw. yaw_deg is the MuJoCo local-frame rotation and its meaning differs between bricks (long side on local X) and blocks (long side on local Y).","every bar uses the wall_10/wall_11 ArUco mounting; wall_9 is excluded (tag rotated 90 deg, 19.0 cm not 19.5)"
med_057,med,hmax2,brick,wall_10,9.9,40.2,2.5,19.5,5.5,10.0,2,9.0,17.4,18.1,63.0,0.0661,121,0,8,30,4,26,"long_axis_bearing_deg = bearing of the item's LONG side in world, counter-clockwise from +X, in [0,180). Place by this, not by yaw. yaw_deg is the MuJoCo local-frame rotation and its meaning differs between bricks (long side on local X) and blocks (long side on local Y).","every bar uses the wall_10/wall_11 ArUco mounting; wall_9 is excluded (tag rotated 90 deg, 19.0 cm not 19.5)"
med_057,med,hmax2,brick,wall_11,35.3,48.6,107.5,19.5,5.5,10.0,2,9.0,17.4,18.1,63.0,0.0661,121,0,8,30,4,26,"long_axis_bearing_deg = bearing of the item's LONG side in world, counter-clockwise from +X, in [0,180). Place by this, not by yaw. yaw_deg is the MuJoCo local-frame rotation and its meaning differs between bricks (long side on local X) and blocks (long side on local Y).","every bar uses the wall_10/wall_11 ArUco mounting; wall_9 is excluded (tag rotated 90 deg, 19.0 cm not 19.5)"
med_057,med,hmax2,block,obj_1,28.5,36.7,149.0,15.0,7.0,4.0,2,9.0,17.4,18.1,63.0,0.0661,121,0,8,30,4,26,"long_axis_bearing_deg = bearing of the item's LONG side in world, counter-clockwise from +X, in [0,180). Place by this, not by yaw. yaw_deg is the MuJoCo local-frame rotation and its meaning differs between bricks (long side on local X) and blocks (long side on local Y).","every bar uses the wall_10/wall_11 ArUco mounting; wall_9 is excluded (tag rotated 90 deg, 19.0 cm not 19.5)"
med_058,med,hmax2,brick,wall_10,38.9,46.8,169.3,19.5,5.5,10.0,2,32.6,26.3,39.1,71.3,0.0643,140,3,6,30,7,23,"long_axis_bearing_deg = bearing of the item's LONG side in world, counter-clockwise from +X, in [0,180). Place by this, not by yaw. yaw_deg is the MuJoCo local-frame rotation and its meaning differs between bricks (long side on local X) and blocks (long side on local Y).","every bar uses the wall_10/wall_11 ArUco mounting; wall_9 is excluded (tag rotated 90 deg, 19.0 cm not 19.5)"
med_058,med,hmax2,brick,wall_11,13.7,59.0,82.2,19.5,5.5,10.0,2,32.6,26.3,39.1,71.3,0.0643,140,3,6,30,7,23,"long_axis_bearing_deg = bearing of the item's LONG side in world, counter-clockwise from +X, in [0,180). Place by this, not by yaw. yaw_deg is the MuJoCo local-frame rotation and its meaning differs between bricks (long side on local X) and blocks (long side on local Y).","every bar uses the wall_10/wall_11 ArUco mounting; wall_9 is excluded (tag rotated 90 deg, 19.0 cm not 19.5)"
med_058,med,hmax2,block,obj_4,21.7,43.3,65.7,12.0,7.5,5.0,2,32.6,26.3,39.1,71.3,0.0643,140,3,6,30,7,23,"long_axis_bearing_deg = bearing of the item's LONG side in world, counter-clockwise from +X, in [0,180). Place by this, not by yaw. yaw_deg is the MuJoCo local-frame rotation and its meaning differs between bricks (long side on local X) and blocks (long side on local Y).","every bar uses the wall_10/wall_11 ArUco mounting; wall_9 is excluded (tag rotated 90 deg, 19.0 cm not 19.5)"
med_059,med,hmax2,brick,wall_10,38.9,41.6,169.6,19.5,5.5,10.0,3,35.5,14.4,25.3,55.4,0.2727,88,0,24,21,6,33,"long_axis_bearing_deg = bearing of the item's LONG side in world, counter-clockwise from +X, in [0,180). Place by this, not by yaw. yaw_deg is the MuJoCo local-frame rotation and its meaning differs between bricks (long side on local X) and blocks (long side on local Y).","every bar uses the wall_10/wall_11 ArUco mounting; wall_9 is excluded (tag rotated 90 deg, 19.0 cm not 19.5)"
med_059,med,hmax2,brick,wall_11,12.9,51.1,76.1,19.5,5.5,10.0,3,35.5,14.4,25.3,55.4,0.2727,88,0,24,21,6,33,"long_axis_bearing_deg = bearing of the item's LONG side in world, counter-clockwise from +X, in [0,180). Place by this, not by yaw. yaw_deg is the MuJoCo local-frame rotation and its meaning differs between bricks (long side on local X) and blocks (long side on local Y).","every bar uses the wall_10/wall_11 ArUco mounting; wall_9 is excluded (tag rotated 90 deg, 19.0 cm not 19.5)"
med_059,med,hmax2,brick,wall_12,12.9,28.8,89.7,19.5,5.5,10.0,3,35.5,14.4,25.3,55.4,0.2727,88,0,24,21,6,33,"long_axis_bearing_deg = bearing of the item's LONG side in world, counter-clockwise from +X, in [0,180). Place by this, not by yaw. yaw_deg is the MuJoCo local-frame rotation and its meaning differs between bricks (long side on local X) and blocks (long side on local Y).","every bar uses the wall_10/wall_11 ArUco mounting; wall_9 is excluded (tag rotated 90 deg, 19.0 cm not 19.5)"
med_059,med,hmax2,block,obj_1,21.2,36.7,102.4,15.0,7.0,4.0,3,35.5,14.4,25.3,55.4,0.2727,88,0,24,21,6,33,"long_axis_bearing_deg = bearing of the item's LONG side in world, counter-clockwise from +X, in [0,180). Place by this, not by yaw. yaw_deg is the MuJoCo local-frame rotation and its meaning differs between bricks (long side on local X) and blocks (long side on local Y).","every bar uses the wall_10/wall_11 ArUco mounting; wall_9 is excluded (tag rotated 90 deg, 19.0 cm not 19.5)"
med_060,med,hmax2,brick,wall_10,14.4,37.0,160.1,19.5,5.5,10.0,2,32.7,18.5,23.7,61.7,0.0673,104,0,7,24,5,31,"long_axis_bearing_deg = bearing of the item's LONG side in world, counter-clockwise from +X, in [0,180). Place by this, not by yaw. yaw_deg is the MuJoCo local-frame rotation and its meaning differs between bricks (long side on local X) and blocks (long side on local Y).","every bar uses the wall_10/wall_11 ArUco mounting; wall_9 is excluded (tag rotated 90 deg, 19.0 cm not 19.5)"
med_060,med,hmax2,brick,wall_11,37.7,46.7,159.4,19.5,5.5,10.0,2,32.7,18.5,23.7,61.7,0.0673,104,0,7,24,5,31,"long_axis_bearing_deg = bearing of the item's LONG side in world, counter-clockwise from +X, in [0,180). Place by this, not by yaw. yaw_deg is the MuJoCo local-frame rotation and its meaning differs between bricks (long side on local X) and blocks (long side on local Y).","every bar uses the wall_10/wall_11 ArUco mounting; wall_9 is excluded (tag rotated 90 deg, 19.0 cm not 19.5)"
med_060,med,hmax2,block,obj_1,29.1,35.9,114.3,15.0,7.0,4.0,2,32.7,18.5,23.7,61.7,0.0673,104,0,7,24,5,31,"long_axis_bearing_deg = bearing of the item's LONG side in world, counter-clockwise from +X, in [0,180). Place by this, not by yaw. yaw_deg is the MuJoCo local-frame rotation and its meaning differs between bricks (long side on local X) and blocks (long side on local Y).","every bar uses the wall_10/wall_11 ArUco mounting; wall_9 is excluded (tag rotated 90 deg, 19.0 cm not 19.5)"
med_061,med,hmax2,brick,wall_10,39.0,39.2,172.3,19.5,5.5,10.0,2,18.6,9.8,33.5,52.8,0.0671,149,10,0,32,5,23,"long_axis_bearing_deg = bearing of the item's LONG side in world, counter-clockwise from +X, in [0,180). Place by this, not by yaw. yaw_deg is the MuJoCo local-frame rotation and its meaning differs between bricks (long side on local X) and blocks (long side on local Y).","every bar uses the wall_10/wall_11 ArUco mounting; wall_9 is excluded (tag rotated 90 deg, 19.0 cm not 19.5)"
med_061,med,hmax2,brick,wall_11,13.1,50.3,76.3,19.5,5.5,10.0,2,18.6,9.8,33.5,52.8,0.0671,149,10,0,32,5,23,"long_axis_bearing_deg = bearing of the item's LONG side in world, counter-clockwise from +X, in [0,180). Place by this, not by yaw. yaw_deg is the MuJoCo local-frame rotation and its meaning differs between bricks (long side on local X) and blocks (long side on local Y).","every bar uses the wall_10/wall_11 ArUco mounting; wall_9 is excluded (tag rotated 90 deg, 19.0 cm not 19.5)"
med_061,med,hmax2,block,obj_4,18.2,34.6,10.3,12.0,7.5,5.0,2,18.6,9.8,33.5,52.8,0.0671,149,10,0,32,5,23,"long_axis_bearing_deg = bearing of the item's LONG side in world, counter-clockwise from +X, in [0,180). Place by this, not by yaw. yaw_deg is the MuJoCo local-frame rotation and its meaning differs between bricks (long side on local X) and blocks (long side on local Y).","every bar uses the wall_10/wall_11 ArUco mounting; wall_9 is excluded (tag rotated 90 deg, 19.0 cm not 19.5)"
med_062,med,hmax2,brick,wall_10,39.1,44.5,175.2,19.5,5.5,10.0,3,37.2,17.1,28.1,69.1,0.2778,18,1,4,5,15,40,"long_axis_bearing_deg = bearing of the item's LONG side in world, counter-clockwise from +X, in [0,180). Place by this, not by yaw. yaw_deg is the MuJoCo local-frame rotation and its meaning differs between bricks (long side on local X) and blocks (long side on local Y).","every bar uses the wall_10/wall_11 ArUco mounting; wall_9 is excluded (tag rotated 90 deg, 19.0 cm not 19.5)"
med_062,med,hmax2,brick,wall_11,13.2,55.6,96.0,19.5,5.5,10.0,3,37.2,17.1,28.1,69.1,0.2778,18,1,4,5,15,40,"long_axis_bearing_deg = bearing of the item's LONG side in world, counter-clockwise from +X, in [0,180). Place by this, not by yaw. yaw_deg is the MuJoCo local-frame rotation and its meaning differs between bricks (long side on local X) and blocks (long side on local Y).","every bar uses the wall_10/wall_11 ArUco mounting; wall_9 is excluded (tag rotated 90 deg, 19.0 cm not 19.5)"
med_062,med,hmax2,brick,wall_12,13.2,35.1,108.0,19.5,5.5,10.0,3,37.2,17.1,28.1,69.1,0.2778,18,1,4,5,15,40,"long_axis_bearing_deg = bearing of the item's LONG side in world, counter-clockwise from +X, in [0,180). Place by this, not by yaw. yaw_deg is the MuJoCo local-frame rotation and its meaning differs between bricks (long side on local X) and blocks (long side on local Y).","every bar uses the wall_10/wall_11 ArUco mounting; wall_9 is excluded (tag rotated 90 deg, 19.0 cm not 19.5)"
med_062,med,hmax2,block,obj_1,21.4,45.5,78.1,15.0,7.0,4.0,3,37.2,17.1,28.1,69.1,0.2778,18,1,4,5,15,40,"long_axis_bearing_deg = bearing of the item's LONG side in world, counter-clockwise from +X, in [0,180). Place by this, not by yaw. yaw_deg is the MuJoCo local-frame rotation and its meaning differs between bricks (long side on local X) and blocks (long side on local Y).","every bar uses the wall_10/wall_11 ArUco mounting; wall_9 is excluded (tag rotated 90 deg, 19.0 cm not 19.5)"
med_063,med,hmax2,brick,wall_10,38.9,47.5,171.0,19.5,5.5,10.0,2,24.2,29.3,33.7,61.5,0.0679,162,2,9,33,11,16,"long_axis_bearing_deg = bearing of the item's LONG side in world, counter-clockwise from +X, in [0,180). Place by this, not by yaw. yaw_deg is the MuJoCo local-frame rotation and its meaning differs between bricks (long side on local X) and blocks (long side on local Y).","every bar uses the wall_10/wall_11 ArUco mounting; wall_9 is excluded (tag rotated 90 deg, 19.0 cm not 19.5)"
med_063,med,hmax2,brick,wall_11,13.7,60.3,89.7,19.5,5.5,10.0,2,24.2,29.3,33.7,61.5,0.0679,162,2,9,33,11,16,"long_axis_bearing_deg = bearing of the item's LONG side in world, counter-clockwise from +X, in [0,180). Place by this, not by yaw. yaw_deg is the MuJoCo local-frame rotation and its meaning differs between bricks (long side on local X) and blocks (long side on local Y).","every bar uses the wall_10/wall_11 ArUco mounting; wall_9 is excluded (tag rotated 90 deg, 19.0 cm not 19.5)"
med_063,med,hmax2,block,obj_1,19.8,42.9,67.6,15.0,7.0,4.0,2,24.2,29.3,33.7,61.5,0.0679,162,2,9,33,11,16,"long_axis_bearing_deg = bearing of the item's LONG side in world, counter-clockwise from +X, in [0,180). Place by this, not by yaw. yaw_deg is the MuJoCo local-frame rotation and its meaning differs between bricks (long side on local X) and blocks (long side on local Y).","every bar uses the wall_10/wall_11 ArUco mounting; wall_9 is excluded (tag rotated 90 deg, 19.0 cm not 19.5)"
med_064,med,hmax2,brick,wall_10,10.1,35.1,10.0,19.5,5.5,10.0,2,33.5,7.1,18.5,52.1,0.069,116,0,8,24,1,35,"long_axis_bearing_deg = bearing of the item's LONG side in world, counter-clockwise from +X, in [0,180). Place by this, not by yaw. yaw_deg is the MuJoCo local-frame rotation and its meaning differs between bricks (long side on local X) and blocks (long side on local Y).","every bar uses the wall_10/wall_11 ArUco mounting; wall_9 is excluded (tag rotated 90 deg, 19.0 cm not 19.5)"
med_064,med,hmax2,brick,wall_11,35.4,44.1,109.1,19.5,5.5,10.0,2,33.5,7.1,18.5,52.1,0.069,116,0,8,24,1,35,"long_axis_bearing_deg = bearing of the item's LONG side in world, counter-clockwise from +X, in [0,180). Place by this, not by yaw. yaw_deg is the MuJoCo local-frame rotation and its meaning differs between bricks (long side on local X) and blocks (long side on local Y).","every bar uses the wall_10/wall_11 ArUco mounting; wall_9 is excluded (tag rotated 90 deg, 19.0 cm not 19.5)"
med_064,med,hmax2,block,obj_4,28.8,32.3,69.9,12.0,7.5,5.0,2,33.5,7.1,18.5,52.1,0.069,116,0,8,24,1,35,"long_axis_bearing_deg = bearing of the item's LONG side in world, counter-clockwise from +X, in [0,180). Place by this, not by yaw. yaw_deg is the MuJoCo local-frame rotation and its meaning differs between bricks (long side on local X) and blocks (long side on local Y).","every bar uses the wall_10/wall_11 ArUco mounting; wall_9 is excluded (tag rotated 90 deg, 19.0 cm not 19.5)"
med_065,med,hmax2,brick,wall_10,39.0,47.3,174.6,19.5,5.5,10.0,2,17.3,25.2,23.7,62.8,0.0693,101,0,7,28,6,26,"long_axis_bearing_deg = bearing of the item's LONG side in world, counter-clockwise from +X, in [0,180). Place by this, not by yaw. yaw_deg is the MuJoCo local-frame rotation and its meaning differs between bricks (long side on local X) and blocks (long side on local Y).","every bar uses the wall_10/wall_11 ArUco mounting; wall_9 is excluded (tag rotated 90 deg, 19.0 cm not 19.5)"
med_065,med,hmax2,brick,wall_11,13.5,59.6,79.1,19.5,5.5,10.0,2,17.3,25.2,23.7,62.8,0.0693,101,0,7,28,6,26,"long_axis_bearing_deg = bearing of the item's LONG side in world, counter-clockwise from +X, in [0,180). Place by this, not by yaw. yaw_deg is the MuJoCo local-frame rotation and its meaning differs between bricks (long side on local X) and blocks (long side on local Y).","every bar uses the wall_10/wall_11 ArUco mounting; wall_9 is excluded (tag rotated 90 deg, 19.0 cm not 19.5)"
med_065,med,hmax2,block,obj_1,20.7,45.2,7.5,15.0,7.0,4.0,2,17.3,25.2,23.7,62.8,0.0693,101,0,7,28,6,26,"long_axis_bearing_deg = bearing of the item's LONG side in world, counter-clockwise from +X, in [0,180). Place by this, not by yaw. yaw_deg is the MuJoCo local-frame rotation and its meaning differs between bricks (long side on local X) and blocks (long side on local Y).","every bar uses the wall_10/wall_11 ArUco mounting; wall_9 is excluded (tag rotated 90 deg, 19.0 cm not 19.5)"
med_066,med,hmax2,brick,wall_10,9.9,47.6,176.0,19.5,5.5,10.0,2,7.5,34.7,10.7,71.1,0.0692,130,9,0,29,2,29,"long_axis_bearing_deg = bearing of the item's LONG side in world, counter-clockwise from +X, in [0,180). Place by this, not by yaw. yaw_deg is the MuJoCo local-frame rotation and its meaning differs between bricks (long side on local X) and blocks (long side on local Y).","every bar uses the wall_10/wall_11 ArUco mounting; wall_9 is excluded (tag rotated 90 deg, 19.0 cm not 19.5)"
med_066,med,hmax2,brick,wall_11,33.4,60.3,98.2,19.5,5.5,10.0,2,7.5,34.7,10.7,71.1,0.0692,130,9,0,29,2,29,"long_axis_bearing_deg = bearing of the item's LONG side in world, counter-clockwise from +X, in [0,180). Place by this, not by yaw. yaw_deg is the MuJoCo local-frame rotation and its meaning differs between bricks (long side on local X) and blocks (long side on local Y).","every bar uses the wall_10/wall_11 ArUco mounting; wall_9 is excluded (tag rotated 90 deg, 19.0 cm not 19.5)"
med_066,med,hmax2,block,obj_4,29.3,43.9,83.1,12.0,7.5,5.0,2,7.5,34.7,10.7,71.1,0.0692,130,9,0,29,2,29,"long_axis_bearing_deg = bearing of the item's LONG side in world, counter-clockwise from +X, in [0,180). Place by this, not by yaw. yaw_deg is the MuJoCo local-frame rotation and its meaning differs between bricks (long side on local X) and blocks (long side on local Y).","every bar uses the wall_10/wall_11 ArUco mounting; wall_9 is excluded (tag rotated 90 deg, 19.0 cm not 19.5)"
med_067,med,hmax2,brick,wall_10,39.0,33.6,172.1,19.5,5.5,10.0,2,10.5,9.0,28.2,63.5,0.0703,128,0,9,30,6,24,"long_axis_bearing_deg = bearing of the item's LONG side in world, counter-clockwise from +X, in [0,180). Place by this, not by yaw. yaw_deg is the MuJoCo local-frame rotation and its meaning differs between bricks (long side on local X) and blocks (long side on local Y).","every bar uses the wall_10/wall_11 ArUco mounting; wall_9 is excluded (tag rotated 90 deg, 19.0 cm not 19.5)"
med_067,med,hmax2,brick,wall_11,12.9,42.4,70.0,19.5,5.5,10.0,2,10.5,9.0,28.2,63.5,0.0703,128,0,9,30,6,24,"long_axis_bearing_deg = bearing of the item's LONG side in world, counter-clockwise from +X, in [0,180). Place by this, not by yaw. yaw_deg is the MuJoCo local-frame rotation and its meaning differs between bricks (long side on local X) and blocks (long side on local Y).","every bar uses the wall_10/wall_11 ArUco mounting; wall_9 is excluded (tag rotated 90 deg, 19.0 cm not 19.5)"
med_067,med,hmax2,block,obj_1,19.9,29.6,24.7,15.0,7.0,4.0,2,10.5,9.0,28.2,63.5,0.0703,128,0,9,30,6,24,"long_axis_bearing_deg = bearing of the item's LONG side in world, counter-clockwise from +X, in [0,180). Place by this, not by yaw. yaw_deg is the MuJoCo local-frame rotation and its meaning differs between bricks (long side on local X) and blocks (long side on local Y).","every bar uses the wall_10/wall_11 ArUco mounting; wall_9 is excluded (tag rotated 90 deg, 19.0 cm not 19.5)"
med_068,med,hmax2,brick,wall_10,38.9,37.3,169.0,19.5,5.5,10.0,2,42.2,10.1,43.0,59.1,0.0692,130,0,9,30,4,26,"long_axis_bearing_deg = bearing of the item's LONG side in world, counter-clockwise from +X, in [0,180). Place by this, not by yaw. yaw_deg is the MuJoCo local-frame rotation and its meaning differs between bricks (long side on local X) and blocks (long side on local Y).","every bar uses the wall_10/wall_11 ArUco mounting; wall_9 is excluded (tag rotated 90 deg, 19.0 cm not 19.5)"
med_068,med,hmax2,brick,wall_11,13.8,45.7,75.0,19.5,5.5,10.0,2,42.2,10.1,43.0,59.1,0.0692,130,0,9,30,4,26,"long_axis_bearing_deg = bearing of the item's LONG side in world, counter-clockwise from +X, in [0,180). Place by this, not by yaw. yaw_deg is the MuJoCo local-frame rotation and its meaning differs between bricks (long side on local X) and blocks (long side on local Y).","every bar uses the wall_10/wall_11 ArUco mounting; wall_9 is excluded (tag rotated 90 deg, 19.0 cm not 19.5)"
med_068,med,hmax2,block,obj_4,22.3,33.1,140.8,12.0,7.5,5.0,2,42.2,10.1,43.0,59.1,0.0692,130,0,9,30,4,26,"long_axis_bearing_deg = bearing of the item's LONG side in world, counter-clockwise from +X, in [0,180). Place by this, not by yaw. yaw_deg is the MuJoCo local-frame rotation and its meaning differs between bricks (long side on local X) and blocks (long side on local Y).","every bar uses the wall_10/wall_11 ArUco mounting; wall_9 is excluded (tag rotated 90 deg, 19.0 cm not 19.5)"
med_069,med,hmax2,brick,wall_10,9.8,34.5,0.8,19.5,5.5,10.0,2,14.7,13.2,6.3,59.5,0.0719,139,5,5,28,10,22,"long_axis_bearing_deg = bearing of the item's LONG side in world, counter-clockwise from +X, in [0,180). Place by this, not by yaw. yaw_deg is the MuJoCo local-frame rotation and its meaning differs between bricks (long side on local X) and blocks (long side on local Y).","every bar uses the wall_10/wall_11 ArUco mounting; wall_9 is excluded (tag rotated 90 deg, 19.0 cm not 19.5)"
med_069,med,hmax2,brick,wall_11,35.2,43.1,106.4,19.5,5.5,10.0,2,14.7,13.2,6.3,59.5,0.0719,139,5,5,28,10,22,"long_axis_bearing_deg = bearing of the item's LONG side in world, counter-clockwise from +X, in [0,180). Place by this, not by yaw. yaw_deg is the MuJoCo local-frame rotation and its meaning differs between bricks (long side on local X) and blocks (long side on local Y).","every bar uses the wall_10/wall_11 ArUco mounting; wall_9 is excluded (tag rotated 90 deg, 19.0 cm not 19.5)"
med_069,med,hmax2,block,obj_1,28.7,29.8,99.0,15.0,7.0,4.0,2,14.7,13.2,6.3,59.5,0.0719,139,5,5,28,10,22,"long_axis_bearing_deg = bearing of the item's LONG side in world, counter-clockwise from +X, in [0,180). Place by this, not by yaw. yaw_deg is the MuJoCo local-frame rotation and its meaning differs between bricks (long side on local X) and blocks (long side on local Y).","every bar uses the wall_10/wall_11 ArUco mounting; wall_9 is excluded (tag rotated 90 deg, 19.0 cm not 19.5)"
med_070,med,hmax2,brick,wall_10,39.0,40.1,174.4,19.5,5.5,10.0,2,40.8,17.0,23.4,70.6,0.0696,115,0,8,30,7,23,"long_axis_bearing_deg = bearing of the item's LONG side in world, counter-clockwise from +X, in [0,180). Place by this, not by yaw. yaw_deg is the MuJoCo local-frame rotation and its meaning differs between bricks (long side on local X) and blocks (long side on local Y).","every bar uses the wall_10/wall_11 ArUco mounting; wall_9 is excluded (tag rotated 90 deg, 19.0 cm not 19.5)"
med_070,med,hmax2,brick,wall_11,13.7,51.5,72.3,19.5,5.5,10.0,2,40.8,17.0,23.4,70.6,0.0696,115,0,8,30,7,23,"long_axis_bearing_deg = bearing of the item's LONG side in world, counter-clockwise from +X, in [0,180). Place by this, not by yaw. yaw_deg is the MuJoCo local-frame rotation and its meaning differs between bricks (long side on local X) and blocks (long side on local Y).","every bar uses the wall_10/wall_11 ArUco mounting; wall_9 is excluded (tag rotated 90 deg, 19.0 cm not 19.5)"
med_070,med,hmax2,block,obj_4,21.0,37.6,16.8,12.0,7.5,5.0,2,40.8,17.0,23.4,70.6,0.0696,115,0,8,30,7,23,"long_axis_bearing_deg = bearing of the item's LONG side in world, counter-clockwise from +X, in [0,180). Place by this, not by yaw. yaw_deg is the MuJoCo local-frame rotation and its meaning differs between bricks (long side on local X) and blocks (long side on local Y).","every bar uses the wall_10/wall_11 ArUco mounting; wall_9 is excluded (tag rotated 90 deg, 19.0 cm not 19.5)"
med_071,med,hmax2,brick,wall_10,10.1,35.0,8.8,19.5,5.5,10.0,2,31.8,11.6,17.7,57.7,0.0719,139,0,10,30,5,25,"long_axis_bearing_deg = bearing of the item's LONG side in world, counter-clockwise from +X, in [0,180). Place by this, not by yaw. yaw_deg is the MuJoCo local-frame rotation and its meaning differs between bricks (long side on local X) and blocks (long side on local Y).","every bar uses the wall_10/wall_11 ArUco mounting; wall_9 is excluded (tag rotated 90 deg, 19.0 cm not 19.5)"
med_071,med,hmax2,brick,wall_11,33.9,44.6,109.7,19.5,5.5,10.0,2,31.8,11.6,17.7,57.7,0.0719,139,0,10,30,5,25,"long_axis_bearing_deg = bearing of the item's LONG side in world, counter-clockwise from +X, in [0,180). Place by this, not by yaw. yaw_deg is the MuJoCo local-frame rotation and its meaning differs between bricks (long side on local X) and blocks (long side on local Y).","every bar uses the wall_10/wall_11 ArUco mounting; wall_9 is excluded (tag rotated 90 deg, 19.0 cm not 19.5)"
med_071,med,hmax2,block,obj_1,29.9,30.2,165.0,15.0,7.0,4.0,2,31.8,11.6,17.7,57.7,0.0719,139,0,10,30,5,25,"long_axis_bearing_deg = bearing of the item's LONG side in world, counter-clockwise from +X, in [0,180). Place by this, not by yaw. yaw_deg is the MuJoCo local-frame rotation and its meaning differs between bricks (long side on local X) and blocks (long side on local Y).","every bar uses the wall_10/wall_11 ArUco mounting; wall_9 is excluded (tag rotated 90 deg, 19.0 cm not 19.5)"
med_072,med,hmax2,brick,wall_10,39.0,45.1,5.7,19.5,5.5,10.0,2,14.6,23.1,33.2,68.8,0.0708,113,0,8,30,3,27,"long_axis_bearing_deg = bearing of the item's LONG side in world, counter-clockwise from +X, in [0,180). Place by this, not by yaw. yaw_deg is the MuJoCo local-frame rotation and its meaning differs between bricks (long side on local X) and blocks (long side on local Y).","every bar uses the wall_10/wall_11 ArUco mounting; wall_9 is excluded (tag rotated 90 deg, 19.0 cm not 19.5)"
med_072,med,hmax2,brick,wall_11,13.5,53.6,72.5,19.5,5.5,10.0,2,14.6,23.1,33.2,68.8,0.0708,113,0,8,30,3,27,"long_axis_bearing_deg = bearing of the item's LONG side in world, counter-clockwise from +X, in [0,180). Place by this, not by yaw. yaw_deg is the MuJoCo local-frame rotation and its meaning differs between bricks (long side on local X) and blocks (long side on local Y).","every bar uses the wall_10/wall_11 ArUco mounting; wall_9 is excluded (tag rotated 90 deg, 19.0 cm not 19.5)"
med_072,med,hmax2,block,obj_4,22.0,41.3,138.2,12.0,7.5,5.0,2,14.6,23.1,33.2,68.8,0.0708,113,0,8,30,3,27,"long_axis_bearing_deg = bearing of the item's LONG side in world, counter-clockwise from +X, in [0,180). Place by this, not by yaw. yaw_deg is the MuJoCo local-frame rotation and its meaning differs between bricks (long side on local X) and blocks (long side on local Y).","every bar uses the wall_10/wall_11 ArUco mounting; wall_9 is excluded (tag rotated 90 deg, 19.0 cm not 19.5)"
med_073,med,hmax2,brick,wall_10,10.1,32.1,10.2,19.5,5.5,10.0,2,11.2,7.8,22.4,51.8,0.0745,161,10,2,33,10,17,"long_axis_bearing_deg = bearing of the item's LONG side in world, counter-clockwise from +X, in [0,180). Place by this, not by yaw. yaw_deg is the MuJoCo local-frame rotation and its meaning differs between bricks (long side on local X) and blocks (long side on local Y).","every bar uses the wall_10/wall_11 ArUco mounting; wall_9 is excluded (tag rotated 90 deg, 19.0 cm not 19.5)"
med_073,med,hmax2,brick,wall_11,36.0,44.2,100.5,19.5,5.5,10.0,2,11.2,7.8,22.4,51.8,0.0745,161,10,2,33,10,17,"long_axis_bearing_deg = bearing of the item's LONG side in world, counter-clockwise from +X, in [0,180). Place by this, not by yaw. yaw_deg is the MuJoCo local-frame rotation and its meaning differs between bricks (long side on local X) and blocks (long side on local Y).","every bar uses the wall_10/wall_11 ArUco mounting; wall_9 is excluded (tag rotated 90 deg, 19.0 cm not 19.5)"
med_073,med,hmax2,block,obj_1,30.7,27.9,123.1,15.0,7.0,4.0,2,11.2,7.8,22.4,51.8,0.0745,161,10,2,33,10,17,"long_axis_bearing_deg = bearing of the item's LONG side in world, counter-clockwise from +X, in [0,180). Place by this, not by yaw. yaw_deg is the MuJoCo local-frame rotation and its meaning differs between bricks (long side on local X) and blocks (long side on local Y).","every bar uses the wall_10/wall_11 ArUco mounting; wall_9 is excluded (tag rotated 90 deg, 19.0 cm not 19.5)"
med_074,med,hmax2,brick,wall_10,13.2,41.3,20.9,19.5,5.5,10.0,2,38.0,19.8,11.6,64.4,0.0714,112,0,8,27,4,29,"long_axis_bearing_deg = bearing of the item's LONG side in world, counter-clockwise from +X, in [0,180). Place by this, not by yaw. yaw_deg is the MuJoCo local-frame rotation and its meaning differs between bricks (long side on local X) and blocks (long side on local Y).","every bar uses the wall_10/wall_11 ArUco mounting; wall_9 is excluded (tag rotated 90 deg, 19.0 cm not 19.5)"
med_074,med,hmax2,brick,wall_11,25.6,48.2,139.6,19.5,5.5,10.0,2,38.0,19.8,11.6,64.4,0.0714,112,0,8,27,4,29,"long_axis_bearing_deg = bearing of the item's LONG side in world, counter-clockwise from +X, in [0,180). Place by this, not by yaw. yaw_deg is the MuJoCo local-frame rotation and its meaning differs between bricks (long side on local X) and blocks (long side on local Y).","every bar uses the wall_10/wall_11 ArUco mounting; wall_9 is excluded (tag rotated 90 deg, 19.0 cm not 19.5)"
med_074,med,hmax2,block,obj_4,38.8,37.1,19.5,12.0,7.5,5.0,2,38.0,19.8,11.6,64.4,0.0714,112,0,8,27,4,29,"long_axis_bearing_deg = bearing of the item's LONG side in world, counter-clockwise from +X, in [0,180). Place by this, not by yaw. yaw_deg is the MuJoCo local-frame rotation and its meaning differs between bricks (long side on local X) and blocks (long side on local Y).","every bar uses the wall_10/wall_11 ArUco mounting; wall_9 is excluded (tag rotated 90 deg, 19.0 cm not 19.5)"
med_075,med,hmax2,brick,wall_10,12.3,39.4,171.4,19.5,5.5,10.0,2,7.1,22.6,14.2,70.6,0.0752,133,9,1,25,19,16,"long_axis_bearing_deg = bearing of the item's LONG side in world, counter-clockwise from +X, in [0,180). Place by this, not by yaw. yaw_deg is the MuJoCo local-frame rotation and its meaning differs between bricks (long side on local X) and blocks (long side on local Y).","every bar uses the wall_10/wall_11 ArUco mounting; wall_9 is excluded (tag rotated 90 deg, 19.0 cm not 19.5)"
med_075,med,hmax2,brick,wall_11,22.5,47.2,177.1,19.5,5.5,10.0,2,7.1,22.6,14.2,70.6,0.0752,133,9,1,25,19,16,"long_axis_bearing_deg = bearing of the item's LONG side in world, counter-clockwise from +X, in [0,180). Place by this, not by yaw. yaw_deg is the MuJoCo local-frame rotation and its meaning differs between bricks (long side on local X) and blocks (long side on local Y).","every bar uses the wall_10/wall_11 ArUco mounting; wall_9 is excluded (tag rotated 90 deg, 19.0 cm not 19.5)"
med_075,med,hmax2,block,obj_1,36.7,40.9,68.6,15.0,7.0,4.0,2,7.1,22.6,14.2,70.6,0.0752,133,9,1,25,19,16,"long_axis_bearing_deg = bearing of the item's LONG side in world, counter-clockwise from +X, in [0,180). Place by this, not by yaw. yaw_deg is the MuJoCo local-frame rotation and its meaning differs between bricks (long side on local X) and blocks (long side on local Y).","every bar uses the wall_10/wall_11 ArUco mounting; wall_9 is excluded (tag rotated 90 deg, 19.0 cm not 19.5)"
med_076,med,hmax2,brick,wall_10,39.2,43.1,178.7,19.5,5.5,10.0,2,28.4,23.1,41.6,65.7,0.0729,96,0,7,24,6,30,"long_axis_bearing_deg = bearing of the item's LONG side in world, counter-clockwise from +X, in [0,180). Place by this, not by yaw. yaw_deg is the MuJoCo local-frame rotation and its meaning differs between bricks (long side on local X) and blocks (long side on local Y).","every bar uses the wall_10/wall_11 ArUco mounting; wall_9 is excluded (tag rotated 90 deg, 19.0 cm not 19.5)"
med_076,med,hmax2,brick,wall_11,14.1,52.2,74.6,19.5,5.5,10.0,2,28.4,23.1,41.6,65.7,0.0729,96,0,7,24,6,30,"long_axis_bearing_deg = bearing of the item's LONG side in world, counter-clockwise from +X, in [0,180). Place by this, not by yaw. yaw_deg is the MuJoCo local-frame rotation and its meaning differs between bricks (long side on local X) and blocks (long side on local Y).","every bar uses the wall_10/wall_11 ArUco mounting; wall_9 is excluded (tag rotated 90 deg, 19.0 cm not 19.5)"
med_076,med,hmax2,block,obj_4,21.7,40.1,13.9,12.0,7.5,5.0,2,28.4,23.1,41.6,65.7,0.0729,96,0,7,24,6,30,"long_axis_bearing_deg = bearing of the item's LONG side in world, counter-clockwise from +X, in [0,180). Place by this, not by yaw. yaw_deg is the MuJoCo local-frame rotation and its meaning differs between bricks (long side on local X) and blocks (long side on local Y).","every bar uses the wall_10/wall_11 ArUco mounting; wall_9 is excluded (tag rotated 90 deg, 19.0 cm not 19.5)"
med_077,med,hmax2,brick,wall_10,38.9,45.8,170.3,19.5,5.5,10.0,2,18.9,6.3,31.8,69.6,0.0756,119,0,9,25,2,33,"long_axis_bearing_deg = bearing of the item's LONG side in world, counter-clockwise from +X, in [0,180). Place by this, not by yaw. yaw_deg is the MuJoCo local-frame rotation and its meaning differs between bricks (long side on local X) and blocks (long side on local Y).","every bar uses the wall_10/wall_11 ArUco mounting; wall_9 is excluded (tag rotated 90 deg, 19.0 cm not 19.5)"
med_077,med,hmax2,brick,wall_11,12.9,56.7,70.6,19.5,5.5,10.0,2,18.9,6.3,31.8,69.6,0.0756,119,0,9,25,2,33,"long_axis_bearing_deg = bearing of the item's LONG side in world, counter-clockwise from +X, in [0,180). Place by this, not by yaw. yaw_deg is the MuJoCo local-frame rotation and its meaning differs between bricks (long side on local X) and blocks (long side on local Y).","every bar uses the wall_10/wall_11 ArUco mounting; wall_9 is excluded (tag rotated 90 deg, 19.0 cm not 19.5)"
med_077,med,hmax2,block,obj_1,21.9,43.4,115.7,15.0,7.0,4.0,2,18.9,6.3,31.8,69.6,0.0756,119,0,9,25,2,33,"long_axis_bearing_deg = bearing of the item's LONG side in world, counter-clockwise from +X, in [0,180). Place by this, not by yaw. yaw_deg is the MuJoCo local-frame rotation and its meaning differs between bricks (long side on local X) and blocks (long side on local Y).","every bar uses the wall_10/wall_11 ArUco mounting; wall_9 is excluded (tag rotated 90 deg, 19.0 cm not 19.5)"
med_078,med,hmax2,brick,wall_10,38.9,31.0,9.9,19.5,5.5,10.0,2,19.2,6.9,33.4,47.2,0.0732,82,0,6,23,7,30,"long_axis_bearing_deg = bearing of the item's LONG side in world, counter-clockwise from +X, in [0,180). Place by this, not by yaw. yaw_deg is the MuJoCo local-frame rotation and its meaning differs between bricks (long side on local X) and blocks (long side on local Y).","every bar uses the wall_10/wall_11 ArUco mounting; wall_9 is excluded (tag rotated 90 deg, 19.0 cm not 19.5)"
med_078,med,hmax2,brick,wall_11,13.4,37.8,77.5,19.5,5.5,10.0,2,19.2,6.9,33.4,47.2,0.0732,82,0,6,23,7,30,"long_axis_bearing_deg = bearing of the item's LONG side in world, counter-clockwise from +X, in [0,180). Place by this, not by yaw. yaw_deg is the MuJoCo local-frame rotation and its meaning differs between bricks (long side on local X) and blocks (long side on local Y).","every bar uses the wall_10/wall_11 ArUco mounting; wall_9 is excluded (tag rotated 90 deg, 19.0 cm not 19.5)"
med_078,med,hmax2,block,obj_4,22.1,27.2,19.5,12.0,7.5,5.0,2,19.2,6.9,33.4,47.2,0.0732,82,0,6,23,7,30,"long_axis_bearing_deg = bearing of the item's LONG side in world, counter-clockwise from +X, in [0,180). Place by this, not by yaw. yaw_deg is the MuJoCo local-frame rotation and its meaning differs between bricks (long side on local X) and blocks (long side on local Y).","every bar uses the wall_10/wall_11 ArUco mounting; wall_9 is excluded (tag rotated 90 deg, 19.0 cm not 19.5)"
med_079,med,hmax2,brick,wall_10,9.8,40.0,179.9,19.5,5.5,10.0,2,23.8,6.8,7.4,69.5,0.0756,119,3,6,25,15,20,"long_axis_bearing_deg = bearing of the item's LONG side in world, counter-clockwise from +X, in [0,180). Place by this, not by yaw. yaw_deg is the MuJoCo local-frame rotation and its meaning differs between bricks (long side on local X) and blocks (long side on local Y).","every bar uses the wall_10/wall_11 ArUco mounting; wall_9 is excluded (tag rotated 90 deg, 19.0 cm not 19.5)"
med_079,med,hmax2,brick,wall_11,33.8,49.2,110.0,19.5,5.5,10.0,2,23.8,6.8,7.4,69.5,0.0756,119,3,6,25,15,20,"long_axis_bearing_deg = bearing of the item's LONG side in world, counter-clockwise from +X, in [0,180). Place by this, not by yaw. yaw_deg is the MuJoCo local-frame rotation and its meaning differs between bricks (long side on local X) and blocks (long side on local Y).","every bar uses the wall_10/wall_11 ArUco mounting; wall_9 is excluded (tag rotated 90 deg, 19.0 cm not 19.5)"
med_079,med,hmax2,block,obj_1,25.8,36.4,105.0,15.0,7.0,4.0,2,23.8,6.8,7.4,69.5,0.0756,119,3,6,25,15,20,"long_axis_bearing_deg = bearing of the item's LONG side in world, counter-clockwise from +X, in [0,180). Place by this, not by yaw. yaw_deg is the MuJoCo local-frame rotation and its meaning differs between bricks (long side on local X) and blocks (long side on local Y).","every bar uses the wall_10/wall_11 ArUco mounting; wall_9 is excluded (tag rotated 90 deg, 19.0 cm not 19.5)"
med_080,med,hmax2,brick,wall_10,38.9,41.7,170.9,19.5,5.5,10.0,2,42.5,15.1,33.3,61.4,0.0753,93,0,7,20,5,35,"long_axis_bearing_deg = bearing of the item's LONG side in world, counter-clockwise from +X, in [0,180). Place by this, not by yaw. yaw_deg is the MuJoCo local-frame rotation and its meaning differs between bricks (long side on local X) and blocks (long side on local Y).","every bar uses the wall_10/wall_11 ArUco mounting; wall_9 is excluded (tag rotated 90 deg, 19.0 cm not 19.5)"
med_080,med,hmax2,brick,wall_11,14.4,47.8,72.2,19.5,5.5,10.0,2,42.5,15.1,33.3,61.4,0.0753,93,0,7,20,5,35,"long_axis_bearing_deg = bearing of the item's LONG side in world, counter-clockwise from +X, in [0,180). Place by this, not by yaw. yaw_deg is the MuJoCo local-frame rotation and its meaning differs between bricks (long side on local X) and blocks (long side on local Y).","every bar uses the wall_10/wall_11 ArUco mounting; wall_9 is excluded (tag rotated 90 deg, 19.0 cm not 19.5)"
med_080,med,hmax2,block,obj_4,24.0,38.3,108.3,12.0,7.5,5.0,2,42.5,15.1,33.3,61.4,0.0753,93,0,7,20,5,35,"long_axis_bearing_deg = bearing of the item's LONG side in world, counter-clockwise from +X, in [0,180). Place by this, not by yaw. yaw_deg is the MuJoCo local-frame rotation and its meaning differs between bricks (long side on local X) and blocks (long side on local Y).","every bar uses the wall_10/wall_11 ArUco mounting; wall_9 is excluded (tag rotated 90 deg, 19.0 cm not 19.5)"
med_081,med,hmax2,brick,wall_10,39.1,40.9,3.8,19.5,5.5,10.0,2,29.7,15.7,11.9,70.2,0.0759,145,1,10,29,3,28,"long_axis_bearing_deg = bearing of the item's LONG side in world, counter-clockwise from +X, in [0,180). Place by this, not by yaw. yaw_deg is the MuJoCo local-frame rotation and its meaning differs between bricks (long side on local X) and blocks (long side on local Y).","every bar uses the wall_10/wall_11 ArUco mounting; wall_9 is excluded (tag rotated 90 deg, 19.0 cm not 19.5)"
med_081,med,hmax2,brick,wall_11,14.4,51.1,73.9,19.5,5.5,10.0,2,29.7,15.7,11.9,70.2,0.0759,145,1,10,29,3,28,"long_axis_bearing_deg = bearing of the item's LONG side in world, counter-clockwise from +X, in [0,180). Place by this, not by yaw. yaw_deg is the MuJoCo local-frame rotation and its meaning differs between bricks (long side on local X) and blocks (long side on local Y).","every bar uses the wall_10/wall_11 ArUco mounting; wall_9 is excluded (tag rotated 90 deg, 19.0 cm not 19.5)"
med_081,med,hmax2,block,obj_1,18.4,36.3,45.4,15.0,7.0,4.0,2,29.7,15.7,11.9,70.2,0.0759,145,1,10,29,3,28,"long_axis_bearing_deg = bearing of the item's LONG side in world, counter-clockwise from +X, in [0,180). Place by this, not by yaw. yaw_deg is the MuJoCo local-frame rotation and its meaning differs between bricks (long side on local X) and blocks (long side on local Y).","every bar uses the wall_10/wall_11 ArUco mounting; wall_9 is excluded (tag rotated 90 deg, 19.0 cm not 19.5)"
med_082,med,hmax2,brick,wall_10,38.9,33.5,169.5,19.5,5.5,10.0,2,10.6,20.2,13.6,70.7,0.0756,119,0,9,27,7,26,"long_axis_bearing_deg = bearing of the item's LONG side in world, counter-clockwise from +X, in [0,180). Place by this, not by yaw. yaw_deg is the MuJoCo local-frame rotation and its meaning differs between bricks (long side on local X) and blocks (long side on local Y).","every bar uses the wall_10/wall_11 ArUco mounting; wall_9 is excluded (tag rotated 90 deg, 19.0 cm not 19.5)"
med_082,med,hmax2,brick,wall_11,13.8,45.0,70.2,19.5,5.5,10.0,2,10.6,20.2,13.6,70.7,0.0756,119,0,9,27,7,26,"long_axis_bearing_deg = bearing of the item's LONG side in world, counter-clockwise from +X, in [0,180). Place by this, not by yaw. yaw_deg is the MuJoCo local-frame rotation and its meaning differs between bricks (long side on local X) and blocks (long side on local Y).","every bar uses the wall_10/wall_11 ArUco mounting; wall_9 is excluded (tag rotated 90 deg, 19.0 cm not 19.5)"
med_082,med,hmax2,block,obj_4,20.2,31.1,9.3,12.0,7.5,5.0,2,10.6,20.2,13.6,70.7,0.0756,119,0,9,27,7,26,"long_axis_bearing_deg = bearing of the item's LONG side in world, counter-clockwise from +X, in [0,180). Place by this, not by yaw. yaw_deg is the MuJoCo local-frame rotation and its meaning differs between bricks (long side on local X) and blocks (long side on local Y).","every bar uses the wall_10/wall_11 ArUco mounting; wall_9 is excluded (tag rotated 90 deg, 19.0 cm not 19.5)"
med_083,med,hmax2,brick,wall_10,39.0,45.9,174.0,19.5,5.5,10.0,2,14.2,17.1,28.2,60.2,0.0763,118,0,9,25,2,33,"long_axis_bearing_deg = bearing of the item's LONG side in world, counter-clockwise from +X, in [0,180). Place by this, not by yaw. yaw_deg is the MuJoCo local-frame rotation and its meaning differs between bricks (long side on local X) and blocks (long side on local Y).","every bar uses the wall_10/wall_11 ArUco mounting; wall_9 is excluded (tag rotated 90 deg, 19.0 cm not 19.5)"
med_083,med,hmax2,brick,wall_11,14.0,57.2,70.3,19.5,5.5,10.0,2,14.2,17.1,28.2,60.2,0.0763,118,0,9,25,2,33,"long_axis_bearing_deg = bearing of the item's LONG side in world, counter-clockwise from +X, in [0,180). Place by this, not by yaw. yaw_deg is the MuJoCo local-frame rotation and its meaning differs between bricks (long side on local X) and blocks (long side on local Y).","every bar uses the wall_10/wall_11 ArUco mounting; wall_9 is excluded (tag rotated 90 deg, 19.0 cm not 19.5)"
med_083,med,hmax2,block,obj_1,22.3,44.4,120.6,15.0,7.0,4.0,2,14.2,17.1,28.2,60.2,0.0763,118,0,9,25,2,33,"long_axis_bearing_deg = bearing of the item's LONG side in world, counter-clockwise from +X, in [0,180). Place by this, not by yaw. yaw_deg is the MuJoCo local-frame rotation and its meaning differs between bricks (long side on local X) and blocks (long side on local Y).","every bar uses the wall_10/wall_11 ArUco mounting; wall_9 is excluded (tag rotated 90 deg, 19.0 cm not 19.5)"
med_084,med,hmax2,brick,wall_10,9.8,44.6,177.8,19.5,5.5,10.0,2,34.8,22.2,19.7,63.7,0.0779,77,5,1,19,12,29,"long_axis_bearing_deg = bearing of the item's LONG side in world, counter-clockwise from +X, in [0,180). Place by this, not by yaw. yaw_deg is the MuJoCo local-frame rotation and its meaning differs between bricks (long side on local X) and blocks (long side on local Y).","every bar uses the wall_10/wall_11 ArUco mounting; wall_9 is excluded (tag rotated 90 deg, 19.0 cm not 19.5)"
med_084,med,hmax2,brick,wall_11,35.5,51.8,101.7,19.5,5.5,10.0,2,34.8,22.2,19.7,63.7,0.0779,77,5,1,19,12,29,"long_axis_bearing_deg = bearing of the item's LONG side in world, counter-clockwise from +X, in [0,180). Place by this, not by yaw. yaw_deg is the MuJoCo local-frame rotation and its meaning differs between bricks (long side on local X) and blocks (long side on local Y).","every bar uses the wall_10/wall_11 ArUco mounting; wall_9 is excluded (tag rotated 90 deg, 19.0 cm not 19.5)"
med_084,med,hmax2,block,obj_4,24.0,42.2,78.6,12.0,7.5,5.0,2,34.8,22.2,19.7,63.7,0.0779,77,5,1,19,12,29,"long_axis_bearing_deg = bearing of the item's LONG side in world, counter-clockwise from +X, in [0,180). Place by this, not by yaw. yaw_deg is the MuJoCo local-frame rotation and its meaning differs between bricks (long side on local X) and blocks (long side on local Y).","every bar uses the wall_10/wall_11 ArUco mounting; wall_9 is excluded (tag rotated 90 deg, 19.0 cm not 19.5)"
med_085,med,hmax2,brick,wall_10,10.1,45.3,168.8,19.5,5.5,10.0,2,36.0,28.0,7.3,61.0,0.0763,131,8,2,27,9,24,"long_axis_bearing_deg = bearing of the item's LONG side in world, counter-clockwise from +X, in [0,180). Place by this, not by yaw. yaw_deg is the MuJoCo local-frame rotation and its meaning differs between bricks (long side on local X) and blocks (long side on local Y).","every bar uses the wall_10/wall_11 ArUco mounting; wall_9 is excluded (tag rotated 90 deg, 19.0 cm not 19.5)"
med_085,med,hmax2,brick,wall_11,35.3,57.3,108.2,19.5,5.5,10.0,2,36.0,28.0,7.3,61.0,0.0763,131,8,2,27,9,24,"long_axis_bearing_deg = bearing of the item's LONG side in world, counter-clockwise from +X, in [0,180). Place by this, not by yaw. yaw_deg is the MuJoCo local-frame rotation and its meaning differs between bricks (long side on local X) and blocks (long side on local Y).","every bar uses the wall_10/wall_11 ArUco mounting; wall_9 is excluded (tag rotated 90 deg, 19.0 cm not 19.5)"
med_085,med,hmax2,block,obj_1,28.8,41.4,138.9,15.0,7.0,4.0,2,36.0,28.0,7.3,61.0,0.0763,131,8,2,27,9,24,"long_axis_bearing_deg = bearing of the item's LONG side in world, counter-clockwise from +X, in [0,180). Place by this, not by yaw. yaw_deg is the MuJoCo local-frame rotation and its meaning differs between bricks (long side on local X) and blocks (long side on local Y).","every bar uses the wall_10/wall_11 ArUco mounting; wall_9 is excluded (tag rotated 90 deg, 19.0 cm not 19.5)"
med_086,med,hmax2,brick,wall_10,38.9,46.3,168.0,19.5,5.5,10.0,2,14.9,18.3,40.1,61.6,0.0781,128,3,7,26,12,22,"long_axis_bearing_deg = bearing of the item's LONG side in world, counter-clockwise from +X, in [0,180). Place by this, not by yaw. yaw_deg is the MuJoCo local-frame rotation and its meaning differs between bricks (long side on local X) and blocks (long side on local Y).","every bar uses the wall_10/wall_11 ArUco mounting; wall_9 is excluded (tag rotated 90 deg, 19.0 cm not 19.5)"
med_086,med,hmax2,brick,wall_11,12.8,52.6,72.1,19.5,5.5,10.0,2,14.9,18.3,40.1,61.6,0.0781,128,3,7,26,12,22,"long_axis_bearing_deg = bearing of the item's LONG side in world, counter-clockwise from +X, in [0,180). Place by this, not by yaw. yaw_deg is the MuJoCo local-frame rotation and its meaning differs between bricks (long side on local X) and blocks (long side on local Y).","every bar uses the wall_10/wall_11 ArUco mounting; wall_9 is excluded (tag rotated 90 deg, 19.0 cm not 19.5)"
med_086,med,hmax2,block,obj_4,21.5,41.5,83.2,12.0,7.5,5.0,2,14.9,18.3,40.1,61.6,0.0781,128,3,7,26,12,22,"long_axis_bearing_deg = bearing of the item's LONG side in world, counter-clockwise from +X, in [0,180). Place by this, not by yaw. yaw_deg is the MuJoCo local-frame rotation and its meaning differs between bricks (long side on local X) and blocks (long side on local Y).","every bar uses the wall_10/wall_11 ArUco mounting; wall_9 is excluded (tag rotated 90 deg, 19.0 cm not 19.5)"
med_087,med,hmax2,brick,wall_10,38.9,46.7,168.7,19.5,5.5,10.0,2,40.4,10.7,41.9,68.9,0.0764,157,9,3,32,2,26,"long_axis_bearing_deg = bearing of the item's LONG side in world, counter-clockwise from +X, in [0,180). Place by this, not by yaw. yaw_deg is the MuJoCo local-frame rotation and its meaning differs between bricks (long side on local X) and blocks (long side on local Y).","every bar uses the wall_10/wall_11 ArUco mounting; wall_9 is excluded (tag rotated 90 deg, 19.0 cm not 19.5)"
med_087,med,hmax2,brick,wall_11,15.1,59.0,75.1,19.5,5.5,10.0,2,40.4,10.7,41.9,68.9,0.0764,157,9,3,32,2,26,"long_axis_bearing_deg = bearing of the item's LONG side in world, counter-clockwise from +X, in [0,180). Place by this, not by yaw. yaw_deg is the MuJoCo local-frame rotation and its meaning differs between bricks (long side on local X) and blocks (long side on local Y).","every bar uses the wall_10/wall_11 ArUco mounting; wall_9 is excluded (tag rotated 90 deg, 19.0 cm not 19.5)"
med_087,med,hmax2,block,obj_1,19.4,43.0,45.1,15.0,7.0,4.0,2,40.4,10.7,41.9,68.9,0.0764,157,9,3,32,2,26,"long_axis_bearing_deg = bearing of the item's LONG side in world, counter-clockwise from +X, in [0,180). Place by this, not by yaw. yaw_deg is the MuJoCo local-frame rotation and its meaning differs between bricks (long side on local X) and blocks (long side on local Y).","every bar uses the wall_10/wall_11 ArUco mounting; wall_9 is excluded (tag rotated 90 deg, 19.0 cm not 19.5)"
med_088,med,hmax2,brick,wall_10,38.9,35.0,169.7,19.5,5.5,10.0,2,38.4,9.0,31.9,64.6,0.0789,152,2,10,32,11,17,"long_axis_bearing_deg = bearing of the item's LONG side in world, counter-clockwise from +X, in [0,180). Place by this, not by yaw. yaw_deg is the MuJoCo local-frame rotation and its meaning differs between bricks (long side on local X) and blocks (long side on local Y).","every bar uses the wall_10/wall_11 ArUco mounting; wall_9 is excluded (tag rotated 90 deg, 19.0 cm not 19.5)"
med_088,med,hmax2,brick,wall_11,13.3,46.0,78.2,19.5,5.5,10.0,2,38.4,9.0,31.9,64.6,0.0789,152,2,10,32,11,17,"long_axis_bearing_deg = bearing of the item's LONG side in world, counter-clockwise from +X, in [0,180). Place by this, not by yaw. yaw_deg is the MuJoCo local-frame rotation and its meaning differs between bricks (long side on local X) and blocks (long side on local Y).","every bar uses the wall_10/wall_11 ArUco mounting; wall_9 is excluded (tag rotated 90 deg, 19.0 cm not 19.5)"
med_088,med,hmax2,block,obj_4,18.6,30.7,76.7,12.0,7.5,5.0,2,38.4,9.0,31.9,64.6,0.0789,152,2,10,32,11,17,"long_axis_bearing_deg = bearing of the item's LONG side in world, counter-clockwise from +X, in [0,180). Place by this, not by yaw. yaw_deg is the MuJoCo local-frame rotation and its meaning differs between bricks (long side on local X) and blocks (long side on local Y).","every bar uses the wall_10/wall_11 ArUco mounting; wall_9 is excluded (tag rotated 90 deg, 19.0 cm not 19.5)"
med_089,med,hmax2,brick,wall_10,38.9,31.7,170.7,19.5,5.5,10.0,2,6.6,18.3,9.1,65.8,0.0769,156,4,8,31,3,26,"long_axis_bearing_deg = bearing of the item's LONG side in world, counter-clockwise from +X, in [0,180). Place by this, not by yaw. yaw_deg is the MuJoCo local-frame rotation and its meaning differs between bricks (long side on local X) and blocks (long side on local Y).","every bar uses the wall_10/wall_11 ArUco mounting; wall_9 is excluded (tag rotated 90 deg, 19.0 cm not 19.5)"
med_089,med,hmax2,brick,wall_11,14.3,43.7,71.0,19.5,5.5,10.0,2,6.6,18.3,9.1,65.8,0.0769,156,4,8,31,3,26,"long_axis_bearing_deg = bearing of the item's LONG side in world, counter-clockwise from +X, in [0,180). Place by this, not by yaw. yaw_deg is the MuJoCo local-frame rotation and its meaning differs between bricks (long side on local X) and blocks (long side on local Y).","every bar uses the wall_10/wall_11 ArUco mounting; wall_9 is excluded (tag rotated 90 deg, 19.0 cm not 19.5)"
med_089,med,hmax2,block,obj_1,19.6,27.5,98.4,15.0,7.0,4.0,2,6.6,18.3,9.1,65.8,0.0769,156,4,8,31,3,26,"long_axis_bearing_deg = bearing of the item's LONG side in world, counter-clockwise from +X, in [0,180). Place by this, not by yaw. yaw_deg is the MuJoCo local-frame rotation and its meaning differs between bricks (long side on local X) and blocks (long side on local Y).","every bar uses the wall_10/wall_11 ArUco mounting; wall_9 is excluded (tag rotated 90 deg, 19.0 cm not 19.5)"
med_090,med,hmax2,brick,wall_10,9.8,42.2,1.3,19.5,5.5,10.0,2,15.7,28.1,19.0,62.9,0.0794,126,0,10,26,0,34,"long_axis_bearing_deg = bearing of the item's LONG side in world, counter-clockwise from +X, in [0,180). Place by this, not by yaw. yaw_deg is the MuJoCo local-frame rotation and its meaning differs between bricks (long side on local X) and blocks (long side on local Y).","every bar uses the wall_10/wall_11 ArUco mounting; wall_9 is excluded (tag rotated 90 deg, 19.0 cm not 19.5)"
med_090,med,hmax2,brick,wall_11,35.1,50.2,107.6,19.5,5.5,10.0,2,15.7,28.1,19.0,62.9,0.0794,126,0,10,26,0,34,"long_axis_bearing_deg = bearing of the item's LONG side in world, counter-clockwise from +X, in [0,180). Place by this, not by yaw. yaw_deg is the MuJoCo local-frame rotation and its meaning differs between bricks (long side on local X) and blocks (long side on local Y).","every bar uses the wall_10/wall_11 ArUco mounting; wall_9 is excluded (tag rotated 90 deg, 19.0 cm not 19.5)"
med_090,med,hmax2,block,obj_4,28.5,37.5,68.3,12.0,7.5,5.0,2,15.7,28.1,19.0,62.9,0.0794,126,0,10,26,0,34,"long_axis_bearing_deg = bearing of the item's LONG side in world, counter-clockwise from +X, in [0,180). Place by this, not by yaw. yaw_deg is the MuJoCo local-frame rotation and its meaning differs between bricks (long side on local X) and blocks (long side on local Y).","every bar uses the wall_10/wall_11 ArUco mounting; wall_9 is excluded (tag rotated 90 deg, 19.0 cm not 19.5)"
med_091,med,hmax2,brick,wall_10,39.0,46.5,171.8,19.5,5.5,10.0,2,8.0,11.4,34.1,59.6,0.0769,156,10,2,32,6,22,"long_axis_bearing_deg = bearing of the item's LONG side in world, counter-clockwise from +X, in [0,180). Place by this, not by yaw. yaw_deg is the MuJoCo local-frame rotation and its meaning differs between bricks (long side on local X) and blocks (long side on local Y).","every bar uses the wall_10/wall_11 ArUco mounting; wall_9 is excluded (tag rotated 90 deg, 19.0 cm not 19.5)"
med_091,med,hmax2,brick,wall_11,14.1,59.1,79.9,19.5,5.5,10.0,2,8.0,11.4,34.1,59.6,0.0769,156,10,2,32,6,22,"long_axis_bearing_deg = bearing of the item's LONG side in world, counter-clockwise from +X, in [0,180). Place by this, not by yaw. yaw_deg is the MuJoCo local-frame rotation and its meaning differs between bricks (long side on local X) and blocks (long side on local Y).","every bar uses the wall_10/wall_11 ArUco mounting; wall_9 is excluded (tag rotated 90 deg, 19.0 cm not 19.5)"
med_091,med,hmax2,block,obj_1,18.8,42.5,50.6,15.0,7.0,4.0,2,8.0,11.4,34.1,59.6,0.0769,156,10,2,32,6,22,"long_axis_bearing_deg = bearing of the item's LONG side in world, counter-clockwise from +X, in [0,180). Place by this, not by yaw. yaw_deg is the MuJoCo local-frame rotation and its meaning differs between bricks (long side on local X) and blocks (long side on local Y).","every bar uses the wall_10/wall_11 ArUco mounting; wall_9 is excluded (tag rotated 90 deg, 19.0 cm not 19.5)"
med_092,med,hmax2,brick,wall_10,10.0,31.9,7.8,19.5,5.5,10.0,2,36.8,13.7,38.5,60.8,0.0795,88,2,5,23,5,32,"long_axis_bearing_deg = bearing of the item's LONG side in world, counter-clockwise from +X, in [0,180). Place by this, not by yaw. yaw_deg is the MuJoCo local-frame rotation and its meaning differs between bricks (long side on local X) and blocks (long side on local Y).","every bar uses the wall_10/wall_11 ArUco mounting; wall_9 is excluded (tag rotated 90 deg, 19.0 cm not 19.5)"
med_092,med,hmax2,brick,wall_11,35.6,38.3,104.5,19.5,5.5,10.0,2,36.8,13.7,38.5,60.8,0.0795,88,2,5,23,5,32,"long_axis_bearing_deg = bearing of the item's LONG side in world, counter-clockwise from +X, in [0,180). Place by this, not by yaw. yaw_deg is the MuJoCo local-frame rotation and its meaning differs between bricks (long side on local X) and blocks (long side on local Y).","every bar uses the wall_10/wall_11 ArUco mounting; wall_9 is excluded (tag rotated 90 deg, 19.0 cm not 19.5)"
med_092,med,hmax2,block,obj_4,27.0,30.0,118.6,12.0,7.5,5.0,2,36.8,13.7,38.5,60.8,0.0795,88,2,5,23,5,32,"long_axis_bearing_deg = bearing of the item's LONG side in world, counter-clockwise from +X, in [0,180). Place by this, not by yaw. yaw_deg is the MuJoCo local-frame rotation and its meaning differs between bricks (long side on local X) and blocks (long side on local Y).","every bar uses the wall_10/wall_11 ArUco mounting; wall_9 is excluded (tag rotated 90 deg, 19.0 cm not 19.5)"
med_093,med,hmax2,brick,wall_10,10.0,43.4,6.9,19.5,5.5,10.0,2,15.2,24.3,8.6,68.5,0.0788,165,6,7,33,13,14,"long_axis_bearing_deg = bearing of the item's LONG side in world, counter-clockwise from +X, in [0,180). Place by this, not by yaw. yaw_deg is the MuJoCo local-frame rotation and its meaning differs between bricks (long side on local X) and blocks (long side on local Y).","every bar uses the wall_10/wall_11 ArUco mounting; wall_9 is excluded (tag rotated 90 deg, 19.0 cm not 19.5)"
med_093,med,hmax2,brick,wall_11,34.9,55.5,109.1,19.5,5.5,10.0,2,15.2,24.3,8.6,68.5,0.0788,165,6,7,33,13,14,"long_axis_bearing_deg = bearing of the item's LONG side in world, counter-clockwise from +X, in [0,180). Place by this, not by yaw. yaw_deg is the MuJoCo local-frame rotation and its meaning differs between bricks (long side on local X) and blocks (long side on local Y).","every bar uses the wall_10/wall_11 ArUco mounting; wall_9 is excluded (tag rotated 90 deg, 19.0 cm not 19.5)"
med_093,med,hmax2,block,obj_1,29.7,38.6,104.7,15.0,7.0,4.0,2,15.2,24.3,8.6,68.5,0.0788,165,6,7,33,13,14,"long_axis_bearing_deg = bearing of the item's LONG side in world, counter-clockwise from +X, in [0,180). Place by this, not by yaw. yaw_deg is the MuJoCo local-frame rotation and its meaning differs between bricks (long side on local X) and blocks (long side on local Y).","every bar uses the wall_10/wall_11 ArUco mounting; wall_9 is excluded (tag rotated 90 deg, 19.0 cm not 19.5)"
med_094,med,hmax2,brick,wall_10,39.0,33.2,6.8,19.5,5.5,10.0,2,15.3,7.7,27.1,48.0,0.0795,88,0,7,21,7,32,"long_axis_bearing_deg = bearing of the item's LONG side in world, counter-clockwise from +X, in [0,180). Place by this, not by yaw. yaw_deg is the MuJoCo local-frame rotation and its meaning differs between bricks (long side on local X) and blocks (long side on local Y).","every bar uses the wall_10/wall_11 ArUco mounting; wall_9 is excluded (tag rotated 90 deg, 19.0 cm not 19.5)"
med_094,med,hmax2,brick,wall_11,14.7,44.6,71.1,19.5,5.5,10.0,2,15.3,7.7,27.1,48.0,0.0795,88,0,7,21,7,32,"long_axis_bearing_deg = bearing of the item's LONG side in world, counter-clockwise from +X, in [0,180). Place by this, not by yaw. yaw_deg is the MuJoCo local-frame rotation and its meaning differs between bricks (long side on local X) and blocks (long side on local Y).","every bar uses the wall_10/wall_11 ArUco mounting; wall_9 is excluded (tag rotated 90 deg, 19.0 cm not 19.5)"
med_094,med,hmax2,block,obj_4,22.1,32.3,13.1,12.0,7.5,5.0,2,15.3,7.7,27.1,48.0,0.0795,88,0,7,21,7,32,"long_axis_bearing_deg = bearing of the item's LONG side in world, counter-clockwise from +X, in [0,180). Place by this, not by yaw. yaw_deg is the MuJoCo local-frame rotation and its meaning differs between bricks (long side on local X) and blocks (long side on local Y).","every bar uses the wall_10/wall_11 ArUco mounting; wall_9 is excluded (tag rotated 90 deg, 19.0 cm not 19.5)"
med_095,med,hmax2,brick,wall_10,39.0,47.9,173.1,19.5,5.5,10.0,2,37.6,23.7,23.8,68.7,0.0795,151,5,7,33,7,20,"long_axis_bearing_deg = bearing of the item's LONG side in world, counter-clockwise from +X, in [0,180). Place by this, not by yaw. yaw_deg is the MuJoCo local-frame rotation and its meaning differs between bricks (long side on local X) and blocks (long side on local Y).","every bar uses the wall_10/wall_11 ArUco mounting; wall_9 is excluded (tag rotated 90 deg, 19.0 cm not 19.5)"
med_095,med,hmax2,brick,wall_11,13.5,60.7,84.3,19.5,5.5,10.0,2,37.6,23.7,23.8,68.7,0.0795,151,5,7,33,7,20,"long_axis_bearing_deg = bearing of the item's LONG side in world, counter-clockwise from +X, in [0,180). Place by this, not by yaw. yaw_deg is the MuJoCo local-frame rotation and its meaning differs between bricks (long side on local X) and blocks (long side on local Y).","every bar uses the wall_10/wall_11 ArUco mounting; wall_9 is excluded (tag rotated 90 deg, 19.0 cm not 19.5)"
med_095,med,hmax2,block,obj_1,20.0,43.7,59.6,15.0,7.0,4.0,2,37.6,23.7,23.8,68.7,0.0795,151,5,7,33,7,20,"long_axis_bearing_deg = bearing of the item's LONG side in world, counter-clockwise from +X, in [0,180). Place by this, not by yaw. yaw_deg is the MuJoCo local-frame rotation and its meaning differs between bricks (long side on local X) and blocks (long side on local Y).","every bar uses the wall_10/wall_11 ArUco mounting; wall_9 is excluded (tag rotated 90 deg, 19.0 cm not 19.5)"
med_096,med,hmax2,brick,wall_10,39.0,39.3,173.7,19.5,5.5,10.0,2,35.1,6.6,41.3,70.6,0.0796,113,0,9,23,0,37,"long_axis_bearing_deg = bearing of the item's LONG side in world, counter-clockwise from +X, in [0,180). Place by this, not by yaw. yaw_deg is the MuJoCo local-frame rotation and its meaning differs between bricks (long side on local X) and blocks (long side on local Y).","every bar uses the wall_10/wall_11 ArUco mounting; wall_9 is excluded (tag rotated 90 deg, 19.0 cm not 19.5)"
med_096,med,hmax2,brick,wall_11,15.1,48.0,70.5,19.5,5.5,10.0,2,35.1,6.6,41.3,70.6,0.0796,113,0,9,23,0,37,"long_axis_bearing_deg = bearing of the item's LONG side in world, counter-clockwise from +X, in [0,180). Place by this, not by yaw. yaw_deg is the MuJoCo local-frame rotation and its meaning differs between bricks (long side on local X) and blocks (long side on local Y).","every bar uses the wall_10/wall_11 ArUco mounting; wall_9 is excluded (tag rotated 90 deg, 19.0 cm not 19.5)"
med_096,med,hmax2,block,obj_4,22.0,36.5,112.0,12.0,7.5,5.0,2,35.1,6.6,41.3,70.6,0.0796,113,0,9,23,0,37,"long_axis_bearing_deg = bearing of the item's LONG side in world, counter-clockwise from +X, in [0,180). Place by this, not by yaw. yaw_deg is the MuJoCo local-frame rotation and its meaning differs between bricks (long side on local X) and blocks (long side on local Y).","every bar uses the wall_10/wall_11 ArUco mounting; wall_9 is excluded (tag rotated 90 deg, 19.0 cm not 19.5)"
med_097,med,hmax2,brick,wall_10,38.9,43.5,169.4,19.5,5.5,10.0,2,19.8,22.5,25.8,66.5,0.0803,137,0,11,28,6,26,"long_axis_bearing_deg = bearing of the item's LONG side in world, counter-clockwise from +X, in [0,180). Place by this, not by yaw. yaw_deg is the MuJoCo local-frame rotation and its meaning differs between bricks (long side on local X) and blocks (long side on local Y).","every bar uses the wall_10/wall_11 ArUco mounting; wall_9 is excluded (tag rotated 90 deg, 19.0 cm not 19.5)"
med_097,med,hmax2,brick,wall_11,13.5,53.4,72.2,19.5,5.5,10.0,2,19.8,22.5,25.8,66.5,0.0803,137,0,11,28,6,26,"long_axis_bearing_deg = bearing of the item's LONG side in world, counter-clockwise from +X, in [0,180). Place by this, not by yaw. yaw_deg is the MuJoCo local-frame rotation and its meaning differs between bricks (long side on local X) and blocks (long side on local Y).","every bar uses the wall_10/wall_11 ArUco mounting; wall_9 is excluded (tag rotated 90 deg, 19.0 cm not 19.5)"
med_097,med,hmax2,block,obj_1,23.9,39.1,158.0,15.0,7.0,4.0,2,19.8,22.5,25.8,66.5,0.0803,137,0,11,28,6,26,"long_axis_bearing_deg = bearing of the item's LONG side in world, counter-clockwise from +X, in [0,180). Place by this, not by yaw. yaw_deg is the MuJoCo local-frame rotation and its meaning differs between bricks (long side on local X) and blocks (long side on local Y).","every bar uses the wall_10/wall_11 ArUco mounting; wall_9 is excluded (tag rotated 90 deg, 19.0 cm not 19.5)"
med_098,med,hmax2,brick,wall_10,39.0,33.8,172.2,19.5,5.5,10.0,2,42.5,14.5,18.5,60.1,0.0806,124,0,10,30,6,24,"long_axis_bearing_deg = bearing of the item's LONG side in world, counter-clockwise from +X, in [0,180). Place by this, not by yaw. yaw_deg is the MuJoCo local-frame rotation and its meaning differs between bricks (long side on local X) and blocks (long side on local Y).","every bar uses the wall_10/wall_11 ArUco mounting; wall_9 is excluded (tag rotated 90 deg, 19.0 cm not 19.5)"
med_098,med,hmax2,brick,wall_11,14.1,43.5,70.1,19.5,5.5,10.0,2,42.5,14.5,18.5,60.1,0.0806,124,0,10,30,6,24,"long_axis_bearing_deg = bearing of the item's LONG side in world, counter-clockwise from +X, in [0,180). Place by this, not by yaw. yaw_deg is the MuJoCo local-frame rotation and its meaning differs between bricks (long side on local X) and blocks (long side on local Y).","every bar uses the wall_10/wall_11 ArUco mounting; wall_9 is excluded (tag rotated 90 deg, 19.0 cm not 19.5)"
med_098,med,hmax2,block,obj_4,22.7,29.2,37.3,12.0,7.5,5.0,2,42.5,14.5,18.5,60.1,0.0806,124,0,10,30,6,24,"long_axis_bearing_deg = bearing of the item's LONG side in world, counter-clockwise from +X, in [0,180). Place by this, not by yaw. yaw_deg is the MuJoCo local-frame rotation and its meaning differs between bricks (long side on local X) and blocks (long side on local Y).","every bar uses the wall_10/wall_11 ArUco mounting; wall_9 is excluded (tag rotated 90 deg, 19.0 cm not 19.5)"
med_099,med,hmax2,brick,wall_10,10.1,39.3,170.1,19.5,5.5,10.0,2,39.9,22.4,29.9,67.0,0.0811,111,0,9,27,3,30,"long_axis_bearing_deg = bearing of the item's LONG side in world, counter-clockwise from +X, in [0,180). Place by this, not by yaw. yaw_deg is the MuJoCo local-frame rotation and its meaning differs between bricks (long side on local X) and blocks (long side on local Y).","every bar uses the wall_10/wall_11 ArUco mounting; wall_9 is excluded (tag rotated 90 deg, 19.0 cm not 19.5)"
med_099,med,hmax2,brick,wall_11,34.7,48.5,109.1,19.5,5.5,10.0,2,39.9,22.4,29.9,67.0,0.0811,111,0,9,27,3,30,"long_axis_bearing_deg = bearing of the item's LONG side in world, counter-clockwise from +X, in [0,180). Place by this, not by yaw. yaw_deg is the MuJoCo local-frame rotation and its meaning differs between bricks (long side on local X) and blocks (long side on local Y).","every bar uses the wall_10/wall_11 ArUco mounting; wall_9 is excluded (tag rotated 90 deg, 19.0 cm not 19.5)"
med_099,med,hmax2,block,obj_1,29.8,36.4,156.1,15.0,7.0,4.0,2,39.9,22.4,29.9,67.0,0.0811,111,0,9,27,3,30,"long_axis_bearing_deg = bearing of the item's LONG side in world, counter-clockwise from +X, in [0,180). Place by this, not by yaw. yaw_deg is the MuJoCo local-frame rotation and its meaning differs between bricks (long side on local X) and blocks (long side on local Y).","every bar uses the wall_10/wall_11 ArUco mounting; wall_9 is excluded (tag rotated 90 deg, 19.0 cm not 19.5)"
